Date,Open,High,Low,Close,Volume
2016-01-04,6952.482113676046,6955.451564893348,6831.6630859375,6831.6630859375,0
2016-01-05,6822.165479757422,6861.98531749751,6783.975593939736,6833.37255859375,0
2016-01-06,6845.230263895116,6868.794029657023,6812.1484375,6812.1484375,0
2016-01-07,6821.615884256046,6821.615884256046,6617.17822265625,6617.17822265625,0
2016-01-08,6586.386396365789,6649.290142614095,6553.764902133371,6573.73974609375,133300
2016-01-11,6521.602662752687,6521.602662752687,6286.64306640625,6286.64306640625,0
2016-01-12,6321.244650055493,6432.096028153873,6321.244650055493,6328.92236328125,0
2016-01-13,6370.301918947892,6505.237437255712,6370.301918947892,6492.46044921875,0
2016-01-14,6394.225969713614,6432.0463230902615,6344.368672334162,6407.1123046875,0
2016-01-15,6460.408389320465,6508.726041507551,6447.841796875,6447.841796875,106300
2016-01-18,6326.073676833196,6346.738285559839,6274.486842844595,6333.46142578125,0
2016-01-19,6346.397826689024,6374.610786648957,6310.037547726907,6355.41552734375,0
2016-01-20,6346.987857234522,6372.861086207996,6252.271981017304,6258.00048828125,0
2016-01-21,6210.813255479093,6212.282604248205,6082.7158203125,6082.7158203125,0
2016-01-22,6114.747699161113,6206.4541015625,6114.577820962449,6206.4541015625,283200
2016-01-25,6297.980855643065,6432.42626953125,6285.6339324418095,6432.42626953125,0
2016-01-26,6315.61622583953,6361.034234473834,6257.270877301381,6309.9775390625,0
2016-01-27,6342.429151627147,6505.54736328125,6342.429151627147,6505.54736328125,0
2016-01-28,6493.899758753383,6562.9723270809645,6445.952128723971,6561.6923828125,0
2016-01-29,6588.375663946579,6685.90087890625,6587.596079255737,6685.90087890625,240000
2016-02-01,6703.796293868577,6735.138332646813,6649.260511791994,6699.63720703125,0
2016-02-02,6617.978509549902,6651.409854828007,6617.978509549902,6640.74267578125,0
2016-02-03,6602.59248418214,6602.59248418214,6519.523997696725,6519.8037109375,0
2016-02-04,6551.944938062461,6651.11962890625,6551.944938062461,6651.11962890625,0
2016-02-05,6662.466871286671,6767.339804750614,6662.466871286671,6763.390625,212000
2016-02-09,6721.471600100655,6721.471600100655,6635.7236328125,6635.7236328125,0
2016-02-10,6608.090615373198,6635.7734375,6548.436035056428,6635.7734375,0
2016-02-11,6631.574644942087,6672.984407634437,6609.19075195154,6661.71728515625,142787800
2016-02-12,6622.2573488797525,6675.763611710913,6605.761590013322,6652.73974609375,143400
2016-02-15,6682.821403080542,6710.01460505706,6678.902489041346,6690.859375,0
2016-02-16,6716.322577024944,6775.687681274513,6716.322577024944,6742.21630859375,0
2016-02-17,6774.887974301433,6777.55720988255,6726.200785355963,6755.0830078125,0
2016-02-18,6779.726800164212,6847.109375,6777.187414107808,6847.109375,0
2016-02-19,6843.20026775109,6843.20026775109,6787.354764849064,6790.31396484375,178800
2016-02-22,6790.793954949868,6797.571997300764,6772.088803577766,6781.33642578125,0
2016-02-23,6793.983119760244,6827.364673454352,6793.983119760244,6817.5869140625,0
2016-02-24,6810.658828816725,6810.658828816725,6712.084079172704,6767.51953125,99700
2016-02-26,6729.669436900442,6771.288617767632,6726.920143852939,6769.55908203125,116000
2016-02-29,6775.307710286484,6816.287407796644,6669.3251953125,6669.3251953125,0
2016-03-01,6669.0351302274685,6729.59963484952,6659.967637615719,6727.7998046875,0
2016-03-02,6779.686617560675,6880.6806640625,6779.686617560675,6880.6806640625,0
2016-03-03,6884.509581074007,6986.883648401789,6882.170338810018,6961.64990234375,0
2016-03-04,6972.107229429404,6985.42411788206,6897.29638671875,6897.29638671875,126300
2016-03-07,6947.413695000781,6954.121930941596,6870.063468122179,6890.91796875,0
2016-03-08,6895.476862170235,6913.73193359375,6838.291371824233,6913.73193359375,0
2016-03-09,6912.552646982376,6949.253171079708,6887.858801221587,6946.39404296875,0
2016-03-10,6936.326124129752,7050.436916223722,6934.756703501746,7046.26806640625,0
2016-03-11,7000.260177493135,7118.029701714551,7000.260177493135,7096.8154296875,168200
2016-03-14,7159.248839074712,7202.757670286702,7111.0615234375,7111.0615234375,133500
2016-03-15,7138.814456053793,7206.077435641299,7138.394642116315,7146.42236328125,140700
2016-03-16,7144.922440459039,7154.440012535492,7063.57373046875,7063.57373046875,127300
2016-03-17,7112.481370769306,7209.04638671875,7108.442370172966,7209.04638671875,119000
2016-03-18,7227.871360308609,7316.608795714338,7225.282182356063,7304.86181640625,182500
2016-03-21,7344.870904402907,7410.424358692682,7344.870904402907,7374.513671875,161100
2016-03-22,7370.765075939373,7381.40198954469,7293.794631256856,7340.142578125,156600
2016-03-23,7305.601405048561,7358.15771484375,7260.822880416026,7358.15771484375,105400
2016-03-28,7353.698684404144,7357.337885225335,7301.852154555998,7332.63427734375,78400
2016-03-29,7322.047325252594,7337.193332829333,7262.82232047481,7272.52978515625,107700
2016-03-30,7297.563422586351,7360.707341806823,7291.75485762559,7297.353515625,192800
2016-03-31,7327.745384283813,7356.068178549819,7227.14137411006,7260.4326171875,140300
2016-04-01,7272.010188159516,7283.757167912752,7203.767968180148,7243.267578125,82000
2016-04-04,7243.837718827347,7300.743009677992,7234.0399449823135,7252.6650390625,74300
2016-04-05,7267.631119291784,7267.96111255859,7214.084830195281,7217.3740234375,91400
2016-04-06,7221.223442932021,7221.223442932021,7169.286601003376,7178.7041015625,123500
2016-04-07,7202.50784312592,7237.35923316027,7198.109071862235,7231.11083984375,91000
2016-04-08,7215.524268472155,7245.3369140625,7187.241502880503,7245.3369140625,104300
2016-04-11,7250.145388272075,7289.5556640625,7250.145388272075,7289.5556640625,72800
2016-04-12,7293.244640273271,7304.681640625,7274.649324451069,7304.681640625,100800
2016-04-13,7322.137177673481,7341.402243313389,7316.488727793351,7339.11279296875,180400
2016-04-14,7338.642490121039,7373.063813693836,7336.523406184326,7355.38818359375,176900
2016-04-15,7358.9375905755505,7361.146983326648,7301.412345198866,7319.41748046875,75900
2016-04-18,7311.699729856848,7311.699729856848,7233.929690898766,7241.53759765625,78000
2016-04-19,7242.827350830874,7262.6225531968,7181.432982969223,7213.23486328125,107800
2016-04-20,7210.556244247418,7227.841838996541,7187.681754432419,7199.51904296875,105100
2016-04-21,7210.806050242811,7255.984375,7192.230748363151,7255.984375,118100
2016-04-22,7251.43510770044,7270.55030943899,7233.169785072847,7253.52490234375,107900
2016-04-25,7258.173721956577,7265.57172202923,7225.392112132824,7248.26611328125,87500
2016-04-26,7243.767212919948,7247.996105966708,7200.148546257105,7210.06591796875,100500
2016-04-27,7190.2211548103705,7199.149035154676,7135.945070608827,7178.68408203125,125200
2016-04-28,7198.129052182717,7218.803911626641,7156.789584565104,7160.71875,108100
2016-04-29,7160.649079717217,7160.649079717217,7120.928823886915,7157.44970703125,103100
2016-05-02,7104.523131566507,7122.428195152472,6978.385646619838,7052.06640625,125800
2016-05-03,7062.643838325824,7096.655112032614,7044.75830078125,7044.75830078125,118600
2016-05-04,7047.827619877655,7080.0390625,6980.524615949126,7080.0390625,81400
2016-05-05,7005.828540847849,7009.477504968209,6985.063860341121,6997.95068359375,105100
2016-05-06,6974.566487139405,7001.229553117843,6959.860307614204,6990.07275390625,133000
2016-05-10,6964.559460078963,7173.03564453125,6939.635692374961,7173.03564453125,228000
2016-05-11,7225.691873388948,7421.611711658951,7225.691873388948,7394.61865234375,290800
2016-05-12,7397.887519719625,7397.887519719625,7308.220638001215,7323.15673828125,156600
2016-05-13,7367.035998012562,7516.017712063728,7350.139951619823,7434.87841796875,270000
2016-05-16,7380.532267055481,7525.174759643398,7380.532267055481,7509.80908203125,178900
2016-05-17,7523.675095003483,7566.873947039084,7511.468273139829,7522.9052734375,212100
2016-05-18,7529.64376562746,7540.890873337214,7485.755149617875,7532.36279296875,193200
2016-05-19,7537.312051530283,7537.312051530283,7425.4208984375,7425.4208984375,122500
2016-05-20,7389.010070419453,7393.698806116118,7293.40428437805,7297.1533203125,110700
2016-05-23,7318.767895521268,7349.179996983972,7304.8115234375,7304.8115234375,94300
2016-05-24,7307.150931143034,7362.066986612253,7302.682353565275,7354.8291015625,121300
2016-05-25,7394.098524352405,7464.800557372693,7394.098524352405,7462.03125,0
2016-05-26,7436.977580812499,7452.593193875932,7352.279147732466,7374.4833984375,113100
2016-05-27,7391.969422068378,7429.019953868802,7372.06438399549,7409.77490234375,152600
2016-05-30,7407.105044664055,7463.310806318373,7407.105044664055,7462.4208984375,116400
2016-05-31,7476.967434664791,7517.236864537806,7399.697265625,7399.697265625,206400
2016-06-01,7445.355555227612,7505.540274919556,7432.638610360268,7498.86181640625,126200
2016-06-02,7504.849993944378,7551.658270201117,7462.6708984375,7462.6708984375,138900
2016-06-03,7509.77896561012,7531.543388838237,7495.602435051239,7512.28857421875,129100
2016-06-06,7547.929420595971,7604.89475434204,7533.572760366554,7596.26708984375,0
2016-06-07,7643.384436470543,7742.548875602163,7632.417042128829,7708.5576171875,264400
2016-06-08,7722.274036229629,7790.336612533552,7720.8046875,7720.8046875,190000
2016-06-09,7723.563742850937,7723.563742850937,7534.71240234375,7534.71240234375,105800
2016-06-10,7565.794710946206,7614.981769659761,7508.00927734375,7508.00927734375,150800
2016-06-13,7508.379497567155,7552.4580078125,7405.316153553255,7552.4580078125,161000
2016-06-14,7514.747665653474,7514.747665653474,7412.463910589977,7458.2021484375,105900
2016-06-15,7453.193118015774,7519.666257425807,7449.644226000449,7499.72119140625,117700
2016-06-16,7514.147695003533,7574.871824917182,7511.488222679327,7562.525390625,116700
2016-06-17,7605.994352513677,7654.361797883373,7605.994352513677,7620.1103515625,123500
2016-06-20,7630.137937728436,7676.106097063553,7622.119980088506,7663.359375,147600
2016-06-21,7699.920113539997,7779.169756553877,7698.710463625381,7765.2333984375,208500
2016-06-22,7765.44295476103,7775.600498863849,7754.3759765625,7754.3759765625,162000
2016-06-23,7759.384453828585,7761.053946371358,7709.577438146812,7727.79248046875,139400
2016-06-24,7769.7520616239935,7811.571386196916,7536.242282840993,7627.7587890625,216600
2016-06-27,7569.383841854855,7713.91650390625,7486.584818599205,7713.91650390625,152900
2016-06-28,7709.897563728145,7709.897563728145,7649.373086328511,7664.71923828125,93900
2016-06-29,7713.416390953537,7796.52490234375,7712.196977964094,7796.52490234375,139900
2016-06-30,7817.129857196016,7978.698171023854,7766.442696764929,7794.24560546875,298700
2016-07-01,7809.19193516007,7876.494451446995,7809.19193516007,7828.3369140625,137400
2016-07-04,7854.650227968359,7877.634552303006,7830.116497350512,7844.52294921875,118700
2016-07-05,7870.935970117672,7908.846143489676,7795.935236830933,7806.12255859375,194100
2016-07-07,7814.250457761608,7816.659994438301,7746.878133025542,7751.466796875,134100
2016-07-08,7750.626929450831,7772.391351940655,7750.026986078845,7769.52197265625,177800
2016-07-11,7828.486965883504,7888.531584473808,7825.497500226187,7863.248046875,194400
2016-07-12,7879.514012498354,7935.90966796875,7878.284348208053,7935.90966796875,232000
2016-07-13,7949.006005509795,8003.672125876848,7941.97802734375,7941.97802734375,305500
2016-07-14,7951.345433548279,7962.02237545294,7903.847393850702,7954.0947265625,141700
2016-07-15,7966.581222809523,8035.343813483831,7966.581222809523,8027.99560546875,180000
2016-07-18,8022.416929086622,8022.416929086622,7967.301219875552,7984.19677734375,83500
2016-07-19,7999.063168738914,8033.94384765625,7997.013402864731,8033.94384765625,140400
2016-07-20,8032.694365491741,8049.900390625,8021.217336045036,8049.900390625,110000
2016-07-21,8048.190136706215,8100.216796875,8021.247358133754,8100.216796875,165100
2016-07-22,8101.36713070009,8116.353023545053,8023.287109375,8023.287109375,136200
2016-07-25,8063.466484268233,8112.253743104064,8036.043360460221,8047.060546875,148100
2016-07-26,8059.887352558408,8090.879382925705,8022.47705078125,8022.47705078125,167100
2016-07-27,8044.001292773806,8098.3974609375,8042.851686053785,8098.3974609375,172200
2016-07-28,8105.145848111559,8105.145848111559,7975.23931047417,8022.9169921875,0
2016-07-29,8019.158402887222,8061.936954842227,7961.06298828125,7961.06298828125,127700
2016-08-01,8004.661727889736,8076.902915897329,8004.661727889736,8067.7353515625,95500
2016-08-02,8073.05387434929,8073.05387434929,8008.570456441196,8035.71337890625,135900
2016-08-03,8025.206499318127,8025.206499318127,7846.712356429364,7886.412109375,141200
2016-08-04,7907.076451725133,7976.5185546875,7905.406959182699,7976.5185546875,107000
2016-08-05,7984.266890976091,7985.116770109445,7953.6248673806,7968.30126953125,77700
2016-08-08,7988.095608471997,7991.52490234375,7954.994257845712,7991.52490234375,125500
2016-08-09,8010.699839434267,8061.946915316634,8004.88151138022,8052.9892578125,187500
2016-08-10,8051.349578357072,8056.957999475341,8017.578477183517,8049.330078125,159400
2016-08-11,8056.808194494452,8056.808194494452,7968.921125377506,7979.29833984375,209400
2016-08-12,8018.777727579028,8028.875228552747,7930.840380689605,7953.814453125,180900
2016-08-15,7947.596456978959,7958.12353515625,7892.530538745199,7958.12353515625,155700
2016-08-16,7967.181371817066,7981.32763671875,7942.34791351697,7981.32763671875,165900
2016-08-17,7997.753304089245,8000.222395684015,7928.351230105129,7944.14697265625,188100
2016-08-18,7946.256530547394,7991.904948913973,7934.259615394504,7950.765625,124700
2016-08-19,7957.454035684627,7962.812521229963,7914.6349668958255,7928.71142578125,167000
2016-08-22,7936.569056826202,7979.158203125,7932.940107160487,7979.158203125,107700
2016-08-23,7961.052880718769,7964.28203079852,7910.915871309709,7933.14013671875,117300
2016-08-24,7936.65956860531,7936.65956860531,7828.397365276671,7864.10791015625,162700
2016-08-25,7868.407048185181,7868.407048185181,7837.584895063066,7852.52099609375,141100
2016-08-26,7847.591714273397,7847.591714273397,7802.273290594132,7843.47314453125,195700
2016-08-30,7861.128458292467,7861.128458292467,7717.155714431985,7792.92626953125,236300
2016-08-31,7768.792348292918,7800.804136216167,7705.398493330587,7785.3681640625,223600
2016-09-01,7773.780615027855,7778.389781258802,7644.333924147588,7771.3115234375,224900
2016-09-02,7767.922239081837,7827.687142731126,7767.922239081837,7805.41259765625,122600
2016-09-05,7778.139906234441,7805.922800633436,7745.0683328123805,7762.0537109375,94000
2016-09-06,7767.692581825779,7769.752110838838,7695.431377684015,7717.19580078125,127900
2016-09-07,7721.15489704538,7721.15489704538,7595.366926762622,7617.1416015625,295200
2016-09-08,7586.828721994001,7665.648784301807,7534.132312703271,7665.0986328125,197000
2016-09-09,7676.775853604565,7676.925717409598,7579.8408203125,7579.8408203125,113700
2016-09-13,7568.044247008832,7569.063516171977,7525.824634277943,7548.3291015625,138400
2016-09-14,7524.364930352527,7544.06982421875,7491.713658588416,7544.06982421875,169800
2016-09-15,7535.202718785513,7706.4384765625,7508.689516211424,7706.4384765625,114100
2016-09-16,7681.694630488435,7681.694630488435,7547.379071092338,7551.81787109375,176200
2016-09-19,7568.693719660941,7574.891832743026,7517.876709985811,7573.89208984375,86300
2016-09-20,7588.238732412704,7669.748046875,7588.238732412704,7669.748046875,109000
2016-09-21,7684.2838344607535,7684.2838344607535,7630.28795329742,7673.44677734375,123100
2016-09-22,7712.066616634555,7768.372449869615,7710.30730342382,7760.3544921875,133600
2016-09-23,7766.313214334879,7779.929830470979,7691.01275107848,7721.61474609375,115900
2016-09-26,7713.336611134464,7713.336611134464,7613.49265358848,7630.498046875,91100
2016-09-27,7625.039220395218,7625.039220395218,7536.06210087048,7555.39697265625,122100
2016-09-28,7557.356719298782,7601.855532036373,7552.997976701572,7585.009765625,83800
2016-09-29,7609.083331463303,7712.87646484375,7603.464659140887,7712.87646484375,186600
2016-09-30,7707.788017321141,7707.788017321141,7627.7685546875,7627.7685546875,102200
2016-10-03,7641.375051246084,7675.75634765625,7641.375051246084,7675.75634765625,78200
2016-10-04,7668.248441356114,7717.255859375,7664.429110938857,7717.255859375,97300
2016-10-05,7704.679099581075,7704.679099581075,7605.124619286245,7637.826171875,80000
2016-10-06,7633.787007801058,7640.745179477644,7607.05364778306,7618.201171875,86000
2016-10-07,7619.610455576222,7626.888857386248,7548.948938553768,7576.341796875,147500
2016-10-10,7582.510159564801,7584.40957348456,7522.035964082508,7532.77294921875,51000
2016-10-11,7527.244432594897,7564.064553595303,7508.31912373912,7518.88623046875,103700
2016-10-12,7492.723078720671,7493.563194708259,7391.608944444624,7427.90966796875,135600
2016-10-13,7379.68235334465,7391.958981500321,7310.30029296875,7310.30029296875,198900
2016-10-14,7319.827920794464,7401.90691468119,7319.827920794464,7387.400390625,148000
2016-10-17,7376.862881250123,7424.65088602523,7356.318359375,7356.318359375,111600
2016-10-18,7360.047433217725,7569.20361328125,7355.258625513837,7569.20361328125,142900
2016-10-19,7577.011756145082,7719.5849609375,7574.402563740598,7719.5849609375,178400
2016-10-20,7703.479071364226,7718.04515002943,7655.021805209859,7711.3369140625,107200
2016-10-21,7712.196935425179,7712.196935425179,7643.434344724,7648.25341796875,69900
2016-10-24,7591.407908762368,7612.622668722509,7569.493621638167,7607.35400390625,91300
2016-10-25,7597.576090564171,7622.809836154892,7578.271484375,7578.271484375,87200
2016-10-26,7540.420777951213,7544.929872304307,7476.627124454909,7492.4833984375,114400
2016-10-27,7494.122653879616,7495.192691214209,7422.721093270046,7443.22607421875,117800
2016-10-28,7441.006312421185,7445.695048021608,7315.8387948190175,7402.89599609375,103000
2016-11-02,7369.785256507078,7372.674162149125,7235.479457184572,7250.53564453125,149500
2016-11-03,7228.511441140992,7250.685427016704,7127.267454600652,7159.0693359375,183100
2016-11-04,7172.555609021638,7225.51220703125,7158.769114907468,7225.51220703125,130800
2016-11-07,7200.048593952788,7230.321083593642,7163.058105111148,7195.33984375,0
2016-11-08,7305.92138671875,7305.92138671875,7305.92138671875,7305.92138671875,0
2016-11-09,7323.527026950256,7327.3561204843345,7036.380647262561,7117.2099609375,0
2016-11-10,7230.640793535969,7252.405216805756,7170.806081111442,7180.02392578125,0
2016-11-11,7144.252918912965,7151.661170359029,6969.788011571276,6973.296875,177800
2016-11-14,6937.526018470367,6943.474195880375,6864.174764142692,6869.71337890625,0
2016-11-15,6881.340494714977,6946.82365731976,6855.38720703125,6855.38720703125,0
2016-11-16,6899.1256957467085,6999.559828643235,6899.1256957467085,6964.48876953125,0
2016-11-17,6997.5804275086575,7113.930390470986,6991.862171418181,7048.3076171875,0
2016-11-18,7069.422437466163,7080.779380478312,7035.770934200074,7065.9130859375,67200
2016-11-21,7071.301994034461,7082.899109922301,6945.824002141975,6977.26611328125,0
2016-11-22,6971.957006270676,6971.957006270676,6800.98095703125,6800.98095703125,0
2016-11-23,6820.316245226093,6834.8828125,6720.582122350848,6834.8828125,0
2016-11-24,6845.309480593528,6871.54296875,6806.419579198631,6871.54296875,0
2016-11-25,6882.520454090613,6903.155285327527,6843.960544123139,6888.0087890625,66500
2016-11-28,6900.315736906545,6905.31445171113,6784.515431638597,6823.6455078125,0
2016-11-29,6821.846034345256,6823.785477073389,6767.369807139427,6779.45703125,234400
2016-12-01,6900.3659078404535,6941.41541174533,6863.10546875,6863.10546875,0
2016-12-02,6878.900974675408,6900.575576713597,6832.892786402684,6884.9697265625,152200
2016-12-05,6900.735158428119,6900.735158428119,6774.66796875,6774.66796875,0
2016-12-06,6806.759644795439,6833.733178242123,6750.194598680364,6804.390625,0
2016-12-07,6808.489639120634,6865.044921875,6788.194564410757,6865.044921875,0
2016-12-08,6928.318643353479,7020.57470703125,6902.135434344042,7020.57470703125,0
2016-12-09,7042.599288044299,7044.018844907705,7017.185900730361,7041.349609375,126500
2016-12-12,7046.928379515102,7046.928379515102,6843.080400796543,6867.12451171875,0
2016-12-13,6872.392848667961,6879.14111328125,6797.472173895544,6879.14111328125,0
2016-12-14,6886.838827709137,6926.55859375,6886.838827709137,6926.55859375,0
2016-12-15,6889.888605163247,6889.888605163247,6835.602270477529,6853.5478515625,0
2016-12-16,6853.4778392305225,6879.440889306359,6823.565121231481,6848.94873046875,185700
2016-12-19,6841.490731471743,6846.609532375163,6681.631936330838,6712.40380859375,0
2016-12-20,6706.265637752876,6708.435001749912,6587.995759301518,6656.9482421875,0
2016-12-21,6685.370906106206,6730.469661909828,6679.302642155014,6684.64111328125,0
2016-12-22,6662.836553317675,6674.883748525655,6562.462460709806,6585.4765625,0
2016-12-23,6543.846948931406,6561.982421875,6497.329126444422,6561.982421875,111900
2016-12-27,6577.5188388298575,6656.48876953125,6574.159839168876,6656.48876953125,0
2016-12-28,6687.220181536697,6844.6796875,6675.343353101407,6844.6796875,0
2016-12-29,6844.789496197113,6853.607540916782,6795.912417720497,6838.88134765625,0
2017-01-03,6838.301848944917,6859.54638671875,6745.065567208044,6859.54638671875,56100
2017-01-04,6872.912734724337,7039.249842218072,6872.912734724337,7029.142578125,204000
2017-01-05,7050.046860808363,7278.048286153833,7047.527489163164,7207.58642578125,223900
2017-01-06,7182.61306527018,7287.635865001123,7179.843757822664,7246.3369140625,205900
2017-01-09,7253.315010051637,7274.46923828125,7208.946048288217,7274.46923828125,110300
2017-01-10,7276.698805728007,7369.944849404743,7274.849671810882,7362.44677734375,256700
2017-01-11,7360.3475187072945,7400.636962951599,7314.898756651929,7319.9375,162000
2017-01-12,7333.774198388652,7345.930740173676,7258.843272358949,7262.68212890625,127400
2017-01-13,7254.854696191554,7268.980946569682,7225.30223673888,7236.6591796875,109400
2017-01-16,7241.68765385092,7277.608592806484,7223.57268308647,7236.58935546875,105000
2017-01-17,7242.167704563461,7242.167704563461,7121.4990234375,7121.4990234375,223300
2017-01-18,7134.315254415513,7163.3077987439465,7128.057098126947,7154.52001953125,91900
2017-01-19,7182.143403212236,7244.21728515625,7170.346143815092,7244.21728515625,128200
2017-01-20,7250.575481411624,7253.304760055967,7202.417943078302,7230.80078125,128600
2017-01-23,7240.757989777104,7372.4541015625,7235.469310820005,7372.4541015625,132800
2017-01-24,7371.994284112057,7382.681477097473,7338.65276088103,7368.7548828125,180700
2017-01-25,7381.781855120993,7396.387962252918,7321.47705078125,7321.47705078125,153100
2017-01-26,7318.757968065077,7359.887039318715,7318.757968065077,7330.7548828125,148200
2017-01-27,7336.333791201517,7364.14646382593,7331.78466796875,7331.78466796875,150000
2017-01-30,7349.000260599599,7375.03360490173,7334.82373046875,7334.82373046875,79500
2017-01-31,7326.016251185279,7342.042404009298,7227.8017578125,7227.8017578125,112000
2017-02-01,7295.844240864237,7298.333346936343,7207.876625524399,7225.59228515625,89800
2017-02-02,7226.991920068633,7280.168188988156,7206.287282631376,7224.052734375,120500
2017-02-03,7221.482797505512,7225.242084689228,7184.592381746438,7224.84228515625,140200
2017-02-06,7242.447934013016,7292.52490234375,7241.787947453872,7292.52490234375,165300
2017-02-07,7281.9774571841635,7281.9774571841635,7239.758333826626,7260.77294921875,118800
2017-02-08,7276.019201303753,7284.566808083332,7219.5835177065455,7232.9599609375,137100
2017-02-09,7236.589590095064,7250.7958984375,7225.992217137676,7250.7958984375,109500
2017-02-10,7255.854565138206,7263.652364829249,7194.900023131105,7233.35009765625,138500
2017-02-13,7239.937909520987,7292.79443359375,7235.369260221988,7292.79443359375,86100
2017-02-14,7277.978791096448,7280.58798350478,7204.9873046875,7204.9873046875,110800
2017-02-15,7215.384957750442,7232.540214624391,7172.45556640625,7172.45556640625,185000
2017-02-16,7174.794988033443,7291.285049707429,7174.794988033443,7281.37744140625,132900
2017-02-17,7287.756051848772,7290.745517571062,7235.0498771205375,7242.927734375,182500
2017-02-20,7250.675821300395,7279.318359375,7250.675821300395,7279.318359375,99700
2017-02-21,7283.057527088525,7283.057527088525,7256.4442528118625,7280.80810546875,99400
2017-02-22,7273.639276345831,7302.572265625,7261.332870748937,7302.572265625,178000
2017-02-23,7310.540128290154,7338.013044518673,7288.335876836319,7333.67431640625,173800
2017-02-24,7327.065998396224,7329.835305784245,7257.1240234375,7257.1240234375,148800
2017-02-27,7264.911589607336,7294.124292309956,7230.61083984375,7230.61083984375,94500
2017-02-28,7237.779050489361,7243.737479306338,7150.611522904272,7210.23583984375,161300
2017-03-01,7166.047597338586,7184.632662483093,7148.77176587546,7168.85693359375,205700
2017-03-02,7181.603568338517,7242.187599562316,7181.603568338517,7233.080078125,122300
2017-03-03,7230.61070017798,7245.2568359375,7195.309720027674,7245.2568359375,100900
2017-03-06,7227.061391187097,7314.688759039518,7214.264877285782,7311.98974609375,150300
2017-03-07,7308.770756282023,7324.1867145852675,7283.377382786884,7292.64501953125,143100
2017-03-08,7312.539327468014,7339.69250063002,7292.6845703125,7292.6845703125,96700
2017-03-09,7296.223928147569,7324.946522815546,7293.57470703125,7293.57470703125,112000
2017-03-10,7296.304213949566,7296.86412858297,7144.43310546875,7144.43310546875,171500
2017-03-13,7211.885833484365,7236.7393061622515,7200.318495307963,7231.23046875,134100
2017-03-14,7251.265399473671,7279.698030133007,7242.137863581006,7259.88330078125,148100
2017-03-15,7266.481608579557,7274.109529963053,7213.10519696842,7251.92529296875,191300
2017-03-16,7277.9884456860655,7318.618135134077,7266.311760657693,7276.72900390625,117400
2017-03-17,7305.131353323585,7415.85288283168,7272.810074444404,7343.1318359375,438500
2017-03-20,7372.554456719339,7378.672512461979,7295.443913411705,7314.68896484375,151400
2017-03-21,7318.037980974282,7359.547325768132,7316.308445281026,7321.42724609375,191800
2017-03-22,7298.583020906029,7298.583020906029,7228.311053333386,7253.06494140625,211500
2017-03-23,7298.013476575255,7314.00936328564,7279.978075256839,7299.15283203125,171100
2017-03-24,7306.771217412556,7315.369104417853,7267.75146484375,7267.75146484375,202700
2017-03-27,7266.771515769782,7274.129486978451,7220.293233097473,7244.107421875,186200
2017-03-28,7274.389190820269,7329.5751953125,7272.729949517579,7329.5751953125,156400
2017-03-29,7318.208036450856,7352.569317963005,7308.1408009255665,7322.1171875,229800
2017-03-30,7325.116183276927,7358.107698774148,7325.116183276927,7330.70458984375,0
2017-03-31,7334.723581205522,7338.752818437923,7299.8126374313,7309.84033203125,153400
2017-04-03,7321.857631111536,7344.111674754861,7315.859173440895,7339.7626953125,152500
2017-04-04,7361.98705466198,7454.343191942843,7352.679389146509,7444.576171875,166200
2017-04-05,7476.577468304767,7582.9099891766755,7474.647788722503,7582.26025390625,245400
2017-04-06,7578.291574551715,7601.945160306316,7527.534606519393,7563.375,311100
2017-04-07,7557.70639120897,7665.358883483268,7551.578084328644,7581.80029296875,283500
2017-04-10,7596.286795241015,7622.240082106356,7578.411021029642,7615.95166015625,168400
2017-04-11,7613.992353287639,7643.134762028835,7586.8689566329695,7599.44580078125,151300
2017-04-12,7598.825778786217,7629.837823699405,7592.767766266381,7627.6787109375,158100
2017-04-17,7613.482340372391,7619.540841186544,7582.390237209406,7586.5791015625,93900
2017-04-18,7592.967222805748,7605.874059777815,7571.762715075313,7587.02880859375,105100
2017-04-19,7584.489544461167,7589.858281045876,7501.001248351909,7521.0458984375,103900
2017-04-20,7500.361425564716,7561.505859375,7492.033488852674,7561.505859375,185000
2017-04-21,7583.090028150446,7607.69356456965,7573.39232662659,7576.2119140625,131300
2017-04-24,7583.410084490903,7597.09650696623,7563.075468995945,7586.92919921875,110800
2017-04-25,7597.946260280965,7717.68549154513,7594.437396881764,7698.48046875,171400
2017-04-26,7706.8682941923935,7731.791572728616,7681.494936080599,7724.4638671875,114000
2017-04-27,7719.175456501466,7719.175456501466,7659.04052734375,7659.04052734375,120400
2017-05-02,7685.313635082084,7718.345179543186,7683.564085007473,7701.11962890625,140600
2017-05-03,7711.876641286495,7729.99209981859,7680.28466796875,7680.28466796875,125500
2017-05-04,7694.241864913783,7765.913378080378,7687.223649911868,7753.75634765625,148500
2017-05-05,7751.06680855297,7906.93688154256,7740.519227980582,7839.97412109375,199200
2017-05-08,7847.872166637638,7960.283203125,7847.872166637638,7960.283203125,234800
2017-05-09,7978.308135396684,8016.328631358755,7911.105690835214,7921.462890625,182000
2017-05-10,7913.025071099312,7941.677858730613,7792.166015625,7792.166015625,209900
2017-05-11,7796.805302880797,7861.948709114511,7771.171757194549,7814.390625,204800
2017-05-12,7795.835114274336,7813.5205078125,7722.384275882067,7813.5205078125,169400
2017-05-15,7816.010382223895,7858.289550549302,7770.93212890625,7770.93212890625,147200
2017-05-16,7803.523138099287,7838.664492255292,7787.127451845499,7789.06689453125,200000
2017-05-17,7803.563006010124,7840.193722520588,7801.083663146324,7824.517578125,159900
2017-05-18,7795.515640448992,7795.515640448992,7716.975775985908,7755.69580078125,141300
2017-05-19,7753.356181989751,7765.623046875,7736.760352251051,7765.623046875,117400
2017-05-22,7793.286102820863,7819.269167727146,7793.286102820863,7804.56298828125,186900
2017-05-23,7821.018684925799,7846.1225812612065,7810.1318359375,7810.1318359375,236600
2017-05-24,7786.107507204289,7835.8046875,7759.61432046668,7835.8046875,122600
2017-05-25,7843.793263323713,7871.835857702399,7826.9274826639,7869.62646484375,131000
2017-05-26,7868.006671387657,7883.39285183199,7856.749800260834,7865.4677734375,175600
2017-05-29,7864.457662590504,7923.862308767781,7864.377605052021,7884.00244140625,167800
2017-05-30,7889.72103898432,7895.739510774582,7848.451866819462,7858.7490234375,148800
2017-05-31,7853.96048382253,7856.18012792699,7814.600487309957,7835.10546875,455100
2017-06-01,7833.255642575719,7933.98950377759,7833.255642575719,7925.4521484375,203800
2017-06-02,7919.36365561,8000.262776499234,7905.62744140625,7905.62744140625,216000
2017-06-05,7952.575010065858,8038.272698363717,7952.575010065858,7999.32275390625,139700
2017-06-06,8017.138775136175,8018.0384461505155,7951.07568359375,7951.07568359375,142600
2017-06-07,7961.972736224407,8016.188775978108,7961.972736224407,8000.2626953125,185000
2017-06-08,8004.981695987608,8044.56136250853,7945.666869647893,7956.583984375,173100
2017-06-09,7959.41316079731,8024.266600620909,7954.664381967888,7988.18603515625,149000
2017-06-13,7993.924259482708,7996.7033299720015,7898.078789957199,7915.8544921875,202300
2017-06-14,7931.71044157464,7963.9619140625,7899.808488586405,7963.9619140625,151500
2017-06-15,7973.380000262974,8026.156469042328,7962.44287109375,7962.44287109375,144900
2017-06-16,7959.893079810614,7959.893079810614,7880.19384765625,7880.19384765625,414700
2017-06-19,7898.689283740136,7949.036201693627,7898.689283740136,7941.7080078125,97000
2017-06-20,7942.797262792665,7948.525770110386,7915.82421875,7915.82421875,100200
2017-06-21,7919.843410591437,7919.843410591437,7849.951714253021,7884.3427734375,107800
2017-06-22,7884.562562436631,7884.562562436631,7829.806621770814,7856.31982421875,162500
2017-06-23,7870.566036675188,7870.566036675188,7797.885018561353,7812.1611328125,91600
2017-06-27,7849.911556597623,7888.6013144865265,7835.215140495533,7874.34521484375,89500
2017-06-28,7887.771398904946,7892.3005076446,7852.760382746644,7855.16015625,108800
2017-06-29,7875.325192156539,7875.664948548294,7772.491769429572,7786.05810546875,156800
2017-06-30,7772.911586883282,7841.14404296875,7732.531832598327,7841.14404296875,209200
2017-07-03,7838.214278628909,7864.49755859375,7795.825277184926,7864.49755859375,94000
2017-07-04,7852.960905525269,7856.879819808136,7828.317339289352,7831.9462890625,81400
2017-07-05,7846.012415260304,7846.822265625,7819.359600274158,7846.822265625,101500
2017-07-06,7848.48188772461,7890.680997832187,7847.062330866076,7886.2822265625,167500
2017-07-07,7885.6620427674015,7892.580185553687,7878.103927839369,7887.3017578125,139700
2017-07-10,7887.442199628977,7898.248991304576,7835.45556640625,7835.45556640625,109400
2017-07-11,7844.822729080729,7861.638717738295,7842.613336237482,7856.1201171875,129900
2017-07-12,7870.606253741802,7950.915683330828,7870.606253741802,7936.32958984375,231200
2017-07-13,7961.682542431815,7992.214729791937,7909.795983312211,7934.8095703125,175400
2017-07-14,7950.82555642382,7956.03417796038,7873.495344289702,7883.87255859375,123400
2017-07-17,7913.395526868408,7952.964942840662,7912.405547031601,7932.46044921875,89300
2017-07-18,7939.3286526678685,7965.76179723661,7939.3286526678685,7950.87548828125,134100
2017-07-19,7972.399992050099,8003.251921368401,7965.651727451497,7970.85009765625,184100
2017-07-20,7986.086364880531,7999.53261395673,7902.3076171875,7902.3076171875,163000
2017-07-21,7915.224198858045,7987.67578125,7847.241681995425,7987.67578125,133100
2017-07-24,7982.987405947186,7982.987405947186,7947.366682146663,7960.59326171875,90400
2017-07-25,7983.3670836398815,7996.943670689411,7956.904161737286,7969.6708984375,134100
2017-07-26,8005.641452963907,8060.917277215401,7996.083852216605,8035.443359375,218500
2017-07-27,8070.134807056148,8104.656203664217,8043.71142578125,8043.71142578125,172300
2017-07-28,8073.64392684555,8077.622884051302,8044.690923431203,8069.39501953125,115600
2017-07-31,8066.586111731575,8067.965639845981,7951.425779834454,8015.98876953125,175300
2017-08-01,8013.619417443302,8015.119031806969,7904.5673828125,7904.5673828125,162200
2017-08-02,7934.849695854503,8035.843744839051,7870.6259765625,7870.6259765625,154400
2017-08-03,7895.809496611374,7944.267250913512,7860.088701472416,7874.63525390625,114100
2017-08-04,7916.874181684371,7958.753060172838,7915.99403693656,7930.7802734375,250700
2017-08-07,7953.324916074711,7990.21533203125,7953.054965961254,7990.21533203125,108700
2017-08-08,8028.005402865968,8036.983074704303,7984.45654296875,7984.45654296875,157000
2017-08-09,8005.191759696435,8009.530487902232,7938.929011566021,7983.77734375,148900
2017-08-10,7964.2021484375,7964.2021484375,7964.2021484375,7964.2021484375,0
2017-08-11,7951.845506031886,7951.845506031886,7871.286141859135,7926.39208984375,108800
2017-08-14,7952.845120377757,7971.290084420516,7949.525661452501,7960.0732421875,105400
2017-08-15,8001.022623448308,8007.35107421875,7962.282585408946,8007.35107421875,139300
2017-08-16,8013.629524787615,8080.412646878403,7993.954407755086,8044.521484375,152700
2017-08-17,8082.331963557228,8102.926277560414,8047.540616412992,8070.6748046875,117300
2017-08-18,8076.922955735329,8076.922955735329,8013.619410521126,8014.6689453125,78100
2017-08-21,8076.922955735329,8076.922955735329,8013.619410521126,8014.6689453125,80514400
2017-08-22,8016.079021758948,8024.2468435025075,7967.69156092421,8013.86962890625,111500
2017-08-23,8025.906551174701,8026.835999689968,7996.69384765625,7996.69384765625,87800
2017-08-24,8021.3370482208065,8021.3370482208065,7976.8084606133425,8002.8720703125,75900
2017-08-25,8016.138861752044,8029.435247301448,8007.661061332171,8013.07958984375,88900
2017-08-29,8033.974048058187,8033.974048058187,7929.74059849159,7946.3466796875,113000
2017-08-30,7976.74872111482,7982.327364787664,7910.396153628696,7954.6845703125,102900
2017-08-31,7973.459512460404,7974.249348428665,7941.168011038617,7956.52392578125,195900
2017-09-05,8036.213295187085,8047.28076171875,7993.074485868553,8047.28076171875,152700
2017-09-06,8023.177379995636,8025.156851518703,7970.5707885888,7981.91796875,155800
2017-09-07,8001.772501068056,8023.677024785335,7992.774814734556,8020.91748046875,153000
2017-09-08,8042.531980402015,8046.440643267753,8016.848643402502,8020.6875,148000
2017-09-11,8034.864022493719,8053.558922159431,8010.48991916425,8047.24072265625,96300
2017-09-13,8095.1885532589395,8101.597061728391,8044.971484797564,8051.8095703125,168400
2017-09-14,8071.164908015782,8167.5400295710815,8069.684819838605,8142.81640625,196500
2017-09-15,8139.297253232405,8178.7470703125,8102.86667933592,8178.7470703125,221100
2017-09-18,8183.136388764926,8292.0078125,8153.843626826539,8292.0078125,152700
2017-09-19,8297.675686636145,8297.715715404589,8160.6015625,8160.6015625,198000
2017-09-20,8199.58168128199,8247.878830651485,8199.58168128199,8217.20703125,123800
2017-09-21,8237.102088308742,8319.67070487725,8235.712797037671,8284.73046875,191100
2017-09-22,8295.807237768528,8312.30299603325,8273.322785067503,8279.140625,97700
2017-09-25,8245.290326865717,8250.0791347459,8193.343721181554,8242.611328125,136100
2017-09-26,8228.443942113474,8228.443942113474,8117.502739818461,8168.0400390625,380500
2017-09-27,8157.083020537135,8219.806640625,8111.21444208171,8219.806640625,445500
2017-09-28,8221.576359060378,8221.576359060378,8149.764258194857,8153.943359375,176700
2017-09-29,8149.484594946148,8238.401184880679,8149.484594946148,8169.32958984375,171600
2017-10-02,8208.649395220333,8255.707609473973,8195.782585974508,8254.158203125,110100
2017-10-03,8259.166593539774,8319.080876977456,8259.166593539774,8310.79296875,112300
2017-10-04,8326.598663116509,8375.635855614291,8326.598663116509,8341.904296875,96200
2017-10-05,8351.083411125193,8353.4822084586,8291.8779296875,8291.8779296875,86100
2017-10-06,8330.417277736933,8404.178582341307,8294.886375982265,8308.7431640625,109600
2017-10-09,8331.557487630793,8365.228515625,8324.639344961837,8365.228515625,59200
2017-10-10,8352.731799825213,8407.757687807962,8338.025620895027,8395.880859375,79300
2017-10-11,8416.166254288952,8424.963797099457,8350.963291621145,8356.3212890625,156600
2017-10-12,8364.938870165623,8404.199282493728,8359.290908428919,8400.6494140625,111400
2017-10-13,8420.054464079783,8445.7685546875,8397.680334895447,8445.7685546875,132200
2017-10-17,8482.759149905489,8584.523021129091,8482.759149905489,8495.5556640625,174100
2017-10-18,8535.464950830961,8546.382064972784,8330.157401575927,8429.5625,129200
2017-10-19,8439.190537542496,8485.1884765625,8372.937064268384,8485.1884765625,85500
2017-10-20,8463.463119648846,8472.000963054355,8413.736649874942,8418.78515625,78200
2017-10-23,8427.722191304087,8454.806046140859,8340.055284515827,8346.173828125,94600
2017-10-24,8348.883083523731,8371.297240860878,8277.791015625,8277.791015625,88000
2017-10-25,8297.545865400616,8325.618724223968,8241.990816168332,8301.21484375,106100
2017-10-26,8299.036376043561,8311.343758892743,8223.835982266146,8265.794921875,78200
2017-10-27,8258.475885185537,8293.8173828125,8207.769198198283,8293.8173828125,72000
2017-10-30,8330.18815247219,8363.109375,8303.515323306718,8363.109375,66000
2017-11-02,8340.835503653092,8541.60320930475,8319.510909452363,8513.830078125,153100
2017-11-03,8541.8230501705,8602.938194134797,8373.9765625,8373.9765625,163200
2017-11-06,8520.87890625,8520.87890625,8520.87890625,8520.87890625,0
2017-11-07,8517.470279043793,8541.214174389066,8460.044613734846,8519.619140625,0
2017-11-08,8522.84828417159,8530.256535299019,8484.337679832975,8506.302734375,0
2017-11-09,8513.211097291054,8561.308103461737,8504.582456893673,8517.6298828125,0
2017-11-10,8545.872886493149,8546.012499031656,8431.3125,8431.3125,101100
2017-11-13,8458.444938942754,8484.42849137345,8327.8779296875,8327.8779296875,0
2017-11-14,8347.463774830981,8377.4853515625,8278.300896221634,8377.4853515625,0
2017-11-15,8333.727114509711,8346.373276634762,8258.486696820439,8271.3134765625,0
2017-11-16,8208.919718668787,8330.798539257725,8204.3310546875,8204.3310546875,0
2017-11-17,8272.762233985974,8324.668807623497,8260.776058525193,8308.943359375,101500
2017-11-20,8330.567553860843,8369.79769925444,8319.8408203125,8319.8408203125,0
2017-11-21,8337.665698536437,8338.48580016294,8287.0595703125,8287.0595703125,0
2017-11-22,8304.584175695989,8344.77403605501,8263.5546875,8263.5546875,0
2017-11-23,8289.729024409167,8341.0859375,8276.38187008594,8341.0859375,0
2017-11-24,8327.948455728494,8362.9599609375,8259.026724635538,8362.9599609375,123000
2017-11-27,8356.201054086958,8359.541015625,8259.156670304461,8359.541015625,0
2017-11-28,8339.624868722276,8339.624868722276,8252.127838676417,8289.748046875,0
2017-11-29,8269.943604182785,8302.244867864742,8211.538701780426,8251.908203125,206300
2017-11-30,8269.943604182785,8302.244867864742,8211.538701780426,8251.908203125,0
2017-12-01,8234.032954783854,8234.032954783854,8120.231653132337,8141.92626953125,153000
2017-12-04,8106.125728439557,8124.881159982912,8049.790115694941,8082.3720703125,0
2017-12-05,8091.54931640625,8147.125358263745,8083.36148032446,8091.54931640625,0
2017-12-06,8155.503061222402,8195.282383488318,8117.282908357475,8127.5302734375,0
2017-12-07,8125.970545185123,8172.82861328125,8107.485064169766,8172.82861328125,0
2017-12-08,8174.108224383875,8302.5654296875,8165.50057431198,8302.5654296875,115600
2017-12-11,8294.098054714905,8356.421875,8275.132227707287,8356.421875,0
2017-12-12,8344.123814103135,8360.130440137435,8309.542862951266,8331.9169921875,0
2017-12-13,8339.664733167814,8361.000066351447,8319.450205479758,8357.4609375,0
2017-12-14,8364.449084384874,8458.884765625,8341.874810173596,8458.884765625,0
2017-12-15,8423.493816249402,8423.493816249402,8334.896484375,8334.896484375,220000
2017-12-18,8420.6552734375,8420.6552734375,8420.6552734375,8420.6552734375,0
2017-12-19,8419.925025471228,8420.604538264006,8346.733882459512,8363.8095703125,0
2017-12-20,8374.167374611614,8375.41705332825,8341.845606179597,8360.4609375,0
2017-12-21,8369.757497315377,8376.1259765625,8320.869680387517,8376.1259765625,0
2017-12-22,8375.765936845255,8430.1416015625,8362.269407730411,8430.1416015625,45600
2017-12-27,8424.883603019462,8488.7275390625,8410.727086685542,8488.7275390625,0
2017-12-28,8472.811349795962,8569.256274394833,8466.013293309836,8532.8955078125,0
2017-12-29,8560.659014706038,8637.818860881564,8532.905409239498,8556.2197265625,165400
2018-01-03,8582.252709058057,8721.88671875,8578.293766312878,8721.88671875,0
2018-01-04,8707.76059920537,8758.007442699593,8688.105497716511,8737.5830078125,0
2018-01-05,8741.162110037461,8855.792785647141,8737.493131747839,8767.7451171875,153500
2018-01-08,8816.633377571045,8818.262841400967,8711.620340416854,8742.8720703125,0
2018-01-09,8756.70836902735,8921.42578125,8753.149713743547,8921.42578125,0
2018-01-10,8911.95858384759,8924.485636366791,8875.69837571392,8917.9970703125,0
2018-01-11,8906.349501590026,8906.709760516835,8743.381640937681,8810.984375,0
2018-01-12,8834.018844234635,8866.280081235336,8801.357319521483,8812.3544921875,122000
2018-01-15,8842.075703118368,8895.271983630688,8807.265319326512,8855.4423828125,0
2018-01-16,8888.454352870665,8966.873638575364,8862.8505859375,8862.8505859375,0
2018-01-17,8877.38762235768,8899.981423062087,8819.142830964396,8846.7158203125,0
2018-01-18,8787.790116257147,8820.132385717905,8770.19503127445,8818.47265625,0
2018-01-19,8822.451178970396,8913.6279296875,8800.517365763162,8913.6279296875,120800
2018-01-22,8890.85364269836,8972.81303814585,8880.716600685073,8948.3193359375,0
2018-01-23,8950.50797345103,8996.7060546875,8913.778160602124,8996.7060546875,0
2018-01-24,8990.058604750755,8990.058604750755,8895.922652617066,8917.9375,0
2018-01-25,8905.160297751127,8996.8564453125,8904.950390789683,8996.8564453125,0
2018-01-26,8993.297852580601,9038.8759765625,8943.020741564069,9038.8759765625,113200
2018-01-29,9059.4200936996,9076.035937615849,9006.09396439085,9056.291015625,0
2018-01-30,9022.969504207824,9022.969504207824,8836.417872337763,8908.189453125,0
2018-01-31,8829.55971413522,8829.55971413522,8719.607517633849,8761.7568359375,0
2018-02-01,8746.131306133964,8815.833112789775,8736.4736328125,8736.4736328125,0
2018-02-02,8744.612124836262,8808.4853515625,8744.612124836262,8808.4853515625,142600
2018-02-05,8678.358396423893,8678.358396423893,8553.350500368475,8613.78515625,0
2018-02-06,8472.901205187718,8548.2216796875,8377.675693174304,8548.2216796875,0
2018-02-07,8645.776513334733,9698.065460130929,8600.967724582093,8665.3310546875,0
2018-02-08,8677.138644944016,8677.138644944016,8599.318813873326,8642.857421875,0
2018-02-09,8543.682511352152,8543.82212388235,8419.574782497459,8501.50390625,110800
2018-02-12,8531.606369083589,8552.31100695672,8458.384959586298,8485.728515625,0
2018-02-13,8511.870861812953,8567.9365234375,8474.280918166027,8567.9365234375,0
2018-02-14,8561.369229343081,8595.900390625,8496.385936207154,8595.900390625,0
2018-02-15,8601.498337956908,8610.2265625,8503.673881271354,8610.2265625,174300
2018-02-19,8591.66077099376,8755.578580454605,8536.005160962937,8707.98046875,0
2018-02-20,8724.916822308136,8725.836507715383,8635.549175346761,8720.4580078125,0
2018-02-21,8675.279485399065,8675.279485399065,8611.286171465668,8611.4365234375,0
2018-02-22,8596.289224678507,8603.717001918605,8470.711169012426,8513.380859375,0
2018-02-23,8518.540042280361,8524.038628393884,8463.613736143874,8465.3828125,111100
2018-02-26,8447.97765624668,8497.794921875,8371.52661555583,8497.794921875,0
2018-02-27,8505.492478396875,8590.1708984375,8505.263045208705,8590.1708984375,0
2018-02-28,8536.335305570776,8573.235973465715,8473.111328125,8473.111328125,0
2018-03-01,8469.041567370576,8501.493182052805,8427.58250369595,8463.5927734375,0
2018-03-02,8412.776842790969,8456.3955078125,8335.546704736416,8456.3955078125,83800
2018-03-05,8432.501201566627,8447.64769672682,8348.383187095362,8384.013671875,0
2018-03-06,8385.862969852491,8409.597100608773,8342.694383858261,8358.0703125,0
2018-03-07,8371.467946565323,8402.5302734375,8330.968592676976,8402.5302734375,0
2018-03-08,8385.924179899464,8387.583909457317,8348.384026235386,8379.6953125,0
2018-03-09,8399.170325459248,8407.58808280214,8365.478793547185,8370.357421875,97800
2018-03-12,8440.080040089488,8482.469532299036,8423.76392249296,8451.3271484375,132000
2018-03-13,8451.916908775476,8460.074967639568,8395.801452895708,8417.40625,93100
2018-03-14,8427.862889166972,8427.862889166972,8282.629730806773,8346.59375,98200
2018-03-15,8319.960183273768,8323.869334309851,8187.904296875,8187.904296875,107600
2018-03-16,8198.03125756246,8255.966552925905,8154.092850724284,8236.0322265625,280800
2018-03-19,8234.422594483123,8238.01151535833,8166.899918571768,8233.4228515625,148100
2018-03-20,8178.147208743503,8178.147208743503,8013.429795784324,8057.5283203125,130700
2018-03-21,8095.508177341535,8095.508177341535,7907.03662109375,7907.03662109375,152900
2018-03-22,7932.790440812755,8122.36181640625,7926.711925563593,8122.36181640625,126600
2018-03-23,7978.608304717951,7978.608304717951,7921.612708318038,7968.75048828125,102000
2018-03-26,7946.006714146667,7947.566371718653,7832.096061637974,7930.3408203125,85100
2018-03-27,7945.166776415959,8044.9609375,7945.166776415959,8044.9609375,94700
2018-03-28,8014.289440405887,8054.149308708913,7965.231741763067,7977.77880859375,118100
2018-04-02,7991.574768409371,8037.38330078125,7942.817287358267,8037.38330078125,60000
2018-04-03,7974.279353781323,8069.604936809352,7974.279353781323,8046.65087890625,117400
2018-04-04,8082.851589356407,8082.851589356407,7989.545505827427,7995.61376953125,83500
2018-04-05,8033.574171011362,8041.592128592968,7986.316304617595,8020.09765625,57700
2018-04-06,8016.708745725648,8045.631484828532,7899.758835675296,7943.61767578125,74400
2018-04-10,7944.40713012934,7982.587252743838,7888.281427271734,7932.64013671875,115900
2018-04-11,7956.284384433656,7988.9258940997215,7928.621575129266,7941.88818359375,89900
2018-04-12,7960.61295846031,8041.001953125,7949.045620684549,8041.001953125,83000
2018-04-13,8029.16547974354,8029.16547974354,7897.94921875,7897.94921875,123200
2018-04-16,7926.951694788917,7926.951694788917,7843.453148214628,7868.2265625,80900
2018-04-17,7859.699304565209,7859.699304565209,7689.812810526565,7721.40478515625,124500
2018-04-18,7741.14956985823,7826.837496917376,7741.14956985823,7791.12646484375,121500
2018-04-19,7687.373172059989,7754.405738297759,7535.48205740218,7680.26513671875,294800
2018-04-20,7696.10111259467,7781.548867231568,7689.952791222361,7724.73388671875,115500
2018-04-23,7734.1011964909985,7744.868447469885,7661.559790260982,7717.48583984375,93800
2018-04-24,7702.199381346501,7702.289201997093,7598.40576171875,7598.40576171875,101100
2018-04-25,7593.537702773784,7634.606732509515,7524.36505949589,7555.96728515625,108800
2018-04-26,7542.080878682065,7615.4619140625,7527.194569375264,7615.4619140625,79300
2018-04-27,7629.478106715439,7719.03515625,7602.58511960158,7719.03515625,125500
2018-04-30,7724.973433911901,7820.828666929478,7724.283669882945,7817.23974609375,131400
2018-05-02,7789.626830039992,7854.480270579597,7734.0810546875,7734.0810546875,98800
2018-05-03,7790.406999079644,7790.406999079644,7533.1630859375,7533.1630859375,140500
2018-05-04,7539.061392801119,7556.367001400942,7497.331888822465,7544.25,91700
2018-05-07,7576.851579761776,7579.771239190205,7515.157482138674,7531.34326171875,58800
2018-05-08,7542.160460751817,7613.262292497427,7541.410653581664,7575.62158203125,105500
2018-05-09,7585.729460648358,7588.848287529855,7533.992765045195,7553.32763671875,104800
2018-05-10,7545.51972335044,7628.32850821496,7529.723980343967,7569.0537109375,95400
2018-05-11,7623.140069668751,7758.26499491562,7623.140069668751,7750.1171875,115100
2018-05-15,7769.901884057682,7904.417586521005,7763.463598246699,7883.94287109375,158700
2018-05-16,7867.457051834884,7867.537109375,7749.337521106683,7867.537109375,155200
2018-05-17,7853.880284170402,7853.880284170402,7692.14208984375,7692.14208984375,130800
2018-05-18,7740.399946806914,7740.399946806914,7637.186250447866,7670.3076171875,79800
2018-05-21,7691.242423149486,7713.676595641225,7656.0810546875,7656.0810546875,66800
2018-05-22,7696.250783419321,7696.670597333383,7631.557459262494,7644.234375,80900
2018-05-23,7671.647177931623,7671.647177931623,7515.627243426788,7558.5263671875,99000
2018-05-24,7571.722909732095,7650.5625,7553.507867032137,7650.5625,70200
2018-05-25,7671.847240809609,7672.317334782916,7604.024835539183,7645.5439453125,77700
2018-05-28,7667.988160562701,7667.988160562701,7596.176548580378,7640.93505859375,74600
2018-05-29,7660.400098524947,7660.400098524947,7583.209988503241,7600.4052734375,91500
2018-05-30,7573.432417812092,7573.432417812092,7459.811732380303,7468.2197265625,112200
2018-05-31,7494.182889689498,7535.692235953863,7455.132871997333,7495.24267578125,376200
2018-06-01,7497.971986718711,7628.29833984375,7485.445422454593,7628.29833984375,109900
2018-06-04,7617.42092740471,7618.170734578446,7549.948533038412,7577.6611328125,75300
2018-06-05,7592.597663812256,7683.7841796875,7548.699282603072,7683.7841796875,129300
2018-06-06,7664.799207470696,7700.350125032151,7652.162320012564,7687.16357421875,102400
2018-06-07,7691.322223709422,7812.871049386718,7685.963738193753,7801.30419921875,152900
2018-06-08,7801.3442577876,7801.3442577876,7716.346092529537,7738.75048828125,80000
2018-06-11,7736.290227922429,7777.259672197239,7697.690291464055,7769.3017578125,58900
2018-06-13,7720.444877433835,7721.864434272378,7551.798303187181,7601.025390625,121100
2018-06-14,7551.858021586476,7559.49619432832,7477.6471227091615,7527.6044921875,272100
2018-06-18,7402.027030702812,7412.2041015625,7326.41610003666,7412.2041015625,133400
2018-06-19,7345.551104681747,7346.340940645643,7251.2555276496705,7310.72998046875,120500
2018-06-20,7314.40928618922,7347.8508826694415,7259.143223305505,7259.75341796875,112700
2018-06-21,7260.862965169868,7269.340765707199,7090.336988990657,7096.3251953125,143000
2018-06-22,7090.216706495688,7130.876172311128,6921.889876531082,7061.38427734375,170000
2018-06-25,7238.198577081207,7238.198577081207,6985.08349609375,6985.08349609375,118100
2018-06-26,7012.246776909785,7019.454884458699,6928.07847732348,7005.40869140625,111900
2018-06-27,6996.191376425677,7174.58544921875,6982.344838985637,7174.58544921875,119600
2018-06-28,7126.677438199735,7126.677438199735,7053.816288588481,7064.75341796875,90200
2018-06-29,7059.6648411706565,7191.8310546875,7059.6648411706565,7191.8310546875,132400
2018-07-02,7182.773347316518,7259.423561580062,7158.989423361937,7226.10205078125,100900
2018-07-03,7221.183262839962,7265.4716796875,7192.700352249612,7265.4716796875,68200
2018-07-04,7270.160263671191,7346.53076171875,7225.43201944405,7346.53076171875,99100
2018-07-05,7304.131770079498,7304.131770079498,7223.212634127153,7231.71044921875,94400
2018-07-06,7224.092450654218,7224.092450654218,7141.733259016485,7184.8623046875,69000
2018-07-09,7194.97979692783,7212.714982191564,7160.798645642373,7184.7724609375,71400
2018-07-10,7216.394491162214,7231.4306640625,7190.73116794574,7231.4306640625,75400
2018-07-11,7243.8673483858,7331.8447265625,7237.248933006495,7331.8447265625,76200
2018-07-12,7326.156185099605,7368.565201884362,7305.721498285909,7348.6904296875,91000
2018-07-13,7370.584501391385,7403.5159738740285,7364.606058387354,7397.27783203125,74000
2018-07-16,7387.080425877095,7388.100183182329,7332.994236241869,7367.54541015625,47300
2018-07-17,7373.204328127875,7384.051636766451,7344.891295364388,7379.78271484375,51300
2018-07-18,7379.842606819124,7449.45458984375,7378.073042307657,7449.45458984375,59200
2018-07-19,7442.026111847685,7457.222399205081,7363.796229844893,7385.970703125,69600
2018-07-20,7388.669804545577,7409.544807566661,7325.466330955048,7397.70751953125,87400
2018-07-23,7386.600507648888,7406.255609514857,7366.625663787037,7374.9033203125,84700
2018-07-24,7361.087035500566,7445.10546875,7361.087035500566,7445.10546875,89500
2018-07-25,7436.937775983117,7618.431146145628,7436.937775983117,7512.068359375,149100
2018-07-26,7555.916921812119,7663.87939453125,7555.916921812119,7663.87939453125,160600
2018-07-27,7659.690387494477,7699.39990234375,7584.38943941357,7699.39990234375,132900
2018-07-30,7691.472194788157,7771.3212890625,7681.124758161493,7771.3212890625,96200
2018-07-31,7728.102743178389,7740.859716927701,7621.810249584218,7670.02783203125,153400
2018-08-01,7663.019633543845,7836.205078125,7653.331695179649,7836.205078125,137400
2018-08-02,7822.508689724582,7822.508689724582,7744.098674790246,7757.55517578125,92600
2018-08-03,7761.494351537986,7817.3798828125,7707.877768049293,7817.3798828125,99500
2018-08-06,7807.372155969967,7841.573321810048,7782.048589998113,7815.30029296875,79000
2018-08-07,7811.371050643048,7812.88091626066,7723.86376953125,7723.86376953125,85000
2018-08-08,7735.50098049613,7849.44140625,7735.50098049613,7849.44140625,126600
2018-08-09,7854.68019986245,7877.24422127072,7749.426994490173,7818.69921875,143900
2018-08-10,7802.013918642498,7838.6143709946255,7779.819430110789,7802.9736328125,98300
2018-08-13,7780.109222772888,7780.109222772888,7632.637379256117,7633.30712890625,78500
2018-08-14,7621.150299548909,7621.150299548909,7506.899890661183,7525.8447265625,77300
2018-08-15,7519.056880958286,7564.675034106594,7511.508528875543,7538.9814453125,54400
2018-08-16,7532.632782570148,7539.980990610187,7477.017201489854,7515.42724609375,75700
2018-08-17,7528.024024084553,7615.531793673033,7528.024024084553,7581.5703125,94500
2018-08-20,7590.218140537843,7604.854513596675,7498.6015625,7498.6015625,43600
2018-08-22,7549.708709486922,7630.2978515625,7527.7046015924,7630.2978515625,73400
2018-08-23,7621.810015080784,7802.0234375,7621.810015080784,7802.0234375,121500
2018-08-24,7773.521111001999,7781.28913303877,7716.185756745428,7764.4736328125,131000
2018-08-28,7767.812685699805,7859.579128440829,7767.812685699805,7842.59326171875,123400
2018-08-29,7801.034033123717,7829.326562495957,7771.071523024356,7828.94677734375,159700
2018-08-30,7816.259946796625,7873.135457093876,7816.259946796625,7851.14111328125,151000
2018-08-31,7836.045064747692,7853.6904296875,7774.85083955267,7853.6904296875,174700
2018-09-03,7876.974300994109,7876.974300994109,7818.909155316948,7830.20654296875,147800
2018-09-04,7840.663871155581,7879.79345703125,7826.367254703814,7879.79345703125,89700
2018-09-05,7857.739460231619,7859.379175362795,7697.041031351836,7750.27734375,120200
2018-09-06,7713.156619784746,7713.156619784746,7550.298598043179,7636.74609375,121200
2018-09-07,7595.466622311453,7618.920551684036,7524.794855316137,7596.6865234375,112000
2018-09-10,7589.558321681729,7603.614766051558,7464.350769229496,7594.197265625,111600
2018-09-11,7580.860783518877,7580.860783518877,7490.473868555779,7516.0771484375,77400
2018-09-12,7503.270759779951,7532.293081964191,7447.28515625,7447.28515625,88900
2018-09-13,7471.478589321353,7515.4375,7450.894038949928,7515.4375,87000
2018-09-14,7506.409610740539,7515.697261533404,7411.244140625,7411.244140625,88300
2018-09-17,7422.971211170921,7431.779005013017,7397.287873731794,7411.654296875,53600
2018-09-18,7409.864729224868,7416.633008435984,7272.110110854733,7284.466796875,96700
2018-09-19,7283.696838316675,7335.793793266942,7201.508012046957,7219.37353515625,100500
2018-09-20,7254.66449210674,7257.8936423080895,7132.89599609375,7132.89599609375,90400
2018-09-21,7182.72288548315,7381.10205078125,7178.1542360299845,7381.10205078125,194300
2018-09-24,7359.687463702411,7431.69873046875,7359.687463702411,7431.69873046875,67700
2018-09-25,7424.751101506288,7424.751101506288,7329.865342317713,7330.28515625,57200
2018-09-26,7340.7220827680285,7340.7220827680285,7203.187627667099,7266.34130859375,136300
2018-09-27,7270.570482916271,7318.7080078125,7213.815056725887,7318.7080078125,78900
2018-09-28,7311.789843587647,7373.624041835404,7274.94921875,7274.94921875,103200
2018-10-01,7254.674735771099,7259.533349818014,7174.355543485044,7220.2236328125,63300
2018-10-02,7235.549655166948,7235.549655166948,7092.096307431049,7130.5263671875,101400
2018-10-03,7127.567328202057,7209.0166015625,7093.435967022988,7209.0166015625,56300
2018-10-04,7188.981282466261,7192.210432492099,7091.51611328125,7091.51611328125,60100
2018-10-05,7092.096056072469,7100.504050048783,7070.4614830908,7076.38037109375,59600
2018-10-08,7078.059912566839,7121.458909701989,7049.00732421875,7049.00732421875,56300
2018-10-09,7062.094050126597,7064.293191621009,7014.676068474485,7057.56494140625,59800
2018-10-10,7090.976436766463,7090.976436766463,6958.640836528964,6999.34033203125,86300
2018-10-11,6932.9767930931785,6932.9767930931785,6788.834175142974,6882.60986328125,96400
2018-10-12,6871.123259054387,7002.96923828125,6846.09942038162,7002.96923828125,87000
2018-10-15,7034.161311537927,7061.56393265493,6924.72900390625,6924.72900390625,72300
2018-10-16,6934.386608890091,6985.2236328125,6892.5174935385485,6985.2236328125,82500
2018-10-17,7013.746237723765,7138.24449675136,7013.746237723765,7097.85498046875,99600
2018-10-18,7094.065860744952,7139.4140625,7059.024578824303,7139.4140625,47700
2018-10-19,7120.669081017181,7160.838928030924,7084.748141492989,7149.681640625,88100
2018-10-22,7143.14307050771,7249.215890785047,7122.868499101458,7234.2998046875,79300
2018-10-23,7260.843132394456,7263.242417860179,7157.879859090985,7195.77001953125,66100
2018-10-24,7183.9825669927,7184.472187170398,7127.5869140625,7127.5869140625,77900
2018-10-25,7084.34822920858,7084.34822920858,6939.3156991329015,6965.048828125,108300
2018-10-26,6986.00355917136,7063.563694986711,6977.275822783538,7062.51416015625,59300
2018-10-29,7052.836245967408,7107.2021484375,7044.298402435022,7107.2021484375,51300
2018-10-30,7091.926316286344,7095.565517187219,7014.25634765625,7014.25634765625,47000
2018-10-31,7030.8221082048085,7138.45458984375,7030.8221082048085,7138.45458984375,150600
2018-11-05,7202.277784133655,7241.1281451481,7187.781511916368,7211.58544921875,71402900
2018-11-06,7211.355749174771,7274.669547810275,7160.328830351569,7178.26416015625,0
2018-11-07,7179.413613801467,7183.762593138511,6992.461687593848,7132.09619140625,0
2018-11-08,7023.27404224584,7025.193470539592,6945.044159070983,7004.73876953125,0
2018-11-09,7037.5804910046045,7037.5804910046045,6940.205627664576,6967.0283203125,84800
2018-11-12,6924.41943359375,6924.41943359375,6924.41943359375,6924.41943359375,0
2018-11-13,6910.363299567544,6911.73257639651,6818.467006659679,6842.07080078125,0
2018-11-14,6865.564625176574,6930.617721247454,6859.325995040784,6921.30029296875,0
2018-11-15,6910.41321651327,6969.837879342914,6896.776585886028,6950.802734375,0
2018-11-16,7007.278366112925,7120.019397660513,7007.278366112925,7081.51904296875,162700
2018-11-19,7103.983197012152,7268.390625,7097.854890156133,7268.390625,0
2018-11-20,7232.950132032756,7309.660386741253,7169.956076816438,7301.0625,0
2018-11-21,7260.373383754772,7265.261775246354,7201.088334675666,7263.58251953125,0
2018-11-22,7258.943352401687,7277.008530988271,7226.491736705226,7266.51123046875,0
2018-11-23,7276.048722351213,7346.250883130891,7262.50240140472,7338.29296875,87300
2018-11-26,7350.399901388126,7426.380363194925,7330.545143710109,7395.96826171875,0
2018-11-27,7397.987906965116,7411.72412109375,7347.830881865118,7411.72412109375,0
2018-11-28,7418.352090795742,7421.871205365054,7348.390101482491,7380.5322265625,0
2018-11-29,7407.445386340267,7480.426620331881,7365.9560546875,7365.9560546875,344400
2018-12-03,7466.700118503033,7537.7316580318575,7466.700118503033,7530.96337890625,0
2018-12-04,7535.472492642153,7701.939453125,7521.036263352981,7701.939453125,0
2018-12-05,7578.011143598672,7632.127109549511,7549.018599535526,7628.93798828125,0
2018-12-06,7631.957564245381,7635.216980078375,7533.3828125,7533.3828125,0
2018-12-07,7528.014517399409,7536.252145352386,7448.035082506618,7459.14208984375,88300
2018-12-10,7443.59559054468,7443.59559054468,7346.32080078125,7346.32080078125,0
2018-12-11,7384.211038512396,7449.16455078125,7377.1527949219935,7449.16455078125,0
2018-12-12,7454.063468075033,7486.3154296875,7423.751437374914,7486.3154296875,0
2018-12-13,7512.4182188576815,7554.297585960172,7511.628382907852,7520.98583984375,0
2018-12-14,7504.469952304257,7557.326476199888,7501.160744750658,7522.435546875,128800
2018-12-17,7499.341831364979,7536.20247115419,7488.63462340396,7518.466796875,0
2018-12-18,7476.43724747808,7480.286355310527,7395.328222393432,7418.4921875,0
2018-12-19,7410.374078110658,7577.67138671875,7404.625556443348,7577.67138671875,0
2018-12-20,7512.138172266219,7582.490199313829,7496.262371716375,7561.4658203125,0
2018-12-21,7534.932571138672,7546.18944215171,7450.324444611275,7477.787109375,123500
2018-12-26,7434.818355000073,7451.304350529223,7376.983127820543,7448.0947265625,0
2018-12-27,7463.12074115487,7512.398107509876,7445.305498499133,7480.736328125,0
2018-12-28,7495.232716861412,7505.359995389793,7464.1005859375,7464.1005859375,82400
2019-01-02,7494.6426366959295,7538.321346470657,7463.840498626085,7487.27490234375,0
2019-01-03,7505.549878632491,7678.62548828125,7488.354105326928,7678.62548828125,0
2019-01-04,7655.211775379039,7799.494499883074,7655.211775379039,7759.11474609375,160400
2019-01-07,7798.874531327483,7898.669183284709,7785.658203125,7785.658203125,0
2019-01-08,7818.249415051275,7824.068231326223,7700.14013671875,7700.14013671875,0
2019-01-09,7773.210999856594,7856.339524845969,7763.913586094576,7853.20068359375,0
2019-01-10,7929.831099840797,7990.275518553411,7896.599410413394,7983.17724609375,0
2019-01-11,7963.392433144593,7963.392433144593,7853.67064427083,7902.05810546875,138400
2019-01-14,7884.372326765236,8022.0771484375,7816.939960901115,8022.0771484375,0
2019-01-15,8007.021135201276,8025.856135678066,7974.379626366485,8011.35986328125,0
2019-01-16,7981.407455776159,7988.595548686654,7846.682336171286,7862.67822265625,0
2019-01-17,7864.397462567018,7935.939123044724,7863.107755174012,7925.162109375,0
2019-01-18,7930.070583804768,8055.49829002973,7917.463962414494,8045.05126953125,169200
2019-01-21,8053.409041516581,8065.006156967655,7962.012622285455,8005.4013671875,0
2019-01-22,8021.777350637601,8027.735779593079,7977.089133471512,8006.611328125,0
2019-01-23,7939.008586231315,7987.59619140625,7899.609048376793,7987.59619140625,0
2019-01-24,7998.593176890761,8066.40581795129,7998.593176890761,8062.82666015625,0
2019-01-25,8073.584069754973,8114.143464304503,8036.873294924876,8051.1298828125,76400
2019-01-28,8069.045383265422,8141.516495398453,8040.13289544444,8051.849609375,0
2019-01-29,8084.851067777514,8085.310910461431,8012.87934172016,8048.75,0
2019-01-30,8036.703630192194,8044.881703235341,7910.1263123465105,7977.89892578125,0
2019-01-31,7997.353637121447,8097.147799275881,7997.353637121447,8005.42138671875,0
2019-02-01,8036.583277558613,8163.560878899833,8036.583277558613,8142.06640625,107200
2019-02-04,8129.459631205161,8146.7852547218,8066.666205772967,8067.40576171875,46700
2019-02-06,8089.369933874329,8211.598267275225,8056.37841796875,8056.37841796875,0
2019-02-07,8091.089235377165,8124.99067360877,8085.650692534487,8098.21728515625,0
2019-02-08,8089.620138837242,8094.388932184899,8033.774146764487,8068.8154296875,108500
2019-02-11,8086.260689079762,8103.496491752521,8059.4677734375,8059.4677734375,0
2019-02-12,8074.523874385994,8081.451780495525,7982.367395039346,8007.86083984375,0
2019-02-13,8038.272835768543,8038.363144577263,7887.431741107796,7918.2041015625,0
2019-02-14,7958.143726363704,7994.154486730747,7918.58407380796,7989.19580078125,0
2019-02-15,7963.122250444956,7997.783259439352,7906.85693359375,7906.85693359375,153100
2019-02-18,7922.562801913408,7962.002367017091,7908.54638671875,7908.54638671875,0
2019-02-19,7921.323157117255,7936.749366559141,7828.617012966188,7831.736328125,0
2019-02-20,7847.0622408246545,7942.547452850289,7846.45253432673,7937.19921875,0
2019-02-21,7944.617144748244,7944.617144748244,7890.550970102121,7929.2607421875,0
2019-02-22,7938.248778569025,7960.0830078125,7892.530554195082,7960.0830078125,73500
2019-02-26,7994.094137287577,7994.094137287577,7942.987162793981,7986.1064453125,0
2019-02-27,7960.053013936096,7970.640135000313,7875.604516679356,7887.091796875,0
2019-02-28,7917.954132859716,7917.954132859716,7703.50927734375,7703.50927734375,0
2019-03-01,7709.717863939885,7752.456874837089,7586.039703270869,7639.8056640625,144200
2019-03-04,7629.937958497465,7696.460892013267,7593.967227455748,7673.4970703125,0
2019-03-05,7698.400553583699,7732.721807400276,7665.169351536088,7668.6484375,0
2019-03-06,7672.587051156584,7819.3291015625,7672.587051156584,7819.3291015625,0
2019-03-07,7804.492989489593,7879.763671875,7793.2058530373615,7879.763671875,0
2019-03-08,7866.477253284142,7882.433111411885,7795.10546875,7795.10546875,77300
2019-03-11,7813.270454798024,7821.78828380835,7706.73828125,7706.73828125,127600
2019-03-12,7726.283274153674,7771.611462161217,7726.283274153674,7745.54833984375,0
2019-03-13,7723.633954867663,7764.1533203125,7722.804090145584,7764.1533203125,85400
2019-03-14,7739.789330801886,7761.974055207315,7716.785481114752,7748.42724609375,109900
2019-03-15,7746.077850033597,7796.27490234375,7699.760171201115,7796.27490234375,340800
2019-03-18,7792.576316984421,7870.99609375,7758.514762976546,7870.99609375,83500
2019-03-19,7861.678866568024,7876.77459465639,7841.39404296875,7841.39404296875,98600
2019-03-20,7846.142717599168,7873.595619711995,7821.588972384667,7856.18017578125,87800
2019-03-21,7873.755156516855,7952.67529296875,7867.287093128548,7952.67529296875,134100
2019-03-22,7954.62445234888,8030.334964450992,7949.016031229301,8011.35986328125,166500
2019-03-25,7992.284598686087,7992.284598686087,7806.312402581712,7860.99853515625,87100
2019-03-26,7873.275246889321,7908.656285620813,7867.407126929177,7904.9970703125,76200
2019-03-27,7913.8750561168445,7913.8750561168445,7838.624387743421,7859.02880859375,83500
2019-03-28,7895.689831372671,7896.439638559105,7854.070162812699,7874.375,87900
2019-03-29,7889.061381612261,7918.89404296875,7885.442683157993,7918.89404296875,129100
2019-04-01,7921.123231744388,7921.792981392618,7807.60213083661,7838.29443359375,90900
2019-04-02,7852.331097384379,7891.470936048449,7852.331097384379,7877.1845703125,93500
2019-04-03,7878.453943786348,7893.0302734375,7858.488863196847,7893.0302734375,74400
2019-04-04,7890.591179623392,7895.579643014677,7833.72591879056,7852.11083984375,128600
2019-04-05,7864.387970809598,7884.602499570833,7864.387970809598,7871.15625,96700
2019-04-08,7877.444841513489,7953.22516228917,7877.444841513489,7913.59521484375,132600
2019-04-10,7974.389596355269,8006.47119140625,7951.095780885964,8006.47119140625,172600
2019-04-11,7988.65557549405,7997.463369050498,7953.75439453125,7953.75439453125,104500
2019-04-12,7968.910910203235,7977.478531424517,7878.7939453125,7878.7939453125,93500
2019-04-15,7885.752177813934,7912.715459780863,7785.97802734375,7785.97802734375,112000
2019-04-16,7798.05463905894,7857.699456498482,7797.124702428756,7824.44775390625,163500
2019-04-17,7830.696428010189,7858.719495783391,7821.8486054238865,7833.1357421875,129800
2019-04-22,7838.214303309697,7856.81938210421,7816.030066807278,7830.41650390625,84200
2019-04-23,7825.017448833221,7832.765456301325,7767.722612862249,7816.919921875,90800
2019-04-24,7797.055289329979,7844.97314453125,7797.055289329979,7844.97314453125,166600
2019-04-25,7846.432722903288,7892.4208984375,7829.606971010527,7892.4208984375,133200
2019-04-26,7890.870623247544,7897.53883027335,7837.50446450119,7866.2568359375,104900
2019-04-29,7859.199145307512,7894.98974609375,7844.312836747863,7894.98974609375,0
2019-04-30,7889.541110769742,7950.67578125,7886.842097761618,7950.67578125,106600
2019-05-02,7950.475500871899,8038.712575735072,7944.746993527639,7999.5126953125,131000
2019-05-03,8002.21235055601,8075.433268805007,7965.931640625,7965.931640625,168900
2019-05-06,7970.810447837934,7972.310062264473,7849.142023591445,7860.27880859375,121700
2019-05-07,7869.486131350396,7920.013177409224,7859.318823993207,7908.59619140625,0
2019-05-08,7900.608721192245,7924.65234375,7752.956744268104,7924.65234375,143900
2019-05-09,7855.730094245541,7861.998502011524,7753.62646484375,7753.62646484375,168200
2019-05-10,7753.946175048831,7839.634103113732,7717.445794739211,7740.2099609375,117200
2019-05-14,7716.325818365818,7716.325818365818,7575.772117763929,7644.6943359375,182100
2019-05-15,7669.188121918894,7709.207616570319,7574.76220703125,7574.76220703125,116000
2019-05-16,7558.006520665012,7584.169714213454,7473.23828125,7473.23828125,178700
2019-05-17,7480.546563553617,7634.946800345748,7480.546563553617,7581.8701171875,134400
2019-05-20,7584.999772409539,7658.1708984375,7532.0133974382,7658.1708984375,83800
2019-05-21,7660.510303999082,7738.89005327969,7637.62605129749,7719.5751953125,96500
2019-05-22,7729.042114752713,7836.534490571994,7723.443945053687,7813.060546875,111600
2019-05-23,7805.49276018193,7819.879197322658,7762.11377868702,7802.0234375,82300
2019-05-24,7768.632131685439,7768.632131685439,7662.549548187445,7745.09814453125,85800
2019-05-27,7716.815561215565,7740.459872121646,7691.962088567921,7723.02392578125,69900
2019-05-28,7726.403476780019,7782.6590315402655,7700.91979492457,7759.294921875,350900
2019-05-29,7776.480539253747,7814.370699510742,7776.480539253747,7795.74560546875,96800
2019-05-30,7808.552091693746,7906.466854347249,7807.102269202678,7834.53515625,159300
2019-05-31,7870.746191159659,7967.97119140625,7870.746191159659,7967.97119140625,148600
2019-06-03,7961.282715158167,8137.647516560718,7949.82570056339,8082.80126953125,166500
2019-06-04,8073.703780862199,8081.29216168102,7943.32763671875,7943.32763671875,105000
2019-06-06,7978.338471907217,7978.338471907217,7935.689283083613,7957.8134765625,119900
2019-06-07,7953.75480218101,7981.927734375,7919.763541727872,7981.927734375,60300
2019-06-10,7979.537886554614,8052.978961944451,7965.191966267225,8043.32177734375,90200
2019-06-11,8043.911671426172,8106.175446867866,8028.91552734375,8028.91552734375,106100
2019-06-13,8030.155413556211,8049.68994140625,7951.23527667649,8049.68994140625,113400
2019-06-14,8056.138277099591,8056.138277099591,7942.77729183194,7988.14599609375,96300
2019-06-17,7989.72529891313,7989.72529891313,7906.95703125,7906.95703125,59500
2019-06-18,7896.409387494245,7933.100147813794,7873.475343554849,7920.00341796875,73900
2019-06-19,7939.448613989774,8014.94873046875,7935.919248124782,8014.94873046875,84200
2019-06-20,7982.74697651875,8020.357421875,7950.815246615984,8020.357421875,109900
2019-06-21,8030.794874889895,8053.3994140625,7996.963730268935,8053.3994140625,219200
2019-06-24,8065.506012895104,8101.826751050607,8058.5078125,8058.5078125,101300
2019-06-25,8072.074173887389,8097.997683455552,8032.0244140625,8032.0244140625,105100
2019-06-26,8022.977031806022,8049.520011301441,7981.087900723494,8011.509765625,114400
2019-06-27,8001.312778722939,8055.56884765625,8001.162914912938,8055.56884765625,104800
2019-06-28,8030.234785559161,8040.152645283128,7949.295638569351,7997.6533203125,122000
2019-07-01,8009.410631920427,8041.64208984375,7991.605151923558,8041.64208984375,75200
2019-07-02,8036.153884565103,8091.51953125,8020.457725194402,8091.51953125,119000
2019-07-03,8098.267559371531,8120.301932107935,8090.179307302998,8090.599609375,101300
2019-07-04,8094.198481315047,8110.75428282845,8062.8466796875,8062.8466796875,69800
2019-07-05,8070.134802879603,8123.071386055526,8070.134802879603,8115.85302734375,84800
2019-07-08,8106.1655920644835,8106.455556565922,8049.4501953125,8049.4501953125,82400
2019-07-09,8043.051942573349,8051.549757461883,8008.630617824088,8039.97265625,89300
2019-07-10,8049.380414271714,8076.13330078125,8018.808197347416,8076.13330078125,86800
2019-07-11,8096.288352005818,8152.39404296875,8081.142344092522,8152.39404296875,89700
2019-07-12,8157.532042128031,8195.411949137653,8139.7265625,8139.7265625,142200
2019-07-15,8151.783837513952,8363.1396484375,8151.783837513952,8363.1396484375,139400
2019-07-16,8352.692360885621,8417.425717895681,8261.4462890625,8261.4462890625,179700
2019-07-17,8284.7304206566,8309.543377402411,8229.983753352984,8231.3642578125,87300
2019-07-18,8239.471028536162,8298.356276567789,8239.471028536162,8255.9267578125,70100
2019-07-19,8278.101880328924,8309.78318708611,8262.435010389556,8267.9443359375,110600
2019-07-22,8160.901434073746,8244.7099609375,8160.901434073746,8244.7099609375,76600
2019-07-23,8245.809501230731,8262.76510249524,8224.11586041209,8249.3388671875,92600
2019-07-24,8215.527069093163,8241.71076578151,8159.39208984375,8159.39208984375,72500
2019-07-25,8167.819261908065,8270.052734375,8113.353289399621,8270.052734375,96200
2019-07-26,8208.408706985629,8233.342724793352,8174.937821966555,8181.88623046875,75500
2019-07-29,8187.914653465262,8203.04113507281,8113.973705032204,8186.4150390625,54600
2019-07-30,8174.498163044201,8174.498163044201,8118.632645109326,8148.36474609375,118900
2019-07-31,8140.067025212596,8140.067025212596,8021.387581422748,8043.7314453125,105100
2019-08-01,8033.684014357042,8096.078125,7973.479282087947,8096.078125,90800
2019-08-02,8081.2419619187485,8127.84033203125,8004.491676547822,8127.84033203125,75200
2019-08-05,8099.917185110913,8099.917185110913,7887.99169921875,7887.99169921875,124800
2019-08-06,7830.676408333425,7830.676408333425,7718.035450277458,7764.75341796875,163600
2019-08-07,7790.307054037472,7915.35498046875,7790.307054037472,7915.35498046875,96000
2019-08-08,7929.870924896667,7957.293560441001,7908.426244259693,7912.12548828125,136100
2019-08-09,7916.50450577343,7939.918407342872,7852.37109375,7852.37109375,101200
2019-08-13,7847.412056180394,7848.851627372002,7620.310303706668,7786.44775390625,235500
2019-08-14,7856.6298828125,7856.6298828125,7856.6298828125,7856.6298828125,0
2019-08-15,7717.035562575612,7826.84716796875,7622.240115267302,7826.84716796875,198000
2019-08-16,7800.55446097721,7883.9129115299165,7775.070778702153,7793.97607421875,167300
2019-08-19,7811.911378907467,7936.3095703125,7763.153895552776,7936.3095703125,214000
2019-08-20,7915.554613733836,7915.554613733836,7843.133293138468,7884.8828125,123600
2019-08-22,7840.073998233465,7846.8125,7753.426355263312,7846.8125,268000
2019-08-23,7804.04291582437,7887.3818359375,7745.398328906512,7887.3818359375,159400
2019-08-27,7830.40636053229,7830.40636053229,7721.954268136104,7745.38818359375,282700
2019-08-28,7760.584332759064,7845.482421875,7732.431416434549,7845.482421875,180200
2019-08-29,7849.241637332793,7890.78125,7798.965013236975,7890.78125,132300
2019-08-30,7916.404409282226,7984.206799583201,7900.978200016945,7977.60888671875,235800
2019-09-02,7952.105100822664,7954.634723793799,7916.494140625,7916.494140625,88800
2019-09-03,7802.70361328125,7802.70361328125,7802.70361328125,7802.70361328125,0
2019-09-04,7836.754931760761,7850.141626319493,7792.576350122726,7838.84423828125,101200
2019-09-05,7859.809151191593,7914.924862562596,7852.141200912461,7896.15966796875,230800
2019-09-06,7913.585155341436,7967.291071540084,7913.585155341436,7931.4306640625,104900
2019-09-09,7950.835357412328,7958.963150195537,7925.852035679488,7958.07373046875,52800
2019-09-10,7931.180679055593,7936.289228652266,7891.710848416407,7927.44140625,77700
2019-09-11,7929.3409313159955,7965.8515625,7919.553409017929,7965.8515625,107400
2019-09-12,7945.20679456599,7958.193689204922,7935.949409588817,7942.3876953125,110100
2019-09-13,7948.116307273068,7993.07447289493,7939.488154898789,7990.26513671875,92800
2019-09-16,7979.558129639813,7994.84423828125,7909.656181213575,7994.84423828125,85700
2019-09-17,7967.621235047325,7967.621235047325,7908.216587683371,7930.19091796875,76700
2019-09-18,7930.650800698815,7930.650800698815,7890.921269920999,7913.25537109375,76200
2019-09-19,7909.846047437054,7917.814213449788,7883.153203857914,7909.2861328125,62600
2019-09-20,7900.2986147996,7904.217528974662,7862.088225281289,7869.08642578125,168900
2019-09-23,7870.096471090245,7875.414927768694,7821.118830386978,7865.4873046875,88400
2019-09-24,7863.357927878037,7891.91064453125,7848.25194889266,7891.91064453125,171700
2019-09-25,7887.9718189407295,7894.21044921875,7788.287489163456,7894.21044921875,109700
2019-09-26,7891.640859042524,7903.708068876373,7863.078378678917,7894.4501953125,92500
2019-09-27,7906.356957996618,7906.356957996618,7806.182523287925,7817.2099609375,167300
2019-09-30,7823.188335187283,7823.188335187283,7773.51068091659,7777.06982421875,156900
2019-10-01,7783.238821995592,7790.576778834757,7708.567593558933,7737.8701171875,119400
2019-10-02,7719.5750107804815,7719.5750107804815,7608.7236328125,7608.7236328125,136700
2019-10-03,7585.739165879466,7585.739165879466,7512.11796185006,7543.60986328125,116800
2019-10-04,7568.484195432217,7702.61962890625,7568.484195432217,7702.61962890625,137100
2019-10-07,7695.441173951376,7713.8666119539375,7653.491999509406,7681.2451171875,88800
2019-10-08,7704.788720379313,7790.546452792955,7689.072546975526,7754.72607421875,167400
2019-10-09,7740.469616394042,7740.469616394042,7674.496834202169,7679.275390625,66000
2019-10-10,7709.237953487182,7763.03369140625,7704.798665265225,7763.03369140625,97200
2019-10-11,7764.723542605579,7872.135863299051,7747.557546626785,7847.921875,78800
2019-10-14,7852.020960118666,7906.306805672809,7851.900873810317,7882.26318359375,119800
2019-10-15,7885.4322144115395,7885.4322144115395,7814.070682286094,7838.29443359375,153200
2019-10-16,7836.815067087391,7913.26513671875,7812.461465632574,7913.26513671875,169400
2019-10-17,7911.515600375323,7928.51123046875,7892.550750044164,7928.51123046875,77600
2019-10-18,7932.050429119204,7932.050429119204,7883.203125,7883.203125,122600
2019-10-21,7872.775194554975,7889.9211758165,7847.771858937868,7889.10107421875,61600
2019-10-22,7882.963370504219,7953.1953125,7881.993405057533,7953.1953125,106000
2019-10-23,7927.0514934768435,7931.72021484375,7888.621433919155,7931.72021484375,74300
2019-10-24,7925.562162571671,7966.0917800731795,7912.545490075373,7948.93603515625,86600
2019-10-25,7983.467198008203,7983.467198008203,7915.124907859112,7920.46337890625,170300
2019-10-28,7932.969758550164,7952.664889150837,7910.835801982086,7944.48681640625,88000
2019-10-29,7945.517074784951,7989.1357421875,7926.691837081972,7989.1357421875,141700
2019-10-30,8018.7083136012125,8018.7083136012125,7963.722451124901,8017.99853515625,104300
2019-10-31,8018.368260255372,8018.618195984644,7965.491720686859,7975.0693359375,133700
2019-11-04,8000.4131358532195,8057.748003195647,8000.4131358532195,8057.578125,109100
2019-11-05,8053.808975384809,8214.567443618098,8053.489233382572,8102.7666015625,133300
2019-11-06,8214.807328374687,8214.807328374687,8023.81640625,8023.81640625,153700
2019-11-07,8080.961982547058,8080.961982547058,8018.848072611985,8071.734375,92700
2019-11-08,8042.83153500697,8063.68603515625,7987.425861756266,8063.68603515625,245300
2019-11-11,8053.169362389069,8057.508090435429,8000.712636788948,8007.32080078125,105400
2019-11-12,8007.911253643874,8010.2802734375,7960.673399246677,8010.2802734375,96700
2019-11-13,7986.726197409394,7986.726197409394,7912.415714655717,7945.42724609375,95000
2019-11-14,7924.032237518226,7931.67041015625,7879.214172197736,7931.67041015625,106800
2019-11-15,7936.548845535264,7944.376910560231,7903.497286627466,7930.92041015625,120500
2019-11-18,7923.152687569818,7923.152687569818,7857.01978975761,7878.9140625,67000
2019-11-19,7880.23326806179,7910.10595703125,7880.23326806179,7910.10595703125,296600
2019-11-20,7894.530170745892,7896.02978515625,7849.831702940301,7896.02978515625,120500
2019-11-21,7880.013549177019,7880.013549177019,7742.189129970801,7816.8798828125,139300
2019-11-22,7880.013549177019,7880.013549177019,7742.189129970801,7816.8798828125,141800
2019-11-25,7785.477856097708,7801.863778989617,7748.237432897007,7769.6220703125,151300
2019-11-26,7758.384920731017,7815.190626424312,7705.818359375,7705.818359375,934800
2019-11-27,7745.4385250338255,7840.503923806061,7742.039008555526,7834.87548828125,0
2019-11-28,7806.572745696608,7824.8078029438,7746.958191791063,7766.6630859375,157200
2019-11-29,7752.706891557864,7771.831857137424,7710.4077085358995,7736.970703125,115000
2019-12-02,7767.262607701218,7875.1650390625,7751.766592115275,7875.1650390625,112900
2019-12-03,7856.939457921853,7886.431873605448,7827.337207202361,7853.16064453125,123600
2019-12-04,7846.512127280042,7846.512127280042,7770.051807873833,7813.9208984375,250600
2019-12-05,7787.737605457398,7815.960328408756,7775.070452679317,7788.9072265625,171400
2019-12-06,7794.4354396146655,7809.181647319509,7758.754674262105,7799.71435546875,152400
2019-12-09,7823.118229536255,7836.475146472699,7777.7998046875,7777.7998046875,171600
2019-12-10,7758.174985207643,7775.450816338925,7733.621240362424,7734.19140625,117800
2019-12-11,7750.23730149921,7799.09485682322,7749.537286169048,7784.40869140625,254700
2019-12-12,7742.158876078546,7785.738001005456,7718.515054140951,7739.07958984375,327800
2019-12-13,7816.390224747552,7882.143338449424,7802.973752391209,7875.60498046875,390100
2019-12-16,7880.733211379405,7890.261034708482,7699.6201171875,7699.6201171875,0
2019-12-17,7706.088272962844,7728.462890625,7629.118319000138,7728.462890625,0
2019-12-18,7749.297227783551,7749.297227783551,7680.964702537163,7731.681640625,0
2019-12-19,7749.217180070864,7749.217180070864,7615.791530738643,7651.97216796875,194600
2019-12-20,7642.025379777353,7771.1220703125,7467.490176705649,7771.1220703125,303800
2019-12-23,7743.968592409821,7870.576171875,7743.26857710689,7870.576171875,124400
2019-12-26,7792.52594756674,7840.263671875,7770.971919843542,7840.263671875,96200
2019-12-27,7846.372341666564,7889.961229882433,7813.25048828125,7813.25048828125,177800
2020-01-02,7719.27499875548,7740.53955078125,7642.01507853862,7740.53955078125,101100
2020-01-03,7735.71081780641,7888.911165668615,7735.71081780641,7837.7744140625,118900
2020-01-06,7800.85418616647,7800.85418616647,7695.911441426276,7795.86572265625,102100
2020-01-07,7785.3179218210435,7838.6845703125,7779.209629214972,7838.6845703125,248600
2020-01-08,7760.484465437625,7765.623280771958,7719.305112805506,7734.25146484375,122300
2020-01-09,7734.6411710541315,7795.6357421875,7734.6411710541315,7795.6357421875,135500
2020-01-10,7792.8962186089075,7792.8962186089075,7727.063047760091,7774.77099609375,102200
2020-01-14,7759.594564686832,7791.24658203125,7682.304380261183,7791.24658203125,187100
2020-01-15,7782.1391413846595,7782.1391413846595,7662.4296875,7662.4296875,132800
2020-01-16,7672.507220099761,7677.305790975394,7612.772579112013,7651.212890625,121400
2020-01-17,7689.892660663746,7720.5947265625,7646.973521542615,7720.5947265625,109300
2020-01-20,7725.463843604246,7725.463843604246,7512.018724073093,7550.65869140625,149200
2020-01-21,7568.2541422959075,7584.639577486207,7440.216752520742,7464.73046875,152700
2020-01-22,7467.220109408427,7476.177767086197,7423.950961656813,7466.81005859375,140400
2020-01-23,7501.711104331648,7614.39208984375,7493.673132198726,7614.39208984375,119100
2020-01-24,7620.160487916029,7633.657017097574,7579.171028920224,7621.4501953125,106100
2020-01-27,7614.941693798497,7622.409988144574,7578.721027599103,7585.67919921875,0
2020-01-28,7561.175923502318,7561.175923502318,7466.7802734375,7466.7802734375,101500
2020-01-29,7470.6087007742035,7470.6087007742035,7421.761398690159,7460.3916015625,120400
2020-01-30,7464.530841084289,7482.72586962928,7390.77978515625,7390.77978515625,0
2020-01-31,7411.2642521294365,7444.345589624381,7198.93896484375,7198.93896484375,219400
2020-02-03,7204.36746475032,7217.753670651837,7127.356996126169,7135.19482421875,128900
2020-02-04,7170.566254458892,7274.529266599215,7156.359946654977,7225.0419921875,132800
2020-02-05,7289.565590891447,7350.9599609375,7279.548147124232,7350.9599609375,137600
2020-02-06,7371.694250071478,7504.580001051569,7371.694250071478,7504.2802734375,141000
2020-02-07,7445.415779933098,7505.2705078125,7427.700119980145,7505.2705078125,96700
2020-02-10,7508.909128067797,7508.909128067797,7412.103940814422,7428.94970703125,119500
2020-02-11,7442.7462062334225,7442.7462062334225,7401.326681749069,7437.4873046875,104800
2020-02-12,7433.33864477766,7438.397402598818,7381.2021484375,7381.2021484375,0
2020-02-13,7388.200124752309,7401.216796875,7331.0248867110495,7401.216796875,119200
2020-02-14,7403.246172421779,7403.246172421779,7280.1279296875,7280.1279296875,145100
2020-02-17,7303.7818152831105,7346.150801904389,7291.075122173542,7324.96630859375,92800
2020-02-18,7327.145882761571,7344.111735468814,7309.620603577489,7321.0078125,92400
2020-02-19,7318.108646940911,7395.03857421875,7318.108646940911,7395.03857421875,114200
2020-02-20,7425.000818456344,7471.069050142805,7411.09423828125,7411.09423828125,0
2020-02-21,7428.659665822207,7429.119508518675,7364.906039493785,7367.88525390625,183300
2020-02-24,7265.991533693805,7268.601214220105,7178.254328240546,7185.59228515625,120700
2020-02-26,7100.054146373065,7100.054146373065,6877.3213817082415,6908.0634765625,225400
2020-02-27,6888.249006737003,6977.775793516083,6888.249006737003,6966.048828125,215900
2020-02-28,6857.1467855327,6857.1467855327,6768.22970987111,6786.1650390625,247900
2020-03-02,6757.632660244838,6864.364983890368,6699.027611018971,6747.544921875,155300
2020-03-03,6853.137752251352,6884.339690221875,6788.79443359375,6788.79443359375,170500
2020-03-04,6789.394082657433,6865.494140625,6708.454937144994,6865.494140625,171100
2020-03-05,6897.246336438509,6939.415668032552,6871.203228948294,6883.0,0
2020-03-06,6869.373507738208,6869.373507738208,6743.585544718204,6768.63916015625,227000
2020-03-09,6573.849389720472,6573.849389720472,6310.98681640625,6310.98681640625,242800
2020-03-10,6164.234537049267,6385.887494381985,6102.180671534915,6316.75537109375,240000
2020-03-11,6382.638509725134,6494.040038953296,6335.051137293381,6351.62646484375,192100
2020-03-12,6234.247062411433,6234.247062411433,5695.66533509993,5734.79541015625,265100
2020-03-13,5361.541452220114,5876.888935183562,5096.5895526795,5792.45068359375,334700
2020-03-16,5505.5442677122255,5531.747490764505,5333.99853515625,5333.99853515625,246600
2020-03-19,4622.2314453125,4622.2314453125,4622.2314453125,4622.2314453125,0
2020-03-20,4760.665957909936,4934.93120516328,4676.457631144694,4777.53125,217900
2020-03-23,4526.126342115061,4742.15087890625,4508.061162573171,4742.15087890625,217800
2020-03-24,4815.821517546817,4863.609032161239,4770.552886371731,4773.04248046875,0
2020-03-25,5005.472683602299,5072.275818680774,4962.723910181481,5026.46728515625,446800
2020-03-26,5126.951611909679,5400.19140625,5074.954729123688,5400.19140625,262200
2020-03-27,5492.167724714355,5640.489445917775,5265.26611328125,5265.26611328125,275100
2020-03-30,5233.644201404219,5233.644201404219,4983.508338152928,5129.8408203125,0
2020-03-31,5226.026085833476,5338.716830547873,5224.926271028012,5319.86181640625,0
2020-04-01,5320.42171385591,5407.12939453125,5289.489727649208,5407.12939453125,163800
2020-04-02,5278.772334496497,5340.9365234375,5246.220647259834,5340.9365234375,131200
2020-04-03,5369.469447287489,5371.319069350869,5314.033506204993,5345.595703125,123300
2020-04-06,5379.126558607589,5569.3779296875,5344.565621506516,5569.3779296875,220400
2020-04-07,5693.216054148185,5712.160889145335,5596.540720784646,5648.55712890625,231100
2020-04-08,5592.272153584022,5592.272153584022,5497.1266941882095,5509.41357421875,186900
2020-04-13,5550.532750066811,5609.53759765625,5520.070856184172,5609.53759765625,169100
2020-04-14,5656.305093043212,5779.3935546875,5639.399772737032,5779.3935546875,205000
2020-04-15,5823.262142315623,5944.52099609375,5806.186943861886,5944.52099609375,279200
2020-04-16,5827.261425277687,5827.261425277687,5524.1796875,5524.1796875,251800
2020-04-17,5702.933616490432,5788.48193359375,5693.476087185905,5788.48193359375,197200
2020-04-20,5812.435414633345,5815.4043776793,5702.7336457369065,5732.17578125,121500
2020-04-21,5702.833502042011,5702.833502042011,5569.648019899366,5590.8125,139200
2020-04-22,5516.251235543572,5576.475981134661,5460.535584196111,5572.31689453125,113900
2020-04-23,5630.392089958115,5670.62197994238,5598.1103515625,5598.1103515625,82000
2020-04-24,5621.314422827014,5621.314422827014,5463.5751953125,5463.5751953125,135700
2020-04-27,5491.7975997714575,5491.7975997714575,5389.584140575175,5449.048828125,86600
2020-04-28,5469.423745450976,5573.546875,5465.065002917053,5573.546875,126700
2020-04-29,5587.833395663703,5654.555987475798,5554.801848963986,5642.51953125,127400
2020-04-30,5693.665985105618,5715.410394403425,5653.506388659139,5699.24462890625,161300
2020-05-04,5599.9499862529865,5599.9499862529865,5500.635195207447,5570.6572265625,135600
2020-05-05,5608.55784558326,5702.493652372335,5601.959444604369,5670.2119140625,263900
2020-05-06,5688.317093401424,5701.114095753719,5593.371781041449,5637.8203125,269200
2020-05-07,5660.494810863775,5668.882302771554,5598.380410164104,5651.70703125,171900
2020-05-08,5673.011397635123,5694.845626704159,5620.49462890625,5620.49462890625,174600
2020-05-11,5640.079540544928,5680.219609875906,5625.743383078953,5666.47314453125,116800
2020-05-12,5665.962747325209,5666.902447059108,5632.371288733621,5650.216796875,130000
2020-05-13,5654.735955954541,5659.724907535247,5606.328480949732,5624.8037109375,144200
2020-05-14,5611.527328789716,5653.24658203125,5555.381609228874,5653.24658203125,86900
2020-05-15,5611.527328789716,5653.24658203125,5555.381609228874,5653.24658203125,121300
2020-05-18,5556.561325300083,5556.561325300083,5465.474397385822,5477.94140625,81300
2020-05-19,5542.164772793687,5569.967682354425,5535.59663745632,5554.421875,115500
2020-05-20,5566.968329887262,5580.52490234375,5517.101270626882,5580.52490234375,71700
2020-05-21,5580.83481439373,5612.45656514344,5555.65134933728,5603.04931640625,101500
2020-05-22,5580.83481439373,5612.45656514344,5555.65134933728,5603.04931640625,116500
2020-05-26,5525.56939507928,5532.227351028007,5394.742684164197,5495.4169921875,129600
2020-05-27,5498.556413366564,5522.35986328125,5422.385568901862,5522.35986328125,136000
2020-05-28,5531.797598805481,5572.78705751934,5490.677802516873,5568.7880859375,158400
2020-05-29,5599.280451123463,5837.3388671875,5599.280451123463,5837.3388671875,484200
2020-06-01,5789.831103069646,5930.125107836328,5748.521900556839,5928.6455078125,192500
2020-06-02,5931.90493024409,6041.536409135995,5928.52542810738,6023.62109375,221100
2020-06-03,6063.110974737252,6244.04443359375,6060.4915310611295,6244.04443359375,227700
2020-06-04,6229.958262752853,6515.81494140625,6229.958262752853,6515.81494140625,330100
2020-06-05,6450.9812383115805,6463.4677734375,6298.210465398952,6463.4677734375,219600
2020-06-08,6486.091707524472,6549.575381135516,6429.06682209585,6512.3251953125,264900
2020-06-09,6525.681998705898,6582.1474609375,6437.315070918561,6582.1474609375,252500
2020-06-10,6549.63577352928,6549.63577352928,6347.568100520399,6437.71484375,221000
2020-06-11,6396.544969046332,6474.5751953125,6261.589928768325,6474.5751953125,211100
2020-06-15,6338.689980440079,6338.689980440079,6162.2353515625,6162.2353515625,211000
2020-06-16,6225.359298817412,6314.606371173858,6195.697003700951,6280.13525390625,163600
2020-06-17,6347.247948228992,6351.266934442709,6276.40629897346,6280.39501953125,240200
2020-06-18,6257.2710704556175,6346.818359375,6203.654972924155,6346.818359375,162200
2020-06-19,6291.562268213417,6373.390834951986,6258.570752151307,6313.4462890625,335200
2020-06-22,6314.576388168235,6345.79833984375,6247.863563048535,6345.79833984375,226800
2020-06-23,6322.894004070788,6322.894004070788,6256.761108672005,6296.16064453125,219500
2020-06-24,6302.709568881995,6304.588968476225,6187.2392578125,6187.2392578125,209500
2020-06-25,6155.207380601625,6160.636160507169,6107.649784635634,6116.68701171875,253400
2020-06-26,6136.032007838137,6190.248046875,6090.443633045331,6190.248046875,151500
2020-06-29,6123.995247124212,6123.995247124212,6038.877483824604,6103.61083984375,188500
2020-06-30,6132.913355118447,6206.12451171875,6129.644176150271,6206.12451171875,152300
2020-07-01,6221.940292667049,6221.940292667049,6137.861812743992,6208.11376953125,104900
2020-07-02,6209.912761594459,6380.959105616328,6181.4401034427165,6362.44384765625,164400
2020-07-03,6381.7291804448505,6397.145138408013,6321.294524721121,6371.02197265625,114800
2020-07-06,6376.650262459057,6379.419569853795,6298.360336377486,6326.783203125,119000
2020-07-07,6347.487779061126,6347.977399242749,6265.78857421875,6265.78857421875,121800
2020-07-08,6263.819612184692,6286.123935854072,6226.13935918704,6283.88427734375,347400
2020-07-09,6280.815283023296,6280.815283023296,6190.98828125,6190.98828125,100000
2020-07-10,6155.887213355514,6195.78662109375,6096.961936447428,6195.78662109375,121500
2020-07-13,6186.188960744967,6186.188960744967,6149.528466388221,6170.98291015625,124800
2020-07-14,6156.816692863017,6177.091752621365,6133.712770695567,6171.22314453125,122800
2020-07-15,6164.734432297243,6164.734432297243,6009.334455283761,6014.962890625,204800
2020-07-16,6033.208225963908,6146.07958984375,6033.208225963908,6146.07958984375,103000
2020-07-17,6114.627708125403,6139.651058074303,6030.748888457049,6087.1845703125,93400
2020-07-20,6111.008822320237,6149.119140625,6068.629582104688,6149.119140625,80300
2020-07-21,6112.517919817355,6150.478372572066,6094.173028101216,6134.732421875,99400
2020-07-22,6136.801744977685,6147.619275645204,6062.70068359375,6062.70068359375,135100
2020-07-23,6075.337787117495,6075.337787117495,5914.309367172133,6027.4599609375,120900
2020-07-24,6000.657010700122,6023.100945840845,5967.185638040009,6001.71630859375,61800
2020-07-27,5983.701441080769,5983.701441080769,5856.773633139602,5859.43310546875,108700
2020-07-28,5848.326021834899,5938.072960497007,5797.61884772176,5925.5859375,105000
2020-07-29,5921.577503524842,5964.736328125,5869.320920542641,5964.736328125,80500
2020-07-30,5966.595757249388,5966.595757249388,5926.92626953125,5926.92626953125,120600
2020-08-03,5814.734958170212,5814.734958170212,5694.065788020754,5714.45068359375,0
2020-08-04,5690.276905471799,5800.998431987529,5690.276905471799,5774.01513671875,130800
2020-08-05,5810.726193641093,5887.336378874106,5802.088277854616,5832.08056640625,161800
2020-08-06,5858.853140150784,5901.0625,5817.873932692884,5901.0625,151500
2020-08-07,5905.351543794034,5905.351543794034,5833.359802713268,5844.51708984375,129400
2020-08-10,5851.615217997742,5929.39501953125,5831.100474380902,5929.39501953125,89900
2020-08-11,5933.384287101031,5982.811517467125,5912.069456066838,5952.4091796875,136900
2020-08-12,5978.952948487371,5993.458984375,5965.436404279115,5993.458984375,0
2020-08-13,6013.713593886835,6096.21240234375,6009.055123646396,6096.21240234375,110700
2020-08-14,6068.109771189349,6075.34814453125,6013.23374345602,6075.34814453125,251900
2020-08-17,6079.546635080919,6079.546635080919,6010.5946380816,6067.2197265625,119400
2020-08-18,6096.512562670378,6154.86767578125,6057.42251571969,6154.86767578125,135000
2020-08-19,6165.544524416401,6165.544524416401,6040.56689453125,6040.56689453125,115500
2020-08-20,6056.792539227691,6062.530809673821,5961.107184635805,6003.85595703125,73500
2020-08-24,5996.0080994222935,5996.0080994222935,5924.276543179559,5942.05224609375,626500
2020-08-25,5932.734422263861,5961.357434201086,5891.625362755555,5951.90966796875,80700
2020-08-26,5934.304018863584,5934.304018863584,5894.184453155604,5929.80517578125,118100
2020-08-27,5928.515395242037,5948.999873316589,5918.218238687343,5920.02734375,116200
2020-08-28,5916.18864584326,5929.865304747535,5870.750134791837,5882.66748046875,203000
2020-09-01,5920.537764509658,5944.691710275035,5797.74951171875,5797.74951171875,149300
2020-09-02,5819.203939217799,5819.203939217799,5702.123691778755,5736.9150390625,140800
2020-09-03,5749.66183295447,5774.485528623629,5721.988772233379,5771.3759765625,121100
2020-09-04,5748.6818317321,5783.6025390625,5694.315441437789,5783.6025390625,92800
2020-09-07,5786.212400051765,5934.32421875,5770.526003770651,5934.32421875,115600
2020-09-08,5916.018717509674,6032.478515625,5906.951225023194,6032.478515625,141500
2020-09-09,5998.617456920187,5998.617456920187,5931.314453125,5931.314453125,120400
2020-09-10,5954.018558548802,5972.053959292244,5900.87255859375,5900.87255859375,117600
2020-09-11,5905.421448096526,5966.42578125,5886.846146340442,5966.42578125,92200
2020-09-14,5952.699506181947,5995.5986328125,5932.9448196038265,5995.5986328125,105400
2020-09-15,5987.899975286633,6016.66259765625,5946.320824848683,6016.66259765625,102700
2020-09-16,5995.448476195349,5995.448476195349,5942.391807470843,5945.09130859375,84400
2020-09-17,5944.521322353605,5944.521322353605,5884.816947251324,5941.9921875,92800
2020-09-18,5943.721612252836,5950.56994890571,5884.85686611103,5907.380859375,170600
2020-09-21,5912.079954405325,5923.786905193712,5878.248321330971,5907.80078125,60400
2020-09-22,5891.6750848340735,5892.7646484375,5835.529364667525,5892.7646484375,78600
2020-09-23,5899.363137036607,5902.062638298405,5875.269234002523,5891.20556640625,83100
2020-09-24,5886.686364669107,5886.686364669107,5844.296875,5844.296875,102000
2020-09-25,5841.308015192971,5878.668525438376,5828.161493367129,5837.1591796875,89300
2020-09-28,5869.010836499425,5870.680329073826,5844.727041877736,5859.88330078125,77100
2020-09-29,5876.768401195462,5876.808429963386,5840.09814453125,5840.09814453125,91500
2020-09-30,5861.992863413257,5877.018785358267,5847.996461931584,5862.72265625,98100
2020-10-01,5880.387770552871,5943.341796875,5855.8740546822855,5943.341796875,77200
2020-10-02,5940.622141181643,5997.857421875,5923.336547488345,5997.857421875,164000
2020-10-05,6004.036092658926,6009.21444850368,5937.42333984375,5937.42333984375,181400
2020-10-06,5936.883485771165,5948.140356690121,5849.345937471091,5909.12060546875,152000
2020-10-07,5903.3923370751445,5903.3923370751445,5844.177581291902,5866.37158203125,175900
2020-10-08,5886.936300425989,5941.13232421875,5823.982274950085,5941.13232421875,189500
2020-10-09,5942.181947892322,5942.181947892322,5907.001053140414,5930.0849609375,175200
2020-10-12,5933.873959332716,5952.939369010571,5909.210379893859,5935.5234375,146600
2020-10-13,5937.082959669273,5944.5410025415085,5919.247702804501,5921.70703125,128600
2020-10-14,5922.396839152867,5932.30444742991,5911.489487983067,5923.7763671875,133800
2020-10-15,5928.905839156478,5948.9705046991785,5918.028264714515,5936.8037109375,152800
2020-10-16,5919.8178521737245,5938.093426941174,5896.9541015625,5896.9541015625,140600
2020-10-19,5912.259537476426,6017.71240234375,5912.259537476426,6017.71240234375,112200
2020-10-20,6021.061734698944,6131.4234953266405,6016.783049673348,6111.138671875,183300
2020-10-21,6144.459860488028,6289.062809482064,6144.459860488028,6276.9755859375,287400
2020-10-22,6308.248192658297,6342.9990234375,6239.705757127889,6342.9990234375,258300
2020-10-23,6369.282016975758,6482.783102824439,6369.282016975758,6482.39306640625,203800
2020-10-26,6494.519710547242,6515.584117518202,6451.541017517086,6489.52099609375,141900
2020-10-27,6465.787808368592,6465.787808368592,6379.549726711921,6413.43115234375,150500
2020-10-28,6411.951242909628,6413.380562855214,6376.150390625,6376.150390625,129000
2020-10-29,6324.683840528192,6324.683840528192,6246.8737691176775,6247.78369140625,164500
2020-10-30,6231.997363997365,6326.75278012938,6201.305062074815,6322.3740234375,147400
2020-11-03,6281.274772186315,6356.785138232342,6249.262985172705,6333.93115234375,92400
2020-11-04,6372.831620697587,6462.38818359375,6332.461629609934,6462.38818359375,126900
2020-11-05,6475.495231788029,6701.027088698091,6475.495231788029,6643.06201171875,202300
2020-11-06,6684.411019712835,6708.005050281289,6569.310734367136,6683.97119140625,196100
2020-11-09,6663.36666753144,6684.13134765625,6617.8881274569685,6684.13134765625,148700
2020-11-10,6790.833926062912,7033.67138671875,6790.833926062912,7033.67138671875,273800
2020-11-11,6967.138734804927,7077.360393816761,6942.324802642186,7022.4541015625,296400
2020-11-13,6932.10739768122,6970.867449239811,6915.241617888153,6968.087890625,191300
2020-11-16,6989.592963896387,6989.592963896387,6856.127280758569,6916.271484375,174100
2020-11-17,6948.733173099342,6969.8078319374,6919.340828911018,6957.35107421875,172000
2020-11-18,6970.107450905093,7049.966796875,6968.69814535712,7049.966796875,181900
2020-11-19,7008.9599609375,7012.5400390625,6974.64990234375,6997.6201171875,0
2020-11-20,7024.22998046875,7169.7900390625,7021.18017578125,7169.7900390625,226700
2020-11-23,7163.97998046875,7263.7099609375,7158.68017578125,7178.6201171875,414300
2020-11-24,7211.1298828125,7228.1201171875,7016.10986328125,7108.669921875,210400
2020-11-25,7125.43994140625,7146.1298828125,6994.7900390625,7001.509765625,268200
2020-11-26,6987.31982421875,6987.31982421875,6843.10986328125,6927.75,186000
2020-11-27,6885.06982421875,6909.02978515625,6791.4599609375,6791.4599609375,594700
2020-12-01,6740.2998046875,7009.56005859375,6740.2998046875,7009.56005859375,172400
2020-12-02,7019.25,7080.6201171875,6988.27001953125,7080.6201171875,0
2020-12-03,7077.6298828125,7194.1298828125,7022.85986328125,7194.1298828125,0
2020-12-04,7184.56982421875,7196.9599609375,7097.35009765625,7134.56005859375,176200
2020-12-07,7173.7001953125,7203.669921875,7142.2998046875,7203.669921875,150500
2020-12-09,7197.06982421875,7247.33984375,7102.66015625,7102.66015625,226200
2020-12-10,7114.68994140625,7166.85009765625,7114.68994140625,7154.43017578125,127900
2020-12-11,7183.8798828125,7304.89990234375,7181.22021484375,7246.16015625,167300
2020-12-14,7244.3798828125,7311.2099609375,7214.93994140625,7281.35009765625,176200
2020-12-15,7281.91015625,7290.60009765625,7214.14013671875,7227.72998046875,203800
2020-12-16,7242.47021484375,7299.7001953125,7202.490234375,7299.7001953125,138900
2020-12-17,7271.64990234375,7298.02001953125,7236.81982421875,7298.02001953125,111000
2020-12-18,7266.9599609375,7286.669921875,7222.009765625,7272.7998046875,149700
2020-12-21,7244.85009765625,7251.02001953125,7157.8798828125,7224.89013671875,111000
2020-12-22,7206.330078125,7206.5400390625,7081.14013671875,7202.39013671875,172600
2020-12-23,7169.0498046875,7206.4599609375,7075.18017578125,7204.3798828125,99900
2020-12-24,7169.0498046875,7206.4599609375,7075.18017578125,7204.3798828125,0
2020-12-28,7142.9501953125,7142.9501953125,7058.66015625,7122.25,89200
2020-12-29,7123.1201171875,7173.27001953125,7120.81982421875,7139.7099609375,118100
2021-01-04,7149.64013671875,7207.7900390625,7137.91015625,7197.5,9100
2021-01-05,7186.72021484375,7186.72021484375,7104.0,7134.18017578125,123300
2021-01-06,7126.91015625,7127.009765625,6928.89990234375,7047.85009765625,112000
2021-01-07,7054.39013671875,7126.06982421875,7028.06005859375,7119.60986328125,92700
2021-01-08,7141.35009765625,7289.8798828125,7134.75,7289.8798828125,159000
2021-01-11,7292.990234375,7432.39990234375,7285.080078125,7304.7900390625,121200
2021-01-12,7326.5400390625,7326.5400390625,7253.81005859375,7258.10986328125,102000
2021-01-13,7259.4599609375,7284.60009765625,7233.990234375,7242.85009765625,104100
2021-01-14,7183.9501953125,7308.43994140625,7180.8798828125,7273.14990234375,122600
2021-01-15,7282.259765625,7297.41015625,7238.4599609375,7238.4599609375,90700
2021-01-18,7230.0498046875,7230.0498046875,7157.6298828125,7203.43994140625,85700
2021-01-19,7158.72998046875,7198.4501953125,7137.56005859375,7198.4501953125,73600
2021-01-20,7164.06005859375,7172.16015625,7082.75,7143.2998046875,103600
2021-01-21,7161.06982421875,7161.06982421875,7112.330078125,7140.2900390625,77800
2021-01-22,7116.759765625,7116.759765625,7007.2001953125,7045.830078125,110200
2021-01-25,7026.77001953125,7071.5,7012.759765625,7071.5,82900
2021-01-26,7039.169921875,7039.169921875,6961.06005859375,6977.16015625,114700
2021-01-27,6947.52001953125,6949.47998046875,6824.8798828125,6863.60986328125,120000
2021-01-28,6808.72021484375,6918.2998046875,6770.75,6851.83984375,82300
2021-01-29,6826.64990234375,6827.3798828125,6612.6201171875,6612.6201171875,175300
2021-02-01,6634.58984375,6814.759765625,6634.58984375,6814.759765625,107300
2021-02-02,6838.259765625,6917.919921875,6837.31005859375,6867.8798828125,80800
2021-02-03,6895.43017578125,6913.2998046875,6819.419921875,6859.4599609375,105600
2021-02-04,6858.0400390625,6903.75,6809.41015625,6903.75,79200
2021-02-05,6899.14990234375,7019.18017578125,6843.830078125,7019.18017578125,96100
2021-02-08,6997.27978515625,7032.1201171875,6965.93017578125,7024.47998046875,102200
2021-02-09,7014.7900390625,7091.919921875,7014.7900390625,7065.5498046875,101500
2021-02-10,7076.3798828125,7159.10986328125,7073.77978515625,7082.14990234375,115800
2021-02-11,7059.47998046875,7076.009765625,6991.009765625,6991.009765625,132200
2021-02-15,6996.580078125,7026.39990234375,6959.2099609375,6959.2099609375,79100
2021-02-16,6969.93017578125,7044.06005859375,6969.6298828125,7044.06005859375,92300
2021-02-17,6991.35986328125,6995.60009765625,6916.7099609375,6966.43017578125,88300
2021-02-18,6954.3701171875,6972.259765625,6849.64013671875,6849.64013671875,111400
2021-02-19,6858.72021484375,6926.41015625,6841.47998046875,6926.41015625,103200
2021-02-22,6901.93017578125,6907.47021484375,6810.33984375,6810.33984375,78900
2021-02-23,6808.1298828125,6814.669921875,6736.419921875,6814.669921875,111800
2021-02-24,6808.419921875,6808.419921875,6735.83984375,6755.9501953125,85000
2021-02-26,6718.06005859375,6827.169921875,6681.14013671875,6794.85986328125,198600
2021-03-01,6828.7001953125,6874.39990234375,6798.81005859375,6872.97021484375,107500
2021-03-02,6862.64013671875,6919.5400390625,6848.81005859375,6919.5400390625,113400
2021-03-03,6918.740234375,6942.759765625,6871.18017578125,6942.759765625,80100
2021-03-04,6911.169921875,6921.10009765625,6839.33984375,6882.490234375,87500
2021-03-05,6864.580078125,6896.25,6829.2099609375,6881.3701171875,77500
2021-03-08,6879.77001953125,6879.77001953125,6745.75,6756.919921875,106300
2021-03-09,6738.830078125,6769.3798828125,6668.330078125,6766.830078125,92600
2021-03-10,6752.89990234375,6808.31982421875,6727.10009765625,6808.31982421875,114000
2021-03-11,6782.56982421875,6782.56982421875,6705.669921875,6719.18017578125,59000
2021-03-12,6734.39990234375,6749.1298828125,6693.91015625,6728.5498046875,60800
2021-03-15,6694.08984375,6694.08984375,6489.7900390625,6552.4599609375,126900
2021-03-16,6529.10009765625,6610.52978515625,6519.18017578125,6559.080078125,74800
2021-03-17,6574.31005859375,6593.52978515625,6548.5400390625,6566.830078125,88600
2021-03-18,6581.47021484375,6675.83984375,6577.64013671875,6630.85009765625,94200
2021-03-19,6628.740234375,6638.93017578125,6436.10009765625,6436.10009765625,149900
2021-03-22,6381.58984375,6444.580078125,6325.64013671875,6395.169921875,77100
2021-03-23,6381.81982421875,6446.35009765625,6381.81982421875,6446.35009765625,83600
2021-03-24,6427.72021484375,6497.009765625,6393.14013671875,6497.009765625,83800
2021-03-25,6498.509765625,6603.5498046875,6498.509765625,6581.0,125600
2021-03-26,6567.89013671875,6576.60009765625,6526.2900390625,6544.6298828125,104300
2021-03-29,6469.259765625,6653.52001953125,6432.06982421875,6607.77978515625,107000
2021-03-30,6586.93017578125,6603.06005859375,6504.18017578125,6545.5498046875,82200
2021-03-31,6554.43017578125,6557.0400390625,6443.08984375,6443.08984375,114900
2021-04-05,6447.39990234375,6500.35009765625,6446.0400390625,6495.14990234375,77800
2021-04-06,6521.259765625,6590.10986328125,6518.490234375,6590.10986328125,78800
2021-04-07,6591.0498046875,6651.7099609375,6578.1201171875,6651.7099609375,133700
2021-04-08,6648.7099609375,6648.7099609375,6542.27001953125,6545.169921875,93600
2021-04-12,6562.10986328125,6566.669921875,6504.58984375,6518.64013671875,93700
2021-04-13,6520.02978515625,6520.02978515625,6431.7099609375,6457.7900390625,129700
2021-04-14,6474.25,6523.2099609375,6453.259765625,6523.2099609375,117900
2021-04-15,6505.1298828125,6539.9599609375,6464.490234375,6539.9599609375,140500
2021-04-16,6533.56005859375,6533.56005859375,6490.68017578125,6494.81005859375,85300
2021-04-19,6503.77001953125,6503.77001953125,6459.759765625,6459.759765625,131600
2021-04-20,6464.64990234375,6500.419921875,6459.43994140625,6500.419921875,105600
2021-04-21,6492.52001953125,6494.77978515625,6439.39013671875,6439.39013671875,140000
2021-04-22,6451.22998046875,6451.64990234375,6374.330078125,6415.52978515625,146000
2021-04-23,6423.2998046875,6424.5498046875,6371.43017578125,6378.06982421875,125700
2021-04-26,6417.77001953125,6417.77001953125,6348.56005859375,6389.3798828125,107600
2021-04-27,6387.14990234375,6397.740234375,6356.47021484375,6356.47021484375,139900
2021-04-28,6381.740234375,6469.14013671875,6375.2900390625,6469.14013671875,139200
2021-04-29,6453.259765625,6487.509765625,6420.93994140625,6487.509765625,118700
2021-04-30,6475.60986328125,6476.10986328125,6370.8701171875,6370.8701171875,116900
2021-05-03,6392.97021484375,6419.52001953125,6369.27978515625,6369.27978515625,77800
2021-05-04,6391.830078125,6397.18994140625,6356.14013671875,6359.14990234375,90400
2021-05-05,6352.5498046875,6354.81005859375,6299.68994140625,6299.68994140625,109900
2021-05-06,6310.3701171875,6322.169921875,6233.330078125,6282.77978515625,107300
2021-05-07,6278.7001953125,6305.990234375,6257.5,6258.7099609375,86900
2021-05-10,6279.7900390625,6321.509765625,6279.7900390625,6317.41015625,88700
2021-05-11,6298.919921875,6341.1201171875,6281.60986328125,6326.830078125,128700
2021-05-12,6310.330078125,6310.330078125,6221.93017578125,6236.39990234375,199300
2021-05-14,6262.31005859375,6269.35986328125,6080.93994140625,6269.35986328125,286100
2021-05-17,6226.830078125,6283.580078125,6188.740234375,6283.580078125,139300
2021-05-18,6230.5400390625,6258.77001953125,6210.0,6244.740234375,124200
2021-05-19,6262.52001953125,6269.990234375,6204.4501953125,6245.7099609375,113600
2021-05-20,6253.02001953125,6253.02001953125,6197.64013671875,6197.64013671875,111000
2021-05-21,6201.8798828125,6218.41015625,6172.18017578125,6199.25,115700
2021-05-24,6195.8701171875,6209.0498046875,6156.2001953125,6164.89013671875,165100
2021-05-25,6173.25,6203.0,6164.89990234375,6196.7099609375,176300
2021-05-26,6223.669921875,6377.10009765625,6213.43994140625,6341.240234375,235800
2021-05-27,6665.14013671875,6665.14013671875,6665.14013671875,6665.14013671875,0
2021-05-28,6622.18017578125,6688.06982421875,6597.5,6674.509765625,301800
2021-05-31,6656.8798828125,6687.64013671875,6588.0400390625,6628.490234375,122400
2021-06-01,6619.02001953125,6644.81982421875,6576.64013671875,6627.43017578125,79100
2021-06-02,6631.72021484375,6841.68994140625,6631.72021484375,6841.68994140625,226900
2021-06-03,6835.240234375,6835.240234375,6760.18994140625,6791.8701171875,138900
2021-06-04,6789.02978515625,6810.759765625,6761.91015625,6796.33984375,110600
2021-06-07,6801.35986328125,6801.35986328125,6758.08984375,6763.919921875,88800
2021-06-08,6781.0400390625,6809.72021484375,6767.33984375,6809.72021484375,83200
2021-06-09,6811.4599609375,6922.8701171875,6805.0,6902.5400390625,184100
2021-06-10,6923.9501953125,6925.14013671875,6872.72021484375,6875.7099609375,164100
2021-06-11,6890.02978515625,6910.330078125,6872.58984375,6907.7900390625,120700
2021-06-14,6898.2001953125,6917.490234375,6871.7099609375,6917.490234375,108300
2021-06-15,6908.81005859375,6976.72998046875,6893.4501953125,6976.72998046875,118000
2021-06-16,6957.9501953125,7001.2099609375,6957.9501953125,6973.35009765625,153400
2021-06-17,6968.56005859375,6974.56005859375,6878.47021484375,6887.919921875,111500
2021-06-18,6878.990234375,6896.35986328125,6800.7001953125,6851.3798828125,167100
2021-06-21,6840.22021484375,6849.4501953125,6783.18994140625,6827.169921875,120700
2021-06-22,6834.18994140625,6910.169921875,6834.18994140625,6870.41015625,77100
2021-06-23,6871.830078125,6918.9599609375,6871.830078125,6918.41015625,80900
2021-06-24,6917.89990234375,6919.1298828125,6886.0,6886.0,109600
2021-06-25,6894.27001953125,6950.509765625,6894.27001953125,6950.509765625,92600
2021-06-28,6949.52978515625,6954.60986328125,6901.89013671875,6937.9599609375,139900
2021-06-29,6939.25,6956.64990234375,6921.06982421875,6956.64990234375,119300
2021-06-30,6941.16015625,6957.56005859375,6901.91015625,6901.91015625,140500
2021-07-01,6949.97998046875,7002.22998046875,6946.2099609375,6964.009765625,108700
2021-07-02,6976.27001953125,7002.259765625,6963.43994140625,7002.259765625,156300
2021-07-05,6993.68017578125,7037.14013671875,6992.7001953125,7036.3798828125,89900
2021-07-06,7064.240234375,7064.240234375,6992.43017578125,6992.43017578125,120200
2021-07-07,6994.1298828125,6994.1298828125,6924.2099609375,6943.0,141900
2021-07-08,6945.990234375,6966.52978515625,6917.3798828125,6924.990234375,116700
2021-07-09,6900.33984375,6900.33984375,6745.85009765625,6834.919921875,179100
2021-07-12,6838.18017578125,6913.8701171875,6838.18017578125,6913.8701171875,83300
2021-07-13,6907.47998046875,6907.47998046875,6795.1298828125,6795.1298828125,116500
2021-07-14,6811.58984375,6835.41015625,6785.83984375,6835.41015625,120800
2021-07-15,6829.0498046875,6832.68994140625,6727.93017578125,6727.93017578125,80900
2021-07-16,6743.77978515625,6783.91015625,6653.52978515625,6693.830078125,142900
2021-07-19,6665.5400390625,6665.5400390625,6510.43017578125,6587.2001953125,148000
2021-07-21,6611.669921875,6611.669921875,6451.1201171875,6476.2099609375,147800
2021-07-22,6496.97021484375,6586.009765625,6496.97021484375,6576.6201171875,88000
2021-07-23,6600.8798828125,6611.31005859375,6461.75,6520.740234375,86600
2021-07-26,6509.740234375,6509.740234375,6372.60986328125,6372.60986328125,73400
2021-07-27,6404.2099609375,6522.580078125,6401.66015625,6522.580078125,74100
2021-07-28,6511.830078125,6511.830078125,6370.25,6473.02978515625,117600
2021-07-29,6465.2099609375,6523.56005859375,6442.509765625,6496.52978515625,116900
2021-07-30,6520.1201171875,6520.1201171875,6270.22998046875,6270.22998046875,145800
2021-08-02,6304.02978515625,6446.31005859375,6293.66015625,6446.31005859375,91200
2021-08-03,6442.39990234375,6560.06005859375,6376.10986328125,6560.06005859375,114000
2021-08-04,6570.93994140625,6598.18017578125,6545.56005859375,6585.2099609375,90900
2021-08-05,6605.4599609375,6605.4599609375,6539.91015625,6547.27001953125,134200
2021-08-06,6549.89013671875,6578.41015625,6539.91015625,6539.91015625,137200
2021-08-09,6555.740234375,6637.43017578125,6537.2001953125,6632.56982421875,133200
2021-08-10,6644.39013671875,6644.39013671875,6584.6298828125,6623.22998046875,150400
2021-08-11,6630.06005859375,6666.85986328125,6630.06005859375,6666.85986328125,142200
2021-08-12,6648.22998046875,6648.22998046875,6546.08984375,6556.56982421875,119000
2021-08-13,6564.77978515625,6588.43994140625,6320.18994140625,6320.18994140625,381400
2021-08-16,6420.31005859375,6513.68017578125,6413.77001953125,6513.68017578125,131900
2021-08-17,6511.02001953125,6589.35009765625,6511.02001953125,6561.41015625,129200
2021-08-18,6568.72021484375,6680.18017578125,6567.52001953125,6680.18017578125,126000
2021-08-19,6678.43017578125,6718.509765625,6615.240234375,6718.509765625,113200
2021-08-20,6717.93994140625,6743.27978515625,6633.22021484375,6633.22021484375,143800
2021-08-23,6679.52001953125,6690.18017578125,6591.669921875,6591.669921875,107900
2021-08-24,6631.8701171875,6678.81982421875,6628.39990234375,6678.81982421875,126300
2021-08-25,6682.93017578125,6822.14990234375,6666.93017578125,6822.14990234375,98900
2021-08-26,6822.830078125,6850.18017578125,6808.93994140625,6820.52978515625,191300
2021-08-27,6799.080078125,6831.259765625,6774.02001953125,6786.6201171875,91700
2021-08-31,6786.10986328125,6855.43994140625,6651.009765625,6855.43994140625,286100
2021-09-01,6829.580078125,6868.7900390625,6779.740234375,6785.93994140625,170300
2021-09-02,6831.9599609375,6887.1201171875,6828.89013671875,6834.66015625,185900
2021-09-03,6841.1298828125,6897.1298828125,6841.1298828125,6897.1298828125,168600
2021-09-06,6884.6298828125,6898.919921875,6867.1201171875,6877.10009765625,130500
2021-09-07,6892.7998046875,6924.14013671875,6884.0498046875,6912.7099609375,125200
2021-09-08,6893.16015625,6949.39013671875,6865.02978515625,6949.39013671875,115500
2021-09-09,6939.10009765625,6949.60009765625,6897.1201171875,6924.02001953125,139700
2021-09-10,6914.97021484375,6970.509765625,6908.669921875,6970.509765625,146300
2021-09-13,6960.97998046875,6973.080078125,6937.25,6968.14013671875,115600
2021-09-14,6976.89013671875,7033.06005859375,6920.35986328125,6920.35986328125,151600
2021-09-15,6927.47998046875,6974.97021484375,6861.009765625,6880.2001953125,160300
2021-09-16,6893.5400390625,6968.43017578125,6885.7001953125,6968.43017578125,159200
2021-09-17,6962.0400390625,6979.919921875,6912.85009765625,6912.85009765625,368200
2021-09-20,6922.52001953125,6928.830078125,6824.60009765625,6857.89990234375,156900
2021-09-21,6794.1298828125,6890.97021484375,6779.18994140625,6881.2001953125,127900
2021-09-22,6891.43994140625,6934.41015625,6890.669921875,6890.72998046875,162100
2021-09-23,6904.5,6974.0,6904.5,6915.27978515625,128700
2021-09-24,6940.22021484375,6985.990234375,6939.97998046875,6951.52978515625,139800
2021-09-27,6965.85986328125,6987.259765625,6947.33984375,6956.259765625,181900
2021-09-28,6984.5400390625,6984.5400390625,6868.33984375,6885.35986328125,168100
2021-09-29,6875.16015625,6934.10986328125,6771.759765625,6934.10986328125,224200
2021-09-30,6916.81982421875,6984.14013671875,6904.68994140625,6952.8798828125,174800
2021-10-01,6964.490234375,6984.7900390625,6923.60009765625,6923.60009765625,92200
2021-10-04,6929.7099609375,6964.0400390625,6929.7099609375,6960.89013671875,103500
2021-10-05,6946.759765625,6981.240234375,6921.64990234375,6981.240234375,103200
2021-10-06,6989.5400390625,7073.10009765625,6973.27978515625,7057.4501953125,197000
2021-10-07,7049.169921875,7098.2998046875,6951.2998046875,6951.2998046875,215700
2021-10-08,6972.18017578125,7076.009765625,6906.85986328125,6906.85986328125,266400
2021-10-11,6936.4599609375,7171.43017578125,6936.4599609375,7124.009765625,187400
2021-10-12,7115.240234375,7166.6298828125,7095.91015625,7107.81982421875,172300
2021-10-13,7121.58984375,7159.419921875,7030.68017578125,7068.919921875,262900
2021-10-14,7132.18994140625,7194.58984375,7132.18994140625,7183.10986328125,217100
2021-10-15,7194.990234375,7228.58984375,7168.419921875,7213.4599609375,227800
2021-10-18,7193.56982421875,7225.740234375,7158.240234375,7219.81005859375,240900
2021-10-19,7236.259765625,7289.97021484375,7236.259765625,7266.31005859375,230900
2021-10-20,7250.4599609375,7297.080078125,7250.4599609375,7297.080078125,169100
2021-10-21,7321.25,7326.10009765625,7279.91015625,7311.72021484375,283000
2021-10-22,7305.22021484375,7305.22021484375,7265.419921875,7289.60986328125,139000
2021-10-25,7277.81982421875,7295.35009765625,7198.419921875,7211.5400390625,162400
2021-10-26,7221.490234375,7252.10009765625,7181.47021484375,7252.10009765625,156400
2021-10-27,7254.2001953125,7287.02978515625,7218.60986328125,7230.14990234375,180900
2021-10-28,7235.22021484375,7251.47998046875,7144.43994140625,7157.72998046875,160200
2021-10-29,7159.66015625,7182.60986328125,7043.68017578125,7054.7001953125,179200
2021-11-02,7159.66015625,7182.60986328125,7043.68017578125,7106.009765625,0
2021-11-03,7136.669921875,7210.9599609375,7136.669921875,7184.72021484375,136500
2021-11-04,7221.47021484375,7224.0498046875,7176.64013671875,7203.72021484375,101100
2021-11-05,7247.2099609375,7354.3701171875,7243.27978515625,7340.77001953125,189900
2021-11-08,7374.419921875,7424.93994140625,7373.52978515625,7396.22021484375,168500
2021-11-09,7415.97021484375,7441.669921875,7407.27978515625,7441.669921875,192700
2021-11-10,7454.490234375,7475.75,7361.2998046875,7375.68017578125,131900
2021-11-11,7360.89013671875,7376.72021484375,7315.22021484375,7331.64990234375,119800
2021-11-12,7329.81005859375,7387.81982421875,7329.25,7382.83984375,184200
2021-11-15,7378.72998046875,7378.72998046875,7333.31005859375,7342.3701171875,109100
2021-11-16,7343.240234375,7367.419921875,7307.7099609375,7367.419921875,184400
2021-11-17,7356.8701171875,7381.4599609375,7344.35986328125,7349.81982421875,105500
2021-11-18,7358.06982421875,7358.06982421875,7292.77978515625,7299.33984375,108600
2021-11-19,7298.08984375,7298.08984375,7209.669921875,7280.56982421875,140000
2021-11-22,7268.740234375,7282.669921875,7231.89990234375,7282.669921875,122600
2021-11-23,7272.7001953125,7401.16015625,7261.10986328125,7401.16015625,172700
2021-11-24,7395.490234375,7419.10009765625,7365.77001953125,7419.10009765625,135200
2021-11-25,7389.10986328125,7397.580078125,7335.4599609375,7369.27001953125,135500
2021-11-26,7346.06982421875,7346.06982421875,7263.43017578125,7278.43994140625,218500
2021-11-29,7151.66015625,7202.72021484375,7000.0,7200.8798828125,795500
2021-12-01,7194.08984375,7194.08984375,6928.2998046875,6947.06005859375,296500
2021-12-02,6952.47998046875,7065.89013671875,6945.990234375,7032.5400390625,168900
2021-12-03,7074.009765625,7120.06982421875,7055.18994140625,7055.18994140625,105200
2021-12-06,7075.759765625,7151.759765625,7075.759765625,7130.740234375,119600
2021-12-07,7153.419921875,7170.81982421875,7098.02978515625,7147.2998046875,179700
2021-12-09,7124.66015625,7234.919921875,7113.72021484375,7234.919921875,180400
2021-12-10,7231.240234375,7231.240234375,7180.35986328125,7192.169921875,100500
2021-12-13,7192.7998046875,7226.81982421875,7165.6298828125,7197.60986328125,115600
2021-12-14,7252.009765625,7252.009765625,7158.64990234375,7241.990234375,115900
2021-12-15,7234.97021484375,7263.27001953125,7096.14990234375,7132.580078125,225500
2021-12-16,7132.580078125,7233.259765625,7132.580078125,7233.259765625,144300
2021-12-17,7195.43994140625,7297.66015625,7188.7099609375,7297.66015625,130700
2021-12-20,7236.1201171875,7239.85009765625,7179.41015625,7237.60986328125,83900
2021-12-21,7226.0,7234.89990234375,7167.06005859375,7167.06005859375,197400
2021-12-22,7119.18994140625,7119.18994140625,7119.18994140625,7119.18994140625,0
2021-12-23,7143.669921875,7248.0498046875,7143.669921875,7248.0498046875,131800
2021-12-24,7257.72021484375,7257.72021484375,7181.85986328125,7181.85986328125,45000
2021-12-27,7184.8798828125,7254.7998046875,7166.93017578125,7254.7998046875,53100
2021-12-28,7239.77978515625,7288.580078125,7239.77978515625,7286.56005859375,90800
2021-12-29,7277.080078125,7334.56005859375,7237.009765625,7334.56005859375,161400
2021-12-31,7274.68994140625,7274.68994140625,7119.43994140625,7122.6298828125,108200
2022-01-03,7101.64013671875,7101.64013671875,7041.27001953125,7041.27001953125,86300
2022-01-05,7069.169921875,7131.0,6999.169921875,7091.39990234375,167200
2022-01-06,7037.990234375,7085.52001953125,7008.06982421875,7085.52001953125,114900
2022-01-07,7074.990234375,7077.25,6978.080078125,7011.10986328125,152300
2022-01-10,6990.06982421875,7156.83984375,6966.85009765625,7140.669921875,123400
2022-01-11,7114.8701171875,7160.7998046875,7067.97998046875,7085.68994140625,111400
2022-01-12,7142.52978515625,7215.1298828125,7134.0,7215.1298828125,123100
2022-01-13,7217.3798828125,7317.08984375,7217.3798828125,7307.75,129200
2022-01-14,7281.4501953125,7293.43994140625,7261.33984375,7261.33984375,89300
2022-01-17,7266.41015625,7280.10986328125,7223.830078125,7223.830078125,72900
2022-01-18,7246.35009765625,7343.9599609375,7244.83984375,7343.9599609375,70000
2022-01-19,7304.6201171875,7304.6201171875,7242.27978515625,7261.5400390625,101500
2022-01-20,7258.169921875,7281.56005859375,7218.68017578125,7239.27978515625,182000
2022-01-21,7225.22021484375,7293.52001953125,7204.27001953125,7293.52001953125,77900
2022-01-24,7256.39990234375,7256.85009765625,7215.27001953125,7252.64013671875,76900
2022-01-25,7262.6298828125,7288.2099609375,7242.080078125,7288.2099609375,83400
2022-01-26,7283.14990234375,7283.14990234375,7210.2099609375,7253.60986328125,108000
2022-01-27,7243.68994140625,7275.27978515625,7237.7998046875,7273.52001953125,79200
2022-01-28,7266.9599609375,7315.31005859375,7251.97021484375,7251.97021484375,132500
2022-01-31,7279.0498046875,7369.93994140625,7279.0498046875,7361.64990234375,114000
2022-02-02,7380.14013671875,7517.5,7380.14013671875,7458.990234375,127100
2022-02-03,7460.58984375,7460.58984375,7382.77001953125,7382.77001953125,101900
2022-02-04,7407.97021484375,7470.1298828125,7394.43994140625,7456.35009765625,129600
2022-02-07,7469.2900390625,7474.52978515625,7378.7001953125,7380.2998046875,166500
2022-02-08,7400.89990234375,7473.7099609375,7400.89990234375,7458.22998046875,98100
2022-02-09,7475.2099609375,7552.2001953125,7475.2099609375,7502.47998046875,158900
2022-02-10,7508.72998046875,7538.77978515625,7427.43994140625,7432.6201171875,173800
2022-02-11,7446.2099609375,7446.2099609375,7270.35986328125,7270.35986328125,425900
2022-02-14,7276.6298828125,7361.14990234375,7276.6298828125,7361.14990234375,179500
2022-02-15,7338.27978515625,7372.64990234375,7292.9501953125,7309.93994140625,218800
2022-02-16,7324.8798828125,7452.81982421875,7324.8798828125,7452.81982421875,214500
2022-02-17,7455.08984375,7464.18994140625,7423.9501953125,7438.93017578125,167300
2022-02-18,7419.580078125,7425.43994140625,7368.669921875,7418.7900390625,187400
2022-02-21,7330.43994140625,7372.25,7257.43017578125,7372.25,141800
2022-02-22,7341.35009765625,7440.91015625,7289.5498046875,7440.91015625,139800
2022-02-23,7414.990234375,7414.990234375,7347.43994140625,7364.2099609375,135300
2022-02-24,7355.8701171875,7383.89990234375,7179.6298828125,7212.22998046875,219400
2022-02-28,7175.81982421875,7326.06982421875,7175.81982421875,7311.009765625,228000
2022-03-01,7322.3798828125,7404.60986328125,7317.43994140625,7404.60986328125,126100
2022-03-02,7375.6201171875,7379.1298828125,7286.259765625,7304.02001953125,104000
2022-03-03,7319.8798828125,7388.08984375,7310.240234375,7388.08984375,109000
2022-03-04,7369.7998046875,7375.27978515625,7320.43994140625,7342.009765625,87200
2022-03-07,7304.759765625,7304.759765625,7158.330078125,7288.06982421875,158600
2022-03-08,7167.9501953125,7176.18994140625,6977.72998046875,6977.72998046875,231700
2022-03-09,6967.5400390625,7095.1201171875,6967.5400390625,6989.8798828125,156500
2022-03-10,7094.77978515625,7125.39990234375,7043.4501953125,7124.7998046875,129800
2022-03-11,7084.77978515625,7112.18994140625,7044.83984375,7112.18994140625,118900
2022-03-14,7076.7900390625,7076.7900390625,6797.08984375,6816.9501953125,171900
2022-03-15,6820.77978515625,7019.919921875,6638.39990234375,7019.919921875,172500
2022-03-16,7004.56982421875,7026.4501953125,6957.4599609375,7026.4501953125,143200
2022-03-17,7053.5400390625,7156.77001953125,7046.56005859375,7122.4501953125,157900
2022-03-18,7112.0,7140.89990234375,7007.6298828125,7007.6298828125,367900
2022-03-21,7024.7900390625,7054.97998046875,6949.85009765625,6956.60009765625,127700
2022-03-22,6940.85009765625,7008.93994140625,6900.490234375,7008.93994140625,118400
2022-03-23,6986.18994140625,7013.669921875,6977.60986328125,7009.43017578125,94600
2022-03-24,7013.39013671875,7082.60986328125,6985.47021484375,7082.60986328125,125100
2022-03-25,7073.60986328125,7124.83984375,7048.52978515625,7124.83984375,102100
2022-03-28,7120.740234375,7134.35986328125,7080.3701171875,7134.35986328125,87900
2022-03-29,7090.22021484375,7115.08984375,7062.72021484375,7115.08984375,115600
2022-03-30,7097.18017578125,7167.02001953125,7097.18017578125,7167.02001953125,164400
2022-03-31,7173.68994140625,7203.47021484375,7156.490234375,7203.47021484375,172400
2022-04-01,7160.47998046875,7162.43994140625,7103.47021484375,7152.8798828125,102000
2022-04-04,7124.25,7163.2099609375,7124.25,7163.2099609375,78500
2022-04-05,7158.56982421875,7158.56982421875,7106.490234375,7156.06982421875,70400
2022-04-06,7129.27001953125,7130.919921875,7080.490234375,7109.259765625,82700
2022-04-07,7100.06005859375,7120.81982421875,6926.02978515625,6926.02978515625,149600
2022-04-08,6957.419921875,7018.02001953125,6950.10009765625,7018.02001953125,87200
2022-04-11,7017.9501953125,7026.919921875,6988.2900390625,6988.2900390625,57400
2022-04-12,6992.97021484375,6992.97021484375,6895.35986328125,6895.35986328125,105300
2022-04-13,6907.97021484375,6984.89990234375,6907.97021484375,6984.89990234375,76900
2022-04-18,7010.919921875,7010.919921875,6977.39990234375,6996.10986328125,52800
2022-04-19,7037.740234375,7037.740234375,7037.740234375,7037.740234375,0
2022-04-20,7085.22998046875,7142.419921875,7067.740234375,7142.419921875,92700
2022-04-21,7145.5,7156.85009765625,7050.6201171875,7061.490234375,104800
2022-04-22,7067.93017578125,7072.58984375,6959.9501953125,6998.58984375,76600
2022-04-25,6971.8798828125,7020.830078125,6913.43017578125,7020.830078125,84800
2022-04-26,6996.009765625,7001.91015625,6964.0,6980.02001953125,73100
2022-04-27,6936.10009765625,6945.2998046875,6832.919921875,6863.91015625,89300
2022-04-28,6858.0,6909.4501953125,6828.85009765625,6909.4501953125,97700
2022-04-29,6911.64013671875,6911.64013671875,6731.25,6731.25,189900
2022-05-02,6742.830078125,6764.10009765625,6668.39013671875,6721.080078125,79500
2022-05-04,6736.2998046875,6802.72998046875,6630.4599609375,6802.72998046875,111300
2022-05-05,6827.93994140625,6881.58984375,6785.39013671875,6868.919921875,104500
2022-05-06,6800.93994140625,6855.009765625,6759.89990234375,6759.89990234375,93300
2022-05-10,6632.35009765625,6720.93017578125,6547.43994140625,6720.93017578125,170500
2022-05-11,6677.240234375,6695.85009765625,6630.52001953125,6635.85986328125,153700
2022-05-12,6633.68017578125,6633.68017578125,6532.2998046875,6532.2998046875,170300
2022-05-13,6545.52001953125,6569.35986328125,6379.169921875,6379.169921875,340000
2022-05-16,6458.56982421875,6539.330078125,6458.56982421875,6502.1201171875,173600
2022-05-17,6518.1201171875,6594.66015625,6495.68017578125,6594.66015625,298100
2022-05-18,6621.169921875,6727.60009765625,6607.97998046875,6727.60009765625,223600
2022-05-19,6651.169921875,6711.14990234375,6597.14013671875,6660.0498046875,225700
2022-05-20,6683.14990234375,6763.740234375,6683.14990234375,6746.330078125,167000
2022-05-23,6757.58984375,6757.58984375,6678.009765625,6687.85009765625,143000
2022-05-24,6693.60986328125,6693.60986328125,6577.4501953125,6577.4501953125,145000
2022-05-25,6580.08984375,6612.080078125,6574.97998046875,6597.759765625,133800
2022-05-26,6607.18994140625,6645.52001953125,6589.18017578125,6645.52001953125,139200
2022-05-27,6655.509765625,6726.14013671875,6641.16015625,6726.14013671875,142300
2022-05-30,6741.9501953125,6839.27001953125,6729.89990234375,6822.31982421875,153900
2022-05-31,6832.080078125,6832.080078125,6774.68017578125,6774.68017578125,1029500
2022-06-01,6786.919921875,6786.919921875,6698.7900390625,6712.2099609375,118300
2022-06-02,6722.72998046875,6722.72998046875,6653.41015625,6686.830078125,84400
2022-06-03,6667.6201171875,6743.14990234375,6653.9599609375,6741.39990234375,93800
2022-06-06,6747.60009765625,6749.06982421875,6699.97021484375,6716.8798828125,132100
2022-06-07,6717.6201171875,6754.009765625,6705.6298828125,6754.009765625,96500
2022-06-08,6768.35009765625,6797.5498046875,6733.14013671875,6769.6201171875,110200
2022-06-09,6796.3798828125,6796.3798828125,6684.6298828125,6758.58984375,101700
2022-06-10,6713.330078125,6713.330078125,6530.0400390625,6530.0400390625,121100
2022-06-13,6503.06005859375,6503.52978515625,6430.4501953125,6467.009765625,125300
2022-06-14,6416.8701171875,6474.52978515625,6384.41015625,6474.52978515625,131300
2022-06-15,6443.85009765625,6472.64013671875,6319.419921875,6319.419921875,128000
2022-06-16,6374.43017578125,6393.3798828125,6327.22998046875,6393.009765625,128000
2022-06-17,6308.85986328125,6331.56005859375,6273.72998046875,6331.56005859375,281300
2022-06-20,6341.97998046875,6349.009765625,6302.5,6333.93994140625,87100
2022-06-21,6349.259765625,6370.740234375,6255.68017578125,6285.18994140625,108900
2022-06-22,6289.27001953125,6299.41015625,6168.0,6168.0,149500
2022-06-23,6177.56005859375,6215.89990234375,6054.7900390625,6065.22998046875,140900
2022-06-24,6096.47998046875,6217.56005859375,6096.47998046875,6217.56005859375,142500
2022-06-27,6241.93994140625,6253.509765625,6197.97998046875,6238.81982421875,143300
2022-06-28,6247.14013671875,6349.490234375,6232.0498046875,6345.41015625,162300
2022-06-29,6361.22998046875,6374.91015625,6303.18994140625,6303.18994140625,131200
2022-06-30,6321.0400390625,6337.33984375,6140.22021484375,6155.43017578125,171500
2022-07-01,6174.3701171875,6223.56005859375,6148.43017578125,6165.35009765625,124700
2022-07-04,6195.89990234375,6210.830078125,6160.8798828125,6183.6201171875,100400
2022-07-05,6193.16015625,6309.990234375,6193.16015625,6309.990234375,110700
2022-07-06,6323.6201171875,6445.009765625,6312.08984375,6445.009765625,132600
2022-07-07,6419.89990234375,6425.22998046875,6332.5400390625,6352.31982421875,127800
2022-07-08,6366.68017578125,6497.97021484375,6358.43994140625,6361.81982421875,168600
2022-07-11,6381.10986328125,6396.0,6315.52001953125,6388.64013671875,80800
2022-07-12,6378.33984375,6393.68017578125,6349.93994140625,6349.93994140625,80100
2022-07-13,6347.6298828125,6351.81982421875,6235.56982421875,6255.3701171875,128100
2022-07-14,6250.06005859375,6255.9599609375,6166.60986328125,6248.1298828125,112000
2022-07-15,6240.830078125,6240.830078125,6127.259765625,6195.259765625,111800
2022-07-18,6182.27001953125,6268.77978515625,6162.27001953125,6268.77978515625,80800
2022-07-19,6255.56982421875,6287.02978515625,6249.259765625,6286.240234375,90200
2022-07-20,6294.97021484375,6351.77001953125,6263.990234375,6274.7998046875,116800
2022-07-21,6298.31005859375,6347.580078125,6245.6298828125,6256.169921875,149200
2022-07-22,6258.56982421875,6266.6298828125,6233.41015625,6263.39013671875,63100
2022-07-25,6239.35009765625,6241.66015625,6163.259765625,6209.52978515625,72300
2022-07-26,6206.7998046875,6234.25,6201.97021484375,6223.0,74600
2022-07-27,6208.93017578125,6237.27001953125,6171.4501953125,6236.759765625,56400
2022-07-28,6274.72021484375,6379.259765625,6274.72021484375,6379.259765625,98800
2022-07-29,6351.7001953125,6351.7001953125,6265.9501953125,6315.93017578125,117500
2022-08-01,6309.06982421875,6325.97021484375,6227.330078125,6312.02978515625,134700
2022-08-02,6310.02978515625,6362.2998046875,6291.93994140625,6362.2998046875,117100
2022-08-03,6359.97021484375,6430.080078125,6336.02001953125,6430.080078125,133200
2022-08-04,6435.60986328125,6483.10986328125,6415.39013671875,6483.10986328125,104800
2022-08-05,6484.60986328125,6519.7998046875,6405.5,6405.5,270400
2022-08-08,6425.47021484375,6437.919921875,6370.830078125,6434.240234375,119700
2022-08-09,6431.60009765625,6468.97021484375,6408.39013671875,6468.97021484375,129400
2022-08-10,6464.56005859375,6471.83984375,6413.9599609375,6471.83984375,121600
2022-08-11,6505.740234375,6680.68017578125,6505.740234375,6680.68017578125,197000
2022-08-12,6676.27001953125,6730.52978515625,6646.7900390625,6699.66015625,173900
2022-08-15,6699.490234375,6745.9599609375,6691.169921875,6737.83984375,110400
2022-08-16,6735.56005859375,6850.64013671875,6703.08984375,6850.64013671875,207000
2022-08-17,6845.64990234375,6883.60009765625,6817.0,6818.990234375,156000
2022-08-18,6770.419921875,6844.14013671875,6753.02978515625,6824.6298828125,181200
2022-08-19,6834.759765625,6867.89013671875,6819.14990234375,6863.85986328125,102600
2022-08-22,6848.9501953125,6848.9501953125,6704.41015625,6704.41015625,120000
2022-08-23,6680.52001953125,6680.52001953125,6591.830078125,6618.3798828125,126000
2022-08-24,6618.85986328125,6677.68994140625,6614.83984375,6643.4501953125,75200
2022-08-25,6657.18017578125,6726.68017578125,6656.7001953125,6706.43017578125,61800
2022-08-26,6697.0400390625,6752.5,6680.72998046875,6752.5,176300
2022-08-30,6616.43017578125,6690.43994140625,6600.990234375,6690.27001953125,146200
2022-08-31,6661.14990234375,6661.14990234375,6583.64990234375,6583.64990234375,247500
2022-09-01,6594.669921875,6606.2099609375,6569.169921875,6588.27978515625,125600
2022-09-02,6586.080078125,6692.64990234375,6586.080078125,6692.64990234375,97500
2022-09-05,6693.83984375,6698.5400390625,6640.02978515625,6676.0400390625,84400
2022-09-06,6681.1298828125,6721.41015625,6668.41015625,6709.60009765625,95500
2022-09-07,6709.4599609375,6709.4599609375,6554.080078125,6554.080078125,118500
2022-09-08,6574.47998046875,6600.66015625,6548.080078125,6593.740234375,124000
2022-09-09,6593.56982421875,6629.2900390625,6586.72021484375,6606.0,81100
2022-09-12,6625.39990234375,6715.75,6625.39990234375,6715.75,72100
2022-09-13,6710.89013671875,6710.89013671875,6666.14013671875,6701.81005859375,85000
2022-09-14,6604.47998046875,6618.1298828125,6560.509765625,6582.85986328125,136300
2022-09-15,6586.5498046875,6633.6298828125,6575.669921875,6575.669921875,101600
2022-09-16,6586.91015625,6588.25,6539.25,6548.77001953125,439600
2022-09-19,6544.64013671875,6550.02001953125,6433.31982421875,6437.419921875,106900
2022-09-20,6459.919921875,6500.759765625,6448.4599609375,6448.4599609375,97800
2022-09-21,6437.39990234375,6446.97998046875,6315.5400390625,6341.68994140625,128600
2022-09-22,6304.18994140625,6304.18994140625,6227.580078125,6301.7099609375,161100
2022-09-23,6291.3701171875,6291.3701171875,6235.669921875,6259.5400390625,126400
2022-09-27,6193.0400390625,6193.0400390625,5962.169921875,6020.06982421875,179200
2022-09-28,6038.97998046875,6044.169921875,5879.68017578125,5879.68017578125,147000
2022-09-29,5967.31982421875,6006.52001953125,5911.64990234375,5934.25,152000
2022-09-30,5874.56982421875,5874.56982421875,5741.06982421875,5741.06982421875,180600
2022-10-03,5734.33984375,5784.18994140625,5699.2998046875,5783.14990234375,89900
2022-10-04,5851.77001953125,5987.72021484375,5850.64990234375,5987.72021484375,103400
2022-10-05,6033.43017578125,6033.43017578125,5949.81005859375,5988.58984375,107200
2022-10-06,5990.27978515625,6021.580078125,5934.27001953125,5934.27001953125,80000
2022-10-07,5940.77001953125,5941.7998046875,5869.58984375,5932.18994140625,74000
2022-10-10,5898.830078125,5898.830078125,5832.580078125,5832.580078125,66500
2022-10-11,5849.8701171875,5899.39990234375,5835.22021484375,5847.3701171875,100600
2022-10-12,5850.58984375,5873.10986328125,5836.81982421875,5853.6298828125,74900
2022-10-13,5869.85009765625,5914.72998046875,5841.56982421875,5895.64013671875,78600
2022-10-14,5954.9599609375,5967.68994140625,5904.75,5904.75,103000
2022-10-17,5901.5498046875,5977.1298828125,5891.77978515625,5970.330078125,72200
2022-10-18,5997.77978515625,6128.64013671875,5969.77978515625,6128.64013671875,128000
2022-10-19,6130.9501953125,6148.31005859375,6077.3798828125,6148.31005859375,80400
2022-10-20,6137.259765625,6181.75,6028.490234375,6055.990234375,257900
2022-10-21,6067.6298828125,6075.740234375,5983.56005859375,5983.56005859375,80700
2022-10-24,6021.5400390625,6071.7001953125,6018.97998046875,6028.7900390625,69300
2022-10-25,6038.10986328125,6073.41015625,6020.8798828125,6073.41015625,80800
2022-10-26,6070.009765625,6121.52978515625,6053.58984375,6121.52978515625,62000
2022-10-27,6120.89990234375,6230.580078125,6111.93994140625,6230.580078125,95900
2022-10-28,6210.83984375,6210.83984375,6153.43017578125,6153.43017578125,93100
2022-11-02,6258.91015625,6258.91015625,6159.60009765625,6206.240234375,120500
2022-11-03,6155.7998046875,6157.4599609375,6110.02978515625,6156.10986328125,79100
2022-11-04,6148.47021484375,6185.52978515625,6083.5,6185.52978515625,85300
2022-11-07,6184.7900390625,6295.580078125,6167.64990234375,6295.580078125,101100
2022-11-08,6303.580078125,6345.830078125,6260.5,6289.10009765625,92000
2022-11-09,6286.25,6320.39013671875,6236.9599609375,6241.68017578125,112200
2022-11-10,6230.83984375,6248.91015625,6158.259765625,6167.56982421875,106500
2022-11-11,6307.72998046875,6349.259765625,6272.2001953125,6286.77001953125,109700
2022-11-14,6296.22021484375,6362.35009765625,6289.0498046875,6354.759765625,140700
2022-11-15,6334.669921875,6418.93994140625,6320.740234375,6418.93994140625,128900
2022-11-16,6423.6298828125,6423.6298828125,6333.9501953125,6392.08984375,174800
2022-11-17,6380.81005859375,6406.009765625,6366.0498046875,6403.740234375,102800
2022-11-18,6415.33984375,6451.60986328125,6403.5,6437.3798828125,143000
2022-11-21,6451.43994140625,6451.43994140625,6364.2998046875,6403.240234375,115400
2022-11-22,6401.39990234375,6463.18017578125,6401.39990234375,6429.64990234375,106500
2022-11-23,6441.419921875,6510.31982421875,6437.759765625,6510.31982421875,100400
2022-11-24,6503.97998046875,6536.169921875,6496.89013671875,6530.509765625,107800
2022-11-25,6529.10986328125,6606.93994140625,6480.6201171875,6606.93994140625,115000
2022-11-28,6589.93017578125,6681.60986328125,6570.6201171875,6681.47021484375,141200
2022-11-29,6652.0,6780.77978515625,6600.02001953125,6780.77978515625,1304800
2022-12-01,6814.14013671875,6814.14013671875,6732.9599609375,6734.08984375,237300
2022-12-02,6731.169921875,6731.169921875,6489.64990234375,6489.64990234375,115400
2022-12-05,6503.56982421875,6541.77001953125,6442.1298828125,6442.1298828125,90800
2022-12-06,6463.009765625,6674.3798828125,6456.81005859375,6674.3798828125,132700
2022-12-07,6662.75,6662.75,6525.16015625,6525.16015625,143000
2022-12-09,6560.1298828125,6580.1201171875,6515.52978515625,6580.1201171875,134500
2022-12-12,6602.580078125,6642.39990234375,6566.85986328125,6585.2001953125,106100
2022-12-13,6611.16015625,6631.66015625,6566.9501953125,6582.3798828125,136000
2022-12-14,6610.4599609375,6632.1201171875,6583.35009765625,6615.06982421875,131100
2022-12-15,6618.85009765625,6631.08984375,6537.5400390625,6566.7998046875,120400
2022-12-16,6523.06982421875,6552.31982421875,6478.27978515625,6496.5,211700
2022-12-19,6474.0,6477.990234375,6360.97021484375,6414.27001953125,244900
2022-12-20,6412.419921875,6458.1201171875,6385.2001953125,6458.1201171875,87800
2022-12-21,6464.35009765625,6521.169921875,6449.64013671875,6520.7998046875,158600
2022-12-22,6540.93017578125,6580.2099609375,6521.669921875,6576.93994140625,183700
2022-12-23,6567.919921875,6567.919921875,6536.669921875,6541.02978515625,56100
2022-12-27,6549.08984375,6579.259765625,6519.89990234375,6564.89990234375,75400
2022-12-28,6567.1298828125,6576.7099609375,6530.27001953125,6566.5400390625,88600
2022-12-29,6553.669921875,6591.27978515625,6529.68994140625,6566.39013671875,161100
2023-01-03,6555.39990234375,6624.759765625,6550.169921875,6586.009765625,84400
2023-01-04,6601.5,6755.27001953125,6601.5,6718.5,209900
2023-01-05,6738.93017578125,6767.0498046875,6730.52001953125,6761.330078125,167200
2023-01-06,6736.64990234375,6736.64990234375,6666.68017578125,6667.97021484375,136700
2023-01-09,6692.2998046875,6790.240234375,6685.06982421875,6790.240234375,150100
2023-01-10,6783.39990234375,6783.39990234375,6740.02978515625,6756.68994140625,153900
2023-01-11,6764.68017578125,6774.47021484375,6709.33984375,6709.33984375,209800
2023-01-12,6723.52978515625,6833.52978515625,6723.52978515625,6833.52978515625,200000
2023-01-13,6833.759765625,6959.6298828125,6816.419921875,6951.5400390625,238400
2023-01-16,6966.0,7132.10009765625,6966.0,7045.47998046875,258100
2023-01-17,7041.06005859375,7046.4501953125,6952.7900390625,7014.0400390625,192700
2023-01-18,7008.06982421875,7094.85986328125,6967.8701171875,7094.85986328125,178900
2023-01-19,7049.7998046875,7083.8701171875,7043.89990234375,7062.009765625,194100
2023-01-20,7056.43017578125,7063.5,7035.64990234375,7056.6201171875,117100
2023-01-23,7051.4599609375,7069.68017578125,7003.419921875,7069.68017578125,97900
2023-01-24,7065.60009765625,7137.6201171875,7039.0498046875,7041.5,252700
2023-01-25,7072.490234375,7085.5400390625,7047.72998046875,7081.35986328125,138900
2023-01-26,7088.14013671875,7101.83984375,7042.7001953125,7042.7001953125,128400
2023-01-27,7062.6298828125,7080.39990234375,7043.60009765625,7052.16015625,112300
2023-01-30,7048.759765625,7053.72021484375,6929.18017578125,6970.97021484375,302500
2023-01-31,6935.669921875,6935.669921875,6740.18994140625,6793.25,240900
2023-02-01,6814.52001953125,7035.759765625,6813.77001953125,7035.759765625,249700
2023-02-02,7027.919921875,7028.3701171875,6959.77978515625,6986.18994140625,257700
2023-02-03,7012.8701171875,7027.3798828125,6901.22021484375,7027.3798828125,875100
2023-02-06,6997.4599609375,6997.4599609375,6892.0,6936.60986328125,252300
2023-02-07,6919.009765625,6931.7900390625,6881.259765625,6881.259765625,107900
2023-02-08,6885.27001953125,6963.4599609375,6884.43017578125,6923.080078125,110300
2023-02-09,6922.1298828125,6922.1298828125,6840.1201171875,6842.7900390625,115100
2023-02-10,6852.169921875,6884.2001953125,6848.7099609375,6876.7900390625,109500
2023-02-13,6865.5400390625,6902.8701171875,6834.27001953125,6838.75,178400
2023-02-14,6847.990234375,6863.740234375,6791.240234375,6791.240234375,238900
2023-02-15,6790.52978515625,6829.02978515625,6747.10009765625,6822.08984375,97100
2023-02-16,6814.259765625,6848.47998046875,6808.52978515625,6815.91015625,146400
2023-02-17,6805.2099609375,6808.97021484375,6745.5400390625,6779.02001953125,89800
2023-02-20,6793.85986328125,6794.97998046875,6735.52978515625,6744.1201171875,74100
2023-02-21,6757.9501953125,6800.9599609375,6719.10009765625,6800.9599609375,82300
2023-02-22,6778.2001953125,6778.2001953125,6696.72021484375,6699.22998046875,115300
2023-02-23,6704.91015625,6704.91015625,6666.41015625,6685.89990234375,129200
2023-02-24,6704.91015625,6704.91015625,6666.41015625,6685.89990234375,129200
2023-02-27,6684.4501953125,6684.4501953125,6537.52001953125,6599.33984375,165400
2023-02-28,6609.41015625,6670.490234375,6556.2001953125,6556.2001953125,767400
2023-03-01,6602.9599609375,6630.2001953125,6579.47998046875,6607.1298828125,159000
2023-03-02,6628.35009765625,6690.6298828125,6598.14990234375,6622.4501953125,149700
2023-03-03,6640.330078125,6694.35986328125,6640.330078125,6655.3701171875,204300
2023-03-06,6673.18017578125,6737.1298828125,6671.1201171875,6671.1201171875,94800
2023-03-07,6707.5498046875,6739.5,6705.1201171875,6705.1201171875,127100
2023-03-08,6681.2099609375,6711.490234375,6617.85986328125,6711.490234375,141500
2023-03-09,6711.10986328125,6711.10986328125,6609.27001953125,6609.27001953125,119500
2023-03-10,6596.16015625,6596.16015625,6518.43017578125,6589.8798828125,171100
2023-03-13,6529.56982421875,6599.9599609375,6498.39990234375,6544.4501953125,96400
2023-03-14,6525.75,6525.75,6393.330078125,6393.330078125,137000
2023-03-15,6441.669921875,6513.259765625,6434.93017578125,6466.10009765625,127100
2023-03-16,6437.669921875,6437.669921875,6330.52978515625,6404.91015625,108400
2023-03-17,6411.18017578125,6485.60986328125,6409.2900390625,6469.72021484375,143100
2023-03-20,6452.02978515625,6452.02978515625,6389.47998046875,6451.02001953125,86400
2023-03-21,6459.5400390625,6530.75,6459.5400390625,6530.75,100400
2023-03-22,6540.4501953125,6593.22021484375,6540.4501953125,6546.27001953125,84000
2023-03-23,6514.14013671875,6536.35986328125,6494.06005859375,6536.35986328125,86400
2023-03-24,6523.72998046875,6602.83984375,6523.72998046875,6602.169921875,74400
2023-03-27,6598.72998046875,6598.72998046875,6568.7001953125,6595.02978515625,73700
2023-03-28,6607.35986328125,6627.1298828125,6603.14990234375,6603.14990234375,112700
2023-03-29,6622.43994140625,6630.97021484375,6590.10986328125,6630.97021484375,83500
2023-03-30,6632.56005859375,6644.75,6610.759765625,6644.75,81500
2023-03-31,6635.68994140625,6635.68994140625,6499.68017578125,6499.68017578125,149700
2023-04-03,6524.31005859375,6529.990234375,6507.10009765625,6529.990234375,96200
2023-04-04,6533.93017578125,6538.97021484375,6463.97998046875,6472.0400390625,75200
2023-04-05,6470.5400390625,6518.169921875,6470.5400390625,6488.509765625,72000
2023-04-11,6502.4599609375,6506.58984375,6473.9501953125,6479.6298828125,91200
2023-04-12,6473.72998046875,6479.16015625,6428.919921875,6469.419921875,83500
2023-04-13,6453.2900390625,6453.2900390625,6394.10009765625,6448.8701171875,114400
2023-04-14,6445.5498046875,6481.91015625,6445.5498046875,6481.91015625,79000
2023-04-17,6483.240234375,6505.6201171875,6425.14013671875,6505.6201171875,71300
2023-04-18,6499.669921875,6499.669921875,6454.27001953125,6464.72021484375,49100
2023-04-19,6456.9599609375,6468.6298828125,6425.89990234375,6446.35009765625,57800
2023-04-20,6466.68017578125,6520.43994140625,6453.27001953125,6520.43994140625,69900
2023-04-24,6523.85009765625,6598.3798828125,6522.2001953125,6598.3798828125,99200
2023-04-25,6595.509765625,6597.330078125,6575.0400390625,6593.39013671875,112600
2023-04-26,6584.85986328125,6584.85986328125,6512.97998046875,6540.240234375,134300
2023-04-27,6541.35986328125,6597.830078125,6530.89990234375,6583.68017578125,48600
2023-04-28,6592.14013671875,6635.39990234375,6587.41015625,6625.080078125,235800
2023-05-02,6624.9501953125,6673.43994140625,6616.8798828125,6672.68994140625,105500
2023-05-03,6675.7099609375,6675.7099609375,6606.68994140625,6606.68994140625,104300
2023-05-04,6612.14013671875,6684.43994140625,6612.14013671875,6684.35009765625,115200
2023-05-05,6678.8798828125,6706.22021484375,6673.31982421875,6685.66015625,93700
2023-05-08,6709.56005859375,6750.06005859375,6600.740234375,6600.740234375,127600
2023-05-09,6615.72998046875,6646.580078125,6594.4501953125,6622.60986328125,76800
2023-05-10,6632.830078125,6660.66015625,6621.580078125,6658.58984375,100400
2023-05-11,6669.39990234375,6704.52978515625,6657.509765625,6675.4599609375,116400
2023-05-12,6661.60009765625,6668.64990234375,6578.14990234375,6578.14990234375,150400
2023-05-15,6582.56982421875,6585.72021484375,6523.14990234375,6523.14990234375,78700
2023-05-16,6549.33984375,6596.33984375,6549.33984375,6588.89990234375,65700
2023-05-17,6595.4599609375,6644.3798828125,6593.66015625,6635.10986328125,103100
2023-05-18,6642.52978515625,6658.16015625,6628.64013671875,6628.64013671875,81200
2023-05-19,6635.4501953125,6694.08984375,6635.4501953125,6664.5498046875,96200
2023-05-22,6651.18994140625,6651.18994140625,6596.7900390625,6620.830078125,83100
2023-05-23,6601.75,6641.759765625,6592.169921875,6603.56005859375,97300
2023-05-24,6596.2998046875,6615.9501953125,6589.81005859375,6615.9501953125,60000
2023-05-25,6612.47021484375,6613.85009765625,6560.22021484375,6560.22021484375,60500
2023-05-26,6570.9501953125,6570.9501953125,6496.47021484375,6530.2001953125,62300
2023-05-29,6543.93017578125,6593.16015625,6532.72021484375,6593.16015625,67000
2023-05-30,6574.7900390625,6574.7900390625,6510.669921875,6510.669921875,75900
2023-05-31,6517.06982421875,6522.08984375,6469.91015625,6477.35986328125,982000
2023-06-01,6502.759765625,6502.759765625,6430.580078125,6430.580078125,119900
2023-06-02,6449.97021484375,6512.009765625,6449.97021484375,6512.009765625,149500
2023-06-05,6525.6298828125,6544.1298828125,6521.06005859375,6521.64013671875,67300
2023-06-06,6526.2099609375,6539.490234375,6479.93017578125,6479.93017578125,95600
2023-06-07,6490.35009765625,6564.7001953125,6483.8701171875,6564.7001953125,82600
2023-06-08,6546.47021484375,6551.97998046875,6520.52978515625,6539.35986328125,65800
2023-06-09,6541.0400390625,6553.22998046875,6501.93017578125,6507.14990234375,80100
2023-06-12,6541.0400390625,6553.22998046875,6501.93017578125,6507.14990234375,80100
2023-06-13,6492.06005859375,6525.419921875,6471.52978515625,6507.259765625,130200
2023-06-14,6505.33984375,6526.35986328125,6423.68994140625,6434.06005859375,207100
2023-06-15,6434.93994140625,6461.419921875,6386.83984375,6461.419921875,111900
2023-06-16,6450.2998046875,6508.3701171875,6413.56982421875,6508.33984375,216400
2023-06-19,6491.85009765625,6491.85009765625,6422.10986328125,6450.33984375,96000
2023-06-20,6434.02978515625,6448.89990234375,6410.330078125,6448.89990234375,116400
2023-06-21,6420.7998046875,6437.39990234375,6406.8798828125,6424.2099609375,126300
2023-06-22,6423.06005859375,6423.06005859375,6374.06982421875,6404.91015625,130700
2023-06-23,6404.3798828125,6421.77978515625,6392.6298828125,6393.5498046875,67400
2023-06-26,6422.56982421875,6545.4501953125,6419.93017578125,6523.08984375,138700
2023-06-27,6519.7900390625,6547.330078125,6491.81005859375,6502.85009765625,94600
2023-06-29,6507.419921875,6550.25,6507.419921875,6511.490234375,83200
2023-06-30,6525.39013671875,6525.39013671875,6468.06982421875,6468.06982421875,118700
2023-07-03,6459.52978515625,6508.2099609375,6459.52978515625,6508.2099609375,42900
2023-07-04,6501.64990234375,6519.06982421875,6494.509765625,6514.47021484375,37100
2023-07-05,6509.2001953125,6512.39013671875,6446.7900390625,6512.39013671875,131000
2023-07-06,6491.52978515625,6496.14990234375,6436.5400390625,6474.259765625,117800
2023-07-07,6459.259765625,6459.259765625,6379.02978515625,6379.02978515625,65000
2023-07-10,6386.22998046875,6410.5,6375.259765625,6379.72021484375,67300
2023-07-11,6387.97998046875,6430.27978515625,6385.43994140625,6398.64013671875,79000
2023-07-12,6424.18994140625,6466.85009765625,6421.0498046875,6466.85009765625,113400
2023-07-13,6475.66015625,6579.0400390625,6475.66015625,6578.490234375,92600
2023-07-14,6581.39990234375,6624.7900390625,6526.43994140625,6624.7900390625,129200
2023-07-17,6604.91015625,6610.89013671875,6550.759765625,6550.759765625,63700
2023-07-18,6560.3701171875,6610.56982421875,6528.7998046875,6528.7998046875,54300
2023-07-19,6539.22998046875,6564.169921875,6530.330078125,6541.91015625,62100
2023-07-20,6547.7998046875,6645.35986328125,6547.7998046875,6613.5,103500
2023-07-21,6620.02978515625,6689.0400390625,6620.02978515625,6647.56005859375,88200
2023-07-24,6653.5498046875,6677.47998046875,6631.25,6631.25,88500
2023-07-25,6650.6201171875,6698.41015625,6650.6201171875,6661.10986328125,103900
2023-07-26,6683.22021484375,6683.22021484375,6622.60986328125,6679.1298828125,79500
2023-07-27,6660.1201171875,6677.919921875,6627.58984375,6677.919921875,78400
2023-07-28,6664.6201171875,6671.60986328125,6625.259765625,6625.259765625,65700
2023-07-31,6632.60009765625,6678.2900390625,6591.47021484375,6591.47021484375,79500
2023-08-01,6627.56005859375,6641.919921875,6593.7998046875,6593.7998046875,86200
2023-08-02,6607.0498046875,6616.259765625,6475.7998046875,6483.27978515625,92900
2023-08-03,6496.85986328125,6576.759765625,6496.85986328125,6576.759765625,75600
2023-08-04,6580.490234375,6590.64990234375,6450.83984375,6450.83984375,194200
2023-08-07,6498.58984375,6522.58984375,6485.02978515625,6507.77978515625,77700
2023-08-08,6517.1298828125,6541.64013671875,6465.97998046875,6472.97021484375,142800
2023-08-09,6490.08984375,6530.4501953125,6478.740234375,6530.4501953125,94700
2023-08-10,6508.77978515625,6508.77978515625,6446.7998046875,6449.66015625,112300
2023-08-11,6457.0498046875,6458.77001953125,6405.91015625,6405.91015625,100800
2023-08-14,6404.27001953125,6404.27001953125,6306.81005859375,6329.18994140625,187300
2023-08-15,6337.669921875,6370.43017578125,6297.169921875,6335.91015625,128600
2023-08-16,6333.2001953125,6410.08984375,6322.10009765625,6410.08984375,98500
2023-08-17,6393.52978515625,6409.97998046875,6353.740234375,6364.97021484375,95500
2023-08-18,6352.080078125,6366.080078125,6290.27001953125,6290.27001953125,120300
2023-08-22,6286.919921875,6291.0400390625,6212.39013671875,6212.39013671875,107900
2023-08-23,6225.2998046875,6225.2998046875,6179.6298828125,6179.6298828125,86000
2023-08-24,6204.2998046875,6278.18017578125,6204.2998046875,6225.77978515625,67900
2023-08-25,6222.2998046875,6222.2998046875,6155.2001953125,6160.27978515625,39800
2023-08-29,6161.02978515625,6225.0,6142.14990234375,6225.0,126400
2023-08-30,6224.81005859375,6300.43994140625,6224.81005859375,6295.2900390625,131500
2023-08-31,6291.9501953125,6291.9501953125,6175.25,6175.25,160600
2023-09-01,6215.5498046875,6220.25,6179.8798828125,6181.06005859375,616700
2023-09-04,6195.3701171875,6217.740234375,6183.740234375,6214.68017578125,1768700
2023-09-05,6211.75,6258.5,6193.91015625,6225.0,63900
2023-09-06,6243.3701171875,6245.740234375,6205.7998046875,6241.68994140625,61600
2023-09-07,6223.75,6223.75,6170.06982421875,6183.06982421875,68100
2023-09-08,6193.39990234375,6222.93994140625,6173.10009765625,6222.93994140625,48700
2023-09-11,6217.56005859375,6233.740234375,6198.5,6233.740234375,75300
2023-09-12,6238.89013671875,6260.8701171875,6230.2001953125,6230.2001953125,101800
2023-09-13,6235.81982421875,6239.39990234375,6149.18017578125,6149.18017578125,92000
2023-09-14,6156.64990234375,6208.39990234375,6149.2900390625,6208.39990234375,66600
2023-09-15,6202.89013671875,6216.4599609375,6126.33984375,6126.33984375,167200
2023-09-18,6157.22021484375,6159.68017578125,6085.169921875,6124.56982421875,66700
2023-09-19,6121.06982421875,6121.16015625,6034.35986328125,6047.97021484375,66300
2023-09-20,6049.02001953125,6061.64990234375,5998.31005859375,6041.0400390625,86900
2023-09-21,6053.9599609375,6094.7099609375,6043.1298828125,6094.7099609375,96500
2023-09-22,6096.8798828125,6142.7900390625,6086.77978515625,6142.7900390625,76800
2023-09-25,6156.8701171875,6191.4599609375,6118.14013671875,6172.83984375,134300
2023-09-26,6183.5400390625,6280.72021484375,6171.77978515625,6263.93994140625,108400
2023-09-27,6254.35009765625,6374.68017578125,6245.72998046875,6374.68017578125,103900
2023-09-28,6365.64990234375,6412.93994140625,6335.47021484375,6385.52001953125,73000
2023-09-29,6383.41015625,6392.08984375,6321.240234375,6321.240234375,154300
2023-10-02,6334.0,6339.2900390625,6304.52978515625,6304.52978515625,68800
2023-10-03,6304.08984375,6307.93994140625,6253.330078125,6305.990234375,96700
2023-10-04,6289.2998046875,6298.2001953125,6270.35986328125,6298.2001953125,68700
2023-10-05,6266.0,6289.669921875,6178.60009765625,6178.60009765625,108600
2023-10-06,6196.0498046875,6270.89013671875,6166.68994140625,6259.9501953125,85400
2023-10-09,6238.169921875,6271.72021484375,6227.25,6252.16015625,79100
2023-10-10,6265.85986328125,6303.43994140625,6263.740234375,6264.06982421875,141400
2023-10-11,6280.85009765625,6308.0498046875,6253.9599609375,6253.9599609375,121700
2023-10-12,6266.0400390625,6283.72021484375,6234.60009765625,6263.06005859375,71100
2023-10-13,6264.66015625,6283.5,6260.5,6266.33984375,55500
2023-10-16,6261.72021484375,6265.85009765625,6198.830078125,6198.830078125,71900
2023-10-17,6215.1298828125,6286.2099609375,6215.1298828125,6280.89990234375,97800
2023-10-18,6278.5,6290.0498046875,6255.02978515625,6268.27001953125,148600
2023-10-19,6263.22021484375,6263.22021484375,6216.10009765625,6219.16015625,87200
2023-10-20,6208.5,6208.5,6142.89990234375,6142.89990234375,77000
2023-10-23,6135.7001953125,6139.0498046875,6065.3701171875,6088.43994140625,58000
2023-10-24,6086.43994140625,6103.6201171875,6039.72021484375,6039.72021484375,50000
2023-10-25,6050.10009765625,6080.490234375,6026.43017578125,6054.5,71300
2023-10-26,6051.259765625,6051.259765625,5974.169921875,6018.490234375,85900
2023-10-27,5996.2001953125,5999.5498046875,5956.85986328125,5961.990234375,82400
2023-10-31,5971.740234375,5980.81982421875,5920.47021484375,5973.77978515625,86600
2023-11-03,6039.3798828125,6083.68994140625,5989.27001953125,5989.27001953125,81700
2023-11-06,6006.58984375,6078.02978515625,6006.58984375,6006.58984375,56500
2023-11-07,6081.43994140625,6131.31982421875,6055.68017578125,6131.31982421875,54600
2023-11-08,6133.18994140625,6155.02978515625,6103.64013671875,6155.02978515625,64900
2023-11-09,6155.64990234375,6203.72021484375,6155.64990234375,6188.22021484375,85700
2023-11-10,6189.0,6189.0,6127.9599609375,6161.89013671875,61600
2023-11-13,6158.22021484375,6158.759765625,6114.33984375,6116.14013671875,38000
2023-11-14,6122.39013671875,6128.06982421875,6079.14990234375,6110.8798828125,62600
2023-11-15,6114.580078125,6173.259765625,6106.58984375,6171.1298828125,75500
2023-11-16,6177.6298828125,6191.47998046875,6164.2001953125,6191.47998046875,78100
2023-11-17,6172.39013671875,6232.1201171875,6171.169921875,6211.89013671875,85000
2023-11-20,6206.31005859375,6211.97021484375,6174.52001953125,6183.6298828125,70900
2023-11-21,6196.990234375,6219.06005859375,6183.0498046875,6208.830078125,91800
2023-11-22,6213.68017578125,6253.18017578125,6204.22998046875,6253.18017578125,59600
2023-11-23,6249.4599609375,6259.66015625,6233.669921875,6246.2001953125,51300
2023-11-24,6249.7900390625,6271.6298828125,6237.66015625,6269.5,57100
2023-11-28,6274.16015625,6310.97021484375,6274.16015625,6309.56982421875,108200
2023-11-29,6306.9599609375,6329.419921875,6265.14013671875,6265.14013671875,91200
2023-11-30,6258.8701171875,6259.27978515625,6207.06982421875,6223.72998046875,142800
2023-12-01,6230.8701171875,6254.02978515625,6221.52001953125,6245.18017578125,57800
2023-12-04,6237.8701171875,6284.3701171875,6234.22021484375,6284.3701171875,52600
2023-12-05,6288.85986328125,6308.9501953125,6235.580078125,6308.9501953125,70100
2023-12-06,6306.39013671875,6306.39013671875,6273.97021484375,6305.85009765625,81900
2023-12-07,6304.7099609375,6306.419921875,6227.72021484375,6234.77001953125,72600
2023-12-11,6203.39013671875,6228.2900390625,6167.2099609375,6228.2900390625,107100
2023-12-12,6225.75,6292.39013671875,6206.8798828125,6292.39013671875,61800
2023-12-13,6256.669921875,6306.009765625,6245.66015625,6255.740234375,54500
2023-12-14,6280.259765625,6411.240234375,6280.259765625,6410.47998046875,156500
2023-12-15,6402.75,6478.43994140625,6396.47998046875,6478.43994140625,238200
2023-12-18,6459.91015625,6516.330078125,6452.419921875,6475.5,118400
2023-12-19,6455.009765625,6524.580078125,6455.009765625,6521.27001953125,114500
2023-12-20,6521.9599609375,6566.41015625,6500.97021484375,6520.75,197400
2023-12-21,6486.27001953125,6496.419921875,6428.1201171875,6469.22998046875,204200
2023-12-22,6466.93017578125,6501.0,6459.68017578125,6501.0,158300
2023-12-27,6499.60009765625,6500.5400390625,6462.7998046875,6462.7998046875,86900
2023-12-28,6478.60009765625,6519.10986328125,6472.2900390625,6519.10986328125,61000
2023-12-29,6514.75,6523.830078125,6450.0400390625,6450.0400390625,78000
2024-01-02,6478.52001953125,6555.60986328125,6464.33984375,6554.0400390625,63600
2024-01-03,6539.81005859375,6544.89990234375,6483.7998046875,6498.8798828125,43700
2024-01-04,6505.10986328125,6602.919921875,6493.3701171875,6602.52001953125,88800
2024-01-05,6606.240234375,6629.64013671875,6583.06005859375,6629.64013671875,99400
2024-01-08,6633.2099609375,6661.25,6609.22021484375,6609.22021484375,85300
2024-01-09,6628.5498046875,6678.35009765625,6618.52001953125,6618.52001953125,96500
2024-01-10,6587.669921875,6593.77001953125,6546.10986328125,6546.10986328125,84000
2024-01-11,6562.3701171875,6637.7001953125,6562.3701171875,6613.72998046875,78700
2024-01-12,6619.91015625,6676.5400390625,6619.91015625,6643.18017578125,70200
2024-01-15,6655.990234375,6695.41015625,6650.41015625,6680.4501953125,70300
2024-01-16,6681.669921875,6695.169921875,6637.0,6637.0,89800
2024-01-17,6647.080078125,6663.68017578125,6567.759765625,6572.509765625,133300
2024-01-18,6567.2900390625,6570.2998046875,6500.31005859375,6510.8701171875,86700
2024-01-19,6528.68017578125,6528.68017578125,6496.9599609375,6503.5400390625,66000
2024-01-22,6532.830078125,6583.47021484375,6532.830078125,6583.47021484375,75000
2024-01-23,6594.2900390625,6624.43017578125,6593.06982421875,6621.8798828125,67100
2024-01-24,6630.259765625,6679.9599609375,6626.81982421875,6679.9599609375,76600
2024-01-25,6676.39990234375,6687.1201171875,6644.58984375,6673.5,88500
2024-01-26,6674.43994140625,6686.08984375,6643.830078125,6686.08984375,72500
2024-01-29,6680.68017578125,6689.18017578125,6630.68017578125,6630.68017578125,54800
2024-01-30,6636.0400390625,6662.43994140625,6622.009765625,6622.009765625,83000
2024-01-31,6633.4501953125,6722.31982421875,6633.4501953125,6646.43994140625,97100
2024-02-01,6623.93994140625,6644.10986328125,6601.33984375,6623.009765625,65600
2024-02-02,6652.47998046875,6765.3798828125,6652.0400390625,6707.25,136900
2024-02-05,6702.1201171875,6760.41015625,6702.1201171875,6728.22021484375,69900
2024-02-06,6756.72021484375,6774.2099609375,6695.81982421875,6755.259765625,80100
2024-02-07,6772.93017578125,6877.60986328125,6772.93017578125,6830.0400390625,104600
2024-02-08,6844.60986328125,6931.5498046875,6844.60986328125,6850.16015625,112200
2024-02-12,6856.4501953125,6891.68994140625,6807.81982421875,6807.81982421875,74900
2024-02-13,6824.080078125,6848.56982421875,6824.080078125,6827.919921875,99300
2024-02-14,6810.64013671875,6854.52978515625,6780.72998046875,6854.52978515625,82300
2024-02-15,6862.3798828125,6918.14990234375,6855.72998046875,6882.14990234375,83400
2024-02-16,6893.22021484375,6916.43017578125,6873.22998046875,6873.22998046875,93200
2024-02-19,6882.31982421875,6901.31005859375,6798.60986328125,6798.60986328125,92800
2024-02-20,6818.14013671875,6860.7998046875,6818.14013671875,6854.66015625,73200
2024-02-21,6846.52978515625,6897.35986328125,6833.919921875,6897.35986328125,84900
2024-02-22,6899.60986328125,6922.5,6896.330078125,6903.14990234375,72300
2024-02-23,6915.25,6990.64990234375,6913.2099609375,6913.2099609375,71400
2024-02-26,6918.72998046875,6941.85009765625,6891.490234375,6891.490234375,59700
2024-02-27,6887.35986328125,6887.35986328125,6842.330078125,6860.669921875,91400
2024-02-28,6864.39013671875,6878.22998046875,6845.81005859375,6876.52001953125,68100
2024-02-29,6908.72998046875,6944.7099609375,6887.91015625,6944.7099609375,153100
2024-03-01,6931.31982421875,7005.2998046875,6919.58984375,6919.58984375,57500
2024-03-04,6923.240234375,7021.0400390625,6908.81005859375,6951.669921875,80600
2024-03-05,6969.080078125,6981.83984375,6905.4599609375,6905.4599609375,88800
2024-03-06,6882.43017578125,6894.47998046875,6861.5498046875,6878.5400390625,89100
2024-03-07,6849.6298828125,6851.85986328125,6807.43994140625,6837.33984375,76900
2024-03-08,6839.740234375,6942.2099609375,6835.52978515625,6942.2099609375,75800
2024-03-11,6939.5400390625,6939.5400390625,6852.2099609375,6872.240234375,79800
2024-03-12,6885.919921875,6928.41015625,6878.490234375,6879.58984375,101400
2024-03-13,6890.22998046875,6980.64013671875,6889.56005859375,6965.509765625,122400
2024-03-14,6962.43994140625,6989.3798828125,6939.009765625,6967.9599609375,118400
2024-03-15,6946.7001953125,6946.7001953125,6790.9599609375,6822.31982421875,405500
2024-03-18,6838.02978515625,6910.2900390625,6838.02978515625,6853.2900390625,76900
2024-03-19,6851.35009765625,6900.58984375,6831.18017578125,6848.43017578125,118500
2024-03-20,6856.02001953125,6871.22021484375,6840.7001953125,6856.77001953125,93100
2024-03-21,6875.240234375,6963.22021484375,6875.240234375,6963.22021484375,87200
2024-03-22,6917.68017578125,6919.759765625,6871.4501953125,6881.97021484375,98100
2024-03-25,6879.75,6886.52978515625,6843.5,6853.10009765625,95500
2024-03-26,6840.85009765625,6898.169921875,6797.64990234375,6898.169921875,92100
2024-03-27,6884.4599609375,6925.3701171875,6884.4599609375,6903.52978515625,113000
2024-04-01,6948.5400390625,6991.77001953125,6947.27001953125,6979.81005859375,85000
2024-04-02,7016.93017578125,7070.72021484375,6960.43017578125,6960.43017578125,133000
2024-04-03,6960.5498046875,6964.93017578125,6863.81982421875,6863.81982421875,64400
2024-04-04,6870.89990234375,6881.580078125,6809.77978515625,6827.06005859375,69400
2024-04-05,6819.22998046875,6819.22998046875,6728.83984375,6745.4599609375,84900
2024-04-08,6750.740234375,6750.740234375,6686.5,6741.06982421875,81400
2024-04-11,6727.27001953125,6727.27001953125,6669.68017578125,6677.64990234375,123400
2024-04-12,6681.259765625,6719.2001953125,6659.39013671875,6659.39013671875,131000
2024-04-15,6630.43017578125,6630.43017578125,6556.93017578125,6562.43017578125,91600
2024-04-16,6534.93994140625,6534.93994140625,6404.97021484375,6404.97021484375,122300
2024-04-17,6432.10009765625,6497.81982421875,6424.81005859375,6450.0400390625,94500
2024-04-18,6481.89990234375,6548.89013671875,6481.009765625,6523.18994140625,101500
2024-04-19,6511.5,6540.81005859375,6406.97998046875,6443.0,103200
2024-04-22,6484.60986328125,6509.66015625,6439.43994140625,6444.080078125,60700
2024-04-23,6463.64990234375,6515.43017578125,6463.64990234375,6506.7998046875,61600
2024-04-24,6538.97998046875,6595.41015625,6538.97998046875,6572.75,66900
2024-04-25,6598.14013671875,6598.14013671875,6574.8798828125,6574.8798828125,53900
2024-04-26,6557.9501953125,6628.75,6547.759765625,6628.75,58500
2024-04-29,6629.56982421875,6769.64013671875,6629.56982421875,6769.64013671875,107600
2024-04-30,6756.31982421875,6777.27001953125,6700.490234375,6700.490234375,95600
2024-05-02,6654.97021484375,6679.5,6634.83984375,6646.5498046875,80500
2024-05-03,6664.490234375,6666.0498046875,6604.509765625,6615.5498046875,83200
2024-05-06,6639.27001953125,6683.7099609375,6639.27001953125,6652.490234375,65400
2024-05-07,6668.240234375,6691.68017578125,6618.580078125,6618.580078125,106400
2024-05-08,6620.35009765625,6659.18017578125,6573.56982421875,6659.18017578125,109000
2024-05-09,6670.85009765625,6719.18994140625,6536.25,6542.4599609375,171700
2024-05-10,6574.22021484375,6598.93017578125,6511.93017578125,6511.93017578125,59700
2024-05-13,6523.8798828125,6612.72998046875,6523.8798828125,6604.25,72500
2024-05-14,6601.93017578125,6608.35986328125,6587.89013671875,6608.35986328125,80900
2024-05-15,6578.64990234375,6578.64990234375,6547.7099609375,6558.6298828125,156500
2024-05-16,6589.240234375,6628.2001953125,6579.740234375,6628.2001953125,251000
2024-05-17,6619.509765625,6649.60986328125,6578.259765625,6618.68994140625,112100
2024-05-20,6633.58984375,6703.0,6617.580078125,6682.77978515625,117900
2024-05-21,6704.14013671875,6704.14013671875,6614.509765625,6633.66015625,124200
2024-05-22,6606.7998046875,6620.56005859375,6578.580078125,6607.22021484375,87200
2024-05-23,6612.08984375,6659.990234375,6606.3701171875,6659.990234375,94900
2024-05-24,6634.60986328125,6634.60986328125,6587.0498046875,6619.89013671875,68400
2024-05-27,6590.97021484375,6595.08984375,6552.2998046875,6571.60009765625,98600
2024-05-28,6572.9599609375,6572.9599609375,6495.990234375,6501.33984375,110900
2024-05-29,6506.39990234375,6506.39990234375,6411.41015625,6411.41015625,89500
2024-05-30,6410.39013671875,6415.60986328125,6341.5400390625,6371.75,111700
2024-05-31,6387.89013671875,6433.10009765625,6356.52001953125,6433.10009765625,606500
2024-06-03,6433.5400390625,6472.52001953125,6410.47998046875,6470.740234375,96300
2024-06-04,6498.56005859375,6498.56005859375,6351.18994140625,6386.419921875,85200
2024-06-05,6400.4599609375,6443.58984375,6367.72998046875,6441.31982421875,73100
2024-06-06,6465.1298828125,6511.72998046875,6453.490234375,6509.85986328125,80300
2024-06-07,6524.35986328125,6532.93017578125,6512.0498046875,6518.759765625,62700
2024-06-10,6511.89013671875,6511.89013671875,6443.52001953125,6458.64013671875,45700
2024-06-11,6456.85009765625,6464.259765625,6410.06982421875,6410.06982421875,55000
2024-06-13,6428.27978515625,6446.06005859375,6390.830078125,6390.830078125,76800
2024-06-14,6394.43017578125,6400.33984375,6370.68017578125,6383.7001953125,68400
2024-06-18,6394.330078125,6394.330078125,6343.68994140625,6368.7998046875,60300
2024-06-19,6371.52001953125,6382.759765625,6364.39990234375,6366.02978515625,101400
2024-06-20,6372.4599609375,6372.75,6313.14990234375,6344.56005859375,85000
2024-06-21,6349.669921875,6349.669921875,6158.47998046875,6158.47998046875,168200
2024-06-24,6202.64013671875,6272.4599609375,6184.72021484375,6272.4599609375,81800
2024-06-25,6291.08984375,6307.509765625,6281.669921875,6299.0498046875,84800
2024-06-26,6308.56982421875,6313.10986328125,6277.85986328125,6313.10986328125,113500
2024-06-27,6314.83984375,6390.580078125,6301.83984375,6390.580078125,69100
2024-06-28,6394.72998046875,6442.7900390625,6387.68017578125,6411.91015625,123100
2024-07-01,6401.9599609375,6436.39990234375,6382.25,6398.77001953125,71800
2024-07-02,6399.3701171875,6399.3701171875,6348.06005859375,6358.9599609375,64000
2024-07-03,6366.580078125,6451.93994140625,6355.7099609375,6450.02978515625,71700
2024-07-04,6447.2900390625,6517.64013671875,6437.580078125,6507.490234375,70100
2024-07-05,6507.27978515625,6560.2001953125,6492.75,6492.75,82000
2024-07-08,6506.419921875,6559.3798828125,6506.419921875,6529.43017578125,94400
2024-07-09,6530.0498046875,6557.31982421875,6497.52978515625,6556.66015625,78800
2024-07-10,6550.0498046875,6561.7099609375,6489.35009765625,6489.35009765625,80900
2024-07-11,6492.4599609375,6609.240234375,6492.4599609375,6609.240234375,90700
2024-07-12,6611.39013671875,6648.22998046875,6589.58984375,6648.22998046875,68100
2024-07-15,6635.27001953125,6738.1201171875,6635.27001953125,6689.3701171875,85800
2024-07-16,6723.2099609375,6736.81005859375,6667.08984375,6667.08984375,85700
2024-07-17,6677.85009765625,6700.18017578125,6629.509765625,6687.7099609375,78900
2024-07-18,6663.64990234375,6706.2001953125,6649.93017578125,6705.009765625,93200
2024-07-19,6707.4501953125,6829.97021484375,6707.4501953125,6791.68994140625,121800
2024-07-22,6756.759765625,6832.66015625,6712.0498046875,6712.0498046875,109400
2024-07-23,6727.580078125,6753.8798828125,6686.7099609375,6753.1201171875,78200
2024-07-25,6698.25,6698.25,6651.68017578125,6670.27001953125,74800
2024-07-26,6684.6298828125,6726.009765625,6675.6201171875,6726.009765625,86600
2024-07-29,6728.330078125,6761.759765625,6649.22998046875,6649.22998046875,121500
2024-07-30,6658.9501953125,6671.33984375,6569.85986328125,6606.35986328125,73600
2024-07-31,6599.97021484375,6640.169921875,6597.8701171875,6619.08984375,135200
2024-08-01,6645.10009765625,6693.830078125,6619.7001953125,6693.830078125,89300
2024-08-02,6672.47021484375,6672.47021484375,6562.91015625,6605.2998046875,80700
2024-08-05,6535.56982421875,6535.56982421875,6397.10009765625,6434.72998046875,121300
2024-08-06,6439.7998046875,6512.47021484375,6433.240234375,6433.240234375,96000
2024-08-07,6461.85986328125,6535.169921875,6451.9501953125,6535.169921875,73000
2024-08-08,6536.5,6570.81982421875,6515.91015625,6549.27001953125,105600
2024-08-09,6571.64990234375,6647.7998046875,6571.64990234375,6647.7998046875,157100
2024-08-12,6653.0,6661.85986328125,6594.58984375,6613.35986328125,69600
2024-08-13,6624.330078125,6670.0498046875,6615.3798828125,6650.43994140625,101300
2024-08-14,6663.7099609375,6723.10986328125,6663.7099609375,6704.9599609375,150500
2024-08-15,6714.2001953125,6742.47998046875,6692.91015625,6692.91015625,120500
2024-08-16,6724.27001953125,6866.66015625,6724.27001953125,6847.3701171875,126000
2024-08-19,6863.0498046875,6943.52978515625,6863.0498046875,6889.8701171875,158200
2024-08-20,6930.7998046875,7005.27001953125,6930.7998046875,6944.759765625,122400
2024-08-21,6952.27001953125,6983.81005859375,6900.6201171875,6900.6201171875,77700
2024-08-22,6917.2900390625,6987.0400390625,6917.2900390625,6961.9599609375,124600
2024-08-27,6967.9501953125,7008.8701171875,6967.9501953125,6973.41015625,118000
2024-08-28,6985.56005859375,7016.0400390625,6958.009765625,6958.009765625,85700
2024-08-29,6953.009765625,6959.64013671875,6872.5498046875,6891.5498046875,100700
2024-08-30,6904.509765625,6930.419921875,6881.39990234375,6897.5400390625,229100
2024-09-02,6927.25,6933.509765625,6904.5400390625,6923.41015625,72900
2024-09-03,6934.7001953125,6950.60986328125,6878.47998046875,6882.919921875,78600
2024-09-04,6814.7099609375,6882.1201171875,6759.93017578125,6882.1201171875,77200
2024-09-05,6876.27001953125,6914.6298828125,6872.7001953125,6907.97021484375,68000
2024-09-06,6888.7099609375,6940.47021484375,6886.490234375,6936.08984375,86800
2024-09-09,6931.2998046875,7025.4599609375,6920.8798828125,6984.25,91700
2024-09-10,7004.02001953125,7109.75,6984.6298828125,6984.6298828125,129300
2024-09-11,7001.72998046875,7017.740234375,6944.8798828125,6944.8798828125,103700
2024-09-12,6979.740234375,7049.81005859375,6975.490234375,7024.669921875,89600
2024-09-13,7049.7099609375,7090.68017578125,7022.85009765625,7022.85009765625,64900
2024-09-16,7032.33984375,7104.2001953125,7031.1298828125,7104.2001953125,61000
2024-09-17,7094.35986328125,7180.72021484375,7094.35986328125,7175.35986328125,96800
2024-09-18,7161.75,7219.169921875,7147.81982421875,7155.89990234375,77500
2024-09-19,7151.27978515625,7248.3798828125,7151.27978515625,7202.16015625,100300
2024-09-20,7219.6201171875,7338.66015625,7219.6201171875,7252.31982421875,194000
2024-09-23,7291.47021484375,7417.25,7291.47021484375,7417.25,105400
2024-09-24,7436.330078125,7474.43994140625,7425.3701171875,7432.2099609375,146800
2024-09-25,7422.35986328125,7441.990234375,7341.1298828125,7362.6201171875,96500
2024-09-26,7374.7099609375,7458.740234375,7369.35009765625,7458.740234375,99300
2024-09-27,7428.490234375,7436.4599609375,7402.35009765625,7428.2998046875,81600
2024-09-30,7417.47998046875,7421.240234375,7272.64990234375,7272.64990234375,91300
2024-10-01,7278.14990234375,7388.14990234375,7278.14990234375,7380.31982421875,65700
2024-10-02,7351.77001953125,7412.8701171875,7335.18994140625,7402.81005859375,65000
2024-10-03,7406.7900390625,7470.39013671875,7388.919921875,7388.919921875,84200
2024-10-04,7392.490234375,7467.919921875,7392.41015625,7467.919921875,96100
2024-10-07,7464.81005859375,7604.60986328125,7464.81005859375,7554.68017578125,110500
2024-10-08,7535.33984375,7546.2900390625,7488.990234375,7537.25,91700
2024-10-09,7518.2099609375,7518.2099609375,7424.52001953125,7424.52001953125,85100
2024-10-10,7416.43017578125,7457.41015625,7399.43017578125,7411.47021484375,75000
2024-10-11,7415.18994140625,7415.18994140625,7291.0498046875,7310.31982421875,72900
2024-10-14,7334.58984375,7404.4599609375,7326.41015625,7326.41015625,56800
2024-10-15,7359.10009765625,7479.58984375,7359.10009765625,7456.31005859375,76600
2024-10-16,7471.8798828125,7483.77978515625,7430.39990234375,7437.0,115800
2024-10-17,7468.0400390625,7484.669921875,7400.330078125,7400.330078125,91100
2024-10-18,7427.58984375,7447.93994140625,7393.14990234375,7415.72998046875,64200
2024-10-21,7416.81005859375,7428.02001953125,7386.85009765625,7406.6298828125,38300
2024-10-22,7414.1298828125,7452.740234375,7398.990234375,7413.16015625,94300
2024-10-23,7411.31005859375,7415.89990234375,7346.240234375,7367.66015625,101900
2024-10-24,7354.06982421875,7354.06982421875,7283.7900390625,7283.7900390625,73200
2024-10-25,7283.7900390625,7317.43017578125,7272.2099609375,7314.22998046875,57700
2024-10-28,7314.419921875,7355.5498046875,7296.02978515625,7343.240234375,48100
2024-10-29,7331.89013671875,7331.89013671875,7230.97021484375,7239.97998046875,79600
2024-10-30,7215.72021484375,7280.240234375,7184.72021484375,7280.240234375,73600
2024-10-31,7252.10986328125,7252.10986328125,7142.9599609375,7142.9599609375,72100
2024-11-04,7150.56005859375,7150.56005859375,7106.68017578125,7136.10009765625,61600
2024-11-05,7131.259765625,7257.93994140625,7131.259765625,7257.93994140625,64900
2024-11-06,7252.9501953125,7262.240234375,7154.8798828125,7165.419921875,63100
2024-11-07,7142.5400390625,7142.5400390625,6923.990234375,7014.43994140625,126600
2024-11-08,7010.02001953125,7010.02001953125,6899.2001953125,6977.18017578125,93200
2024-11-11,6967.47998046875,6969.169921875,6900.93017578125,6940.009765625,65900
2024-11-12,6934.10986328125,6953.97021484375,6810.10986328125,6810.10986328125,90500
2024-11-13,6815.60986328125,6832.990234375,6714.330078125,6714.330078125,118000
2024-11-14,6730.3798828125,6730.3798828125,6557.08984375,6557.08984375,127000
2024-11-15,6567.43994140625,6694.58984375,6565.14990234375,6676.64990234375,97700
2024-11-18,6710.669921875,6774.240234375,6693.39013671875,6761.35009765625,91200
2024-11-19,6768.93994140625,6835.22998046875,6758.3798828125,6803.18994140625,91500
2024-11-20,6829.2099609375,6975.6298828125,6775.72021484375,6975.6298828125,93800
2024-11-21,6890.759765625,6919.56982421875,6857.89990234375,6863.009765625,80700
2024-11-22,6856.27978515625,6856.27978515625,6771.3701171875,6780.1298828125,62600
2024-11-25,6803.10009765625,6880.759765625,6794.47021484375,6850.0,138200
2024-11-26,6852.990234375,6859.16015625,6806.85986328125,6806.85986328125,67800
2024-11-27,6820.97998046875,6823.14013671875,6702.58984375,6702.58984375,65000
2024-11-28,6638.5400390625,6638.5400390625,6638.5400390625,6638.5400390625,0
2024-11-29,6634.25,6683.5400390625,6609.56005859375,6613.85009765625,101200
2024-12-02,6625.7001953125,6742.89013671875,6625.7001953125,6742.89013671875,69000
2024-12-03,6771.919921875,6771.919921875,6707.14990234375,6734.2099609375,77300
2024-12-04,6743.85986328125,6762.8798828125,6701.35009765625,6729.9599609375,85000
2024-12-05,6730.06005859375,6737.22998046875,6683.669921875,6690.77001953125,81300
2024-12-06,6692.9501953125,6729.14013671875,6645.27978515625,6729.14013671875,63600
2024-12-09,6729.14013671875,6729.14013671875,6670.22998046875,6680.56982421875,66100
2024-12-10,6729.0498046875,6742.009765625,6648.240234375,6724.81982421875,101100
2024-12-11,6720.93017578125,6724.89990234375,6642.7099609375,6642.7099609375,75100
2024-12-12,6622.330078125,6667.97998046875,6598.5,6641.35009765625,132100
2024-12-13,6631.60986328125,6633.60009765625,6583.60986328125,6616.509765625,77800
2024-12-16,6622.509765625,6633.89013671875,6575.06982421875,6615.16015625,89400
2024-12-17,6591.240234375,6591.240234375,6462.72021484375,6501.7099609375,134700
2024-12-18,6512.490234375,6520.81005859375,6461.18994140625,6469.080078125,71700
2024-12-19,6439.3798828125,6439.3798828125,6337.830078125,6395.60009765625,113600
2024-12-20,6415.81982421875,6476.93017578125,6401.85986328125,6406.3798828125,111700
2024-12-23,6422.740234375,6534.91015625,6382.2001953125,6534.91015625,62100
2024-12-26,6523.56005859375,6539.509765625,6489.47021484375,6539.02001953125,38200
2024-12-27,6558.81005859375,6560.33984375,6472.75,6528.7900390625,86600
2025-01-02,6527.83984375,6550.39013671875,6484.56982421875,6550.39013671875,45300
2025-01-03,6540.31982421875,6627.1201171875,6521.60986328125,6603.81005859375,61200
2025-01-06,6623.22998046875,6661.1298828125,6602.759765625,6625.169921875,49000
2025-01-07,6628.16015625,6640.990234375,6545.3798828125,6545.3798828125,81000
2025-01-08,6565.2900390625,6566.7099609375,6496.72021484375,6496.72021484375,70300
2025-01-09,6501.0,6516.7001953125,6460.60009765625,6511.56982421875,62700
2025-01-10,6516.4599609375,6520.2900390625,6473.1298828125,6496.31982421875,62200
2025-01-13,6492.8701171875,6492.8701171875,6343.10009765625,6343.10009765625,82000
2025-01-14,6353.9501953125,6374.72021484375,6290.89013671875,6299.669921875,98300
2025-01-15,6332.64990234375,6373.06982421875,6309.08984375,6330.4599609375,112100
2025-01-16,6370.580078125,6419.259765625,6265.52001953125,6265.52001953125,121200
2025-01-17,6329.43017578125,6352.1201171875,6278.10986328125,6352.1201171875,67700
2025-01-20,6319.830078125,6382.25,6316.85009765625,6349.89013671875,85200
2025-01-21,6339.240234375,6368.02978515625,6326.2998046875,6340.2099609375,70400
2025-01-22,6335.58984375,6392.0498046875,6335.58984375,6348.33984375,104100
2025-01-23,6359.3701171875,6385.72998046875,6319.39013671875,6378.85986328125,69300
2025-01-24,6367.8701171875,6378.7001953125,6296.2001953125,6296.2001953125,70400
2025-01-27,6320.77978515625,6325.60986328125,6196.8798828125,6196.8798828125,82000
2025-01-28,6212.080078125,6248.31005859375,6153.47021484375,6153.47021484375,66100
2025-01-30,6163.02001953125,6163.02001953125,6076.93017578125,6107.66015625,138800
2025-01-31,6122.6298828125,6128.93017578125,5862.58984375,5862.58984375,593900
2025-02-03,5986.64990234375,5994.0400390625,5883.0400390625,5883.0400390625,240700
2025-02-04,5930.740234375,6094.0,5930.740234375,6089.06005859375,96700
2025-02-05,6102.490234375,6282.06982421875,6094.66015625,6281.080078125,131900
2025-02-06,6281.08984375,6281.08984375,6206.72021484375,6241.97021484375,76500
2025-02-07,6254.64990234375,6254.64990234375,6154.990234375,6154.990234375,81800
2025-02-10,6167.56982421875,6188.89013671875,6030.5,6037.1201171875,79500
2025-02-11,6059.31005859375,6059.31005859375,5955.72998046875,5987.75,86500
2025-02-12,6013.43017578125,6073.830078125,5957.47998046875,6044.1298828125,106400
2025-02-13,6038.169921875,6117.27001953125,6022.93994140625,6113.18994140625,88100
2025-02-14,6111.990234375,6113.4501953125,6061.330078125,6061.330078125,121600
2025-02-17,6070.02001953125,6070.02001953125,5968.52978515625,5993.47998046875,136500
2025-02-18,5994.64013671875,6107.6201171875,5994.64013671875,6094.9599609375,108000
2025-02-19,6097.77001953125,6142.85986328125,6089.64990234375,6119.8798828125,101600
2025-02-20,6126.77001953125,6126.77001953125,6050.2900390625,6066.6298828125,106200
2025-02-21,6070.2998046875,6114.580078125,6068.990234375,6098.0400390625,74600
2025-02-24,6108.02001953125,6114.60009765625,6060.47021484375,6095.97021484375,76300
2025-02-25,6101.2900390625,6106.33984375,6030.06005859375,6064.16015625,71000
2025-02-26,6070.58984375,6144.9599609375,6058.2099609375,6144.9599609375,98800
2025-02-27,6151.2998046875,6168.830078125,6122.0498046875,6124.08984375,90800
2025-02-28,6143.16015625,6143.16015625,5997.97021484375,5997.97021484375,531900
2025-03-03,6045.56982421875,6087.10009765625,6037.18994140625,6037.18994140625,169300
2025-03-04,6040.93994140625,6081.27001953125,6000.5400390625,6064.10986328125,104300
2025-03-05,6060.9501953125,6141.60009765625,6057.72021484375,6121.77001953125,137100
2025-03-06,6139.41015625,6275.33984375,6135.97021484375,6219.9599609375,116800
2025-03-07,6237.22021484375,6306.169921875,6224.2001953125,6298.2900390625,94700
2025-03-10,6283.08984375,6360.77001953125,6279.419921875,6360.77001953125,101800
2025-03-11,6311.2998046875,6311.33984375,6156.97021484375,6206.5498046875,164900
2025-03-12,6173.740234375,6195.259765625,6123.8798828125,6195.259765625,121200
2025-03-13,6212.10009765625,6271.490234375,6206.6298828125,6242.06982421875,108400
2025-03-14,6251.4599609375,6299.7001953125,6236.60009765625,6294.10986328125,100700
2025-03-17,6313.240234375,6335.9501953125,6306.18994140625,6306.18994140625,85800
2025-03-18,6312.6298828125,6329.740234375,6284.68017578125,6284.68017578125,89100
2025-03-19,6268.5,6313.1201171875,6245.240234375,6313.1201171875,140600
2025-03-20,6315.10986328125,6337.72021484375,6305.52978515625,6323.1298828125,76900
2025-03-21,6325.93994140625,6325.93994140625,6266.75,6266.75,154500
2025-03-24,6266.43017578125,6266.43017578125,6187.490234375,6192.02001953125,123800
2025-03-25,6194.02001953125,6194.02001953125,6106.39013671875,6159.85009765625,79800
2025-03-26,6162.18994140625,6166.0498046875,6114.35986328125,6166.0498046875,99800
2025-03-27,6180.22021484375,6180.22021484375,6125.52001953125,6139.509765625,100900
2025-03-28,6142.990234375,6151.2998046875,6126.60009765625,6147.43994140625,64400
2025-03-31,6149.18994140625,6180.72021484375,6105.93017578125,6180.72021484375,111800
2025-04-02,6197.22021484375,6247.68017578125,6170.35986328125,6247.68017578125,90000
2025-04-03,6221.02001953125,6221.02001953125,6112.77978515625,6145.72998046875,68900
2025-04-04,6111.10986328125,6111.10986328125,6053.740234375,6084.18994140625,69300
2025-04-07,5900.18994140625,5900.18994140625,5804.56005859375,5822.85009765625,151400
2025-04-08,5839.06005859375,6006.33984375,5839.06005859375,6006.33984375,97700
2025-04-10,6197.72021484375,6197.72021484375,6067.97021484375,6077.81982421875,134000
2025-04-11,6048.740234375,6087.18017578125,5970.080078125,6082.43994140625,70200
2025-04-14,6111.60009765625,6145.52001953125,6091.60986328125,6145.52001953125,0
2025-04-15,6131.52978515625,6186.10009765625,6128.22998046875,6186.10009765625,133100
2025-04-16,6175.06005859375,6178.080078125,6121.259765625,6134.6201171875,73500
2025-04-21,6143.06982421875,6152.3798828125,6120.2998046875,6138.0,74300
2025-04-22,6146.16015625,6150.240234375,6112.259765625,6145.58984375,66300
2025-04-23,6148.47998046875,6168.47998046875,6111.7099609375,6168.47998046875,163200
2025-04-24,6167.27978515625,6183.8701171875,6146.41015625,6158.47998046875,100300
2025-04-25,6188.1201171875,6294.72021484375,6188.1201171875,6268.75,266500
2025-04-28,6293.509765625,6323.4501953125,6249.5,6249.5,224500
2025-04-29,6268.52978515625,6285.97998046875,6223.75,6252.18994140625,121900
2025-04-30,6280.27978515625,6375.4501953125,6278.5400390625,6354.990234375,183200
2025-05-02,6373.97021484375,6452.6298828125,6370.93994140625,6411.85986328125,153500
2025-05-05,6418.6201171875,6445.35009765625,6359.6298828125,6359.6298828125,192100
2025-05-06,6368.85009765625,6437.97998046875,6368.85009765625,6418.68994140625,241100
2025-05-07,6458.35009765625,6531.990234375,6458.35009765625,6465.4501953125,178800
2025-05-08,6474.7001953125,6516.85009765625,6389.490234375,6389.490234375,139500
2025-05-09,6441.35009765625,6487.490234375,6433.93994140625,6458.2001953125,185600
2025-05-13,6506.22021484375,6566.81982421875,6499.8701171875,6566.81982421875,153200
2025-05-14,6558.56005859375,6591.93994140625,6550.06005859375,6551.81005859375,215400
2025-05-15,6537.47021484375,6537.47021484375,6436.0,6466.85986328125,186000
2025-05-16,6459.740234375,6471.8798828125,6403.02978515625,6465.52978515625,97700
2025-05-19,6482.8701171875,6482.8701171875,6445.02001953125,6454.83984375,143000
2025-05-20,6458.27001953125,6458.27001953125,6335.330078125,6335.330078125,160700
2025-05-21,6343.7998046875,6375.35009765625,6315.0400390625,6375.35009765625,116100
2025-05-22,6360.3798828125,6360.3798828125,6269.08984375,6305.3701171875,126800
2025-05-23,6335.06005859375,6413.10009765625,6335.06005859375,6413.10009765625,117800
2025-05-26,6403.31982421875,6405.31005859375,6373.35009765625,6389.93994140625,115300
2025-05-27,6387.31982421875,6399.85009765625,6374.91015625,6384.6201171875,162400
2025-05-28,6411.009765625,6473.81982421875,6411.009765625,6425.7998046875,168400
2025-05-29,6452.93017578125,6453.72021484375,6412.81005859375,6412.81005859375,129000
2025-05-30,6444.919921875,6456.27001953125,6337.240234375,6341.52978515625,512100
2025-06-02,6350.3701171875,6367.91015625,6319.2900390625,6352.66015625,150000
2025-06-03,6366.31982421875,6412.85986328125,6366.31982421875,6412.85986328125,209400
2025-06-04,6420.27001953125,6428.89013671875,6378.56005859375,6378.56005859375,165900
2025-06-05,6379.14013671875,6401.669921875,6361.580078125,6376.7900390625,166100
2025-06-09,6386.990234375,6406.1298828125,6368.9599609375,6406.1298828125,221700
2025-06-10,6403.75,6413.18017578125,6340.240234375,6347.669921875,374100
2025-06-11,6359.52978515625,6384.4501953125,6345.77001953125,6381.31982421875,211200
2025-06-13,6405.759765625,6422.89990234375,6394.85009765625,6395.58984375,309600
2025-06-16,6375.68017578125,6377.27001953125,6335.97998046875,6358.580078125,152800
2025-06-17,6378.58984375,6396.93994140625,6364.77001953125,6369.18994140625,150800
2025-06-18,6375.5400390625,6386.0400390625,6332.580078125,6337.43017578125,141100
2025-06-19,6344.33984375,6365.97021484375,6320.56005859375,6357.009765625,0
2025-06-20,6358.33984375,6370.27978515625,6332.5,6339.77001953125,471100
2025-06-23,6300.169921875,6300.169921875,6204.0400390625,6218.27978515625,165900
2025-06-24,6259.6201171875,6331.02001953125,6259.6201171875,6292.75,133600
2025-06-25,6307.97021484375,6337.9599609375,6307.97021484375,6325.64013671875,114600
2025-06-26,6340.990234375,6345.66015625,6306.41015625,6330.64990234375,179000
2025-06-27,6334.740234375,6417.240234375,6334.740234375,6408.27001953125,165500
2025-06-30,6414.06005859375,6448.02001953125,6364.93994140625,6364.93994140625,199000
2025-07-01,6393.66015625,6423.85009765625,6372.58984375,6423.85009765625,210400
2025-07-02,6416.9501953125,6419.0498046875,6385.5400390625,6419.0498046875,152200
2025-07-03,6401.2001953125,6489.66015625,6401.2001953125,6468.97998046875,244800
2025-07-04,6469.41015625,6470.009765625,6395.56982421875,6395.56982421875,128900
2025-07-07,6403.56982421875,6425.240234375,6376.990234375,6425.240234375,117900
2025-07-08,6422.830078125,6447.419921875,6393.31005859375,6433.60009765625,124500
2025-07-09,6438.6201171875,6508.60009765625,6438.6201171875,6504.33984375,143800
2025-07-10,6511.919921875,6536.68017578125,6463.2001953125,6463.2001953125,147200
2025-07-11,6481.4501953125,6488.14990234375,6450.41015625,6459.8798828125,109000
2025-07-14,6479.1298828125,6547.7998046875,6476.56982421875,6525.0400390625,106000
2025-07-15,6529.93994140625,6537.85009765625,6459.47021484375,6459.47021484375,113600
2025-07-16,6428.259765625,6428.259765625,6309.31005859375,6337.47998046875,131500
2025-07-17,6347.10009765625,6358.58984375,6285.41015625,6295.5498046875,132700
2025-07-18,6312.64013671875,6339.85986328125,6290.60009765625,6303.72021484375,122100
2025-07-21,6310.10009765625,6355.08984375,6310.10009765625,6352.740234375,101500
2025-07-22,6365.259765625,6365.259765625,6326.259765625,6355.68994140625,76300
2025-07-23,6370.33984375,6462.25,6370.33984375,6462.25,99000
2025-07-24,6451.6201171875,6466.10009765625,6436.33984375,6444.16015625,77900
2025-07-25,6461.85009765625,6461.85009765625,6393.830078125,6413.18017578125,88300
2025-07-28,6411.259765625,6417.43017578125,6340.509765625,6379.75,116000
2025-07-29,6384.22998046875,6384.22998046875,6316.7001953125,6325.419921875,134400
2025-07-30,6328.77978515625,6333.919921875,6305.509765625,6318.22998046875,64500
2025-07-31,6314.39990234375,6315.490234375,6222.0400390625,6252.72998046875,112900
2025-08-01,6257.2900390625,6306.1298828125,6245.02001953125,6306.1298828125,82100
2025-08-04,6315.5400390625,6348.64990234375,6258.93017578125,6348.64990234375,95400
2025-08-05,6355.52001953125,6375.3798828125,6334.81982421875,6353.6298828125,82300
2025-08-06,6355.89013671875,6412.43017578125,6348.72998046875,6370.64990234375,107000
2025-08-07,6386.91015625,6388.580078125,6310.97021484375,6364.68994140625,114800
2025-08-08,6355.31982421875,6377.490234375,6322.830078125,6339.3798828125,97800
2025-08-11,6340.2900390625,6342.6298828125,6244.77001953125,6254.35986328125,119900
2025-08-12,6266.759765625,6299.41015625,6260.169921875,6289.85009765625,154300
2025-08-13,6300.35986328125,6340.5,6286.68017578125,6325.08984375,218000
2025-08-14,6346.169921875,6366.77978515625,6291.85009765625,6291.85009765625,145400
2025-08-15,6313.43017578125,6321.169921875,6266.7099609375,6315.93017578125,257900
2025-08-18,6331.009765625,6336.35986328125,6286.08984375,6288.8798828125,85300
2025-08-19,6288.580078125,6290.169921875,6237.509765625,6277.669921875,103100
2025-08-20,6288.27978515625,6301.5,6270.93994140625,6277.8701171875,90100
2025-08-22,6309.240234375,6309.240234375,6267.5498046875,6281.580078125,86700
2025-08-26,6267.93017578125,6271.75,6145.240234375,6145.240234375,180000
2025-08-27,6197.56982421875,6277.91015625,6184.22998046875,6273.33984375,119500
2025-08-28,6279.0498046875,6279.0498046875,6190.18994140625,6190.18994140625,96800
2025-08-29,6186.6298828125,6207.7998046875,6137.08984375,6155.56982421875,101100
2025-09-01,6170.68017578125,6170.68017578125,6114.33984375,6140.35009765625,60500
2025-09-02,6145.259765625,6145.68017578125,6076.27001953125,6128.89013671875,101500
2025-09-03,6113.35009765625,6113.35009765625,6065.10009765625,6082.93017578125,69000
2025-09-04,6095.14990234375,6115.990234375,6088.2099609375,6106.919921875,78700
2025-09-05,6131.39013671875,6175.47998046875,6122.89990234375,6149.1298828125,74600
2025-09-08,6162.009765625,6170.240234375,6101.85986328125,6101.85986328125,89900
2025-09-09,6107.419921875,6142.330078125,6100.22998046875,6122.7099609375,107500
2025-09-10,6134.3701171875,6151.72998046875,6109.33984375,6120.08984375,106200
2025-09-11,6137.72021484375,6138.27001953125,6114.10986328125,6126.89013671875,103500
2025-09-12,6133.52001953125,6146.64990234375,6102.009765625,6109.2099609375,175500
2025-09-15,6116.10009765625,6116.10009765625,6036.6298828125,6057.43017578125,104800
2025-09-16,6066.72998046875,6158.5,6066.72998046875,6148.740234375,121100
2025-09-17,6167.68994140625,6225.4501953125,6155.22021484375,6210.66015625,102500
2025-09-18,6197.83984375,6233.6201171875,6186.14990234375,6233.6201171875,95800
2025-09-19,6255.7900390625,6287.3798828125,6248.4599609375,6264.490234375,178100
2025-09-22,6256.080078125,6256.080078125,6210.68994140625,6214.830078125,65900
2025-09-23,6222.4599609375,6236.14990234375,6118.5400390625,6118.5400390625,78200
2025-09-24,6132.31982421875,6149.2099609375,6080.419921875,6108.72021484375,62400
2025-09-25,6117.2900390625,6120.89013671875,6032.2001953125,6042.27978515625,92800
2025-09-26,6067.0400390625,6067.0400390625,5997.75,6027.1201171875,105200
2025-09-29,6042.93994140625,6059.08984375,5984.08984375,5997.60009765625,63200
2025-09-30,5991.18994140625,6008.60986328125,5905.35009765625,5953.4599609375,113300
2025-10-01,5951.85009765625,6033.58984375,5932.35009765625,6026.02978515625,82700
2025-10-02,6025.14990234375,6050.5498046875,6008.5498046875,6039.759765625,69000
2025-10-03,6063.22021484375,6108.85986328125,6034.47998046875,6108.85986328125,56200
2025-10-06,6111.14990234375,6129.10009765625,6000.31982421875,6000.31982421875,84300
2025-10-07,6007.39990234375,6083.830078125,6007.39990234375,6083.830078125,69300
2025-10-08,6097.06005859375,6138.25,6093.89990234375,6098.740234375,98000
2025-10-09,6105.56005859375,6117.080078125,6056.64990234375,6057.39990234375,85000
2025-10-10,6051.22998046875,6071.419921875,6032.259765625,6037.7900390625,75400
2025-10-13,6026.10986328125,6078.3701171875,6002.97998046875,6052.330078125,73400
2025-10-14,6054.06982421875,6112.990234375,6054.06982421875,6076.22021484375,64400
2025-10-15,6103.4599609375,6110.72998046875,6071.56005859375,6094.10009765625,139100
2025-10-16,6104.47021484375,6130.169921875,6093.669921875,6093.669921875,49300
2025-10-17,6120.4501953125,6120.4501953125,6077.43994140625,6089.52978515625,54800
2025-10-20,6110.68017578125,6141.8701171875,6084.06982421875,6084.06982421875,52100
2025-10-21,6113.5,6130.97998046875,6078.64990234375,6093.52978515625,87900
2025-10-22,6087.83984375,6093.77978515625,6023.81005859375,6030.8701171875,65500
2025-10-23,6024.509765625,6055.75,6006.60009765625,6053.9599609375,74200
2025-10-24,6062.35009765625,6069.89013671875,5980.35009765625,5988.02001953125,191600
2025-10-27,5996.419921875,5996.419921875,5895.02001953125,5933.759765625,86600
2025-10-28,5934.39013671875,5961.490234375,5926.5400390625,5953.16015625,63400
2025-10-29,5961.27978515625,6021.2900390625,5959.02001953125,5963.77001953125,89300
2025-10-30,5961.56005859375,5972.4501953125,5905.27001953125,5929.68017578125,88800
2025-11-03,5801.33984375,5828.97021484375,5761.31982421875,5828.06005859375,50100
2025-11-04,5849.2099609375,5907.1298828125,5849.2099609375,5867.0400390625,97500
2025-11-05,5891.22998046875,5891.22998046875,5763.68017578125,5818.06005859375,85100
2025-11-06,5833.8798828125,5876.2998046875,5828.39990234375,5835.58984375,95600
2025-11-07,5790.669921875,5804.81982421875,5722.7099609375,5759.3701171875,142100
2025-11-10,5763.4599609375,5784.33984375,5702.64013671875,5702.64013671875,132500
2025-11-11,5712.169921875,5712.169921875,5613.41015625,5629.06982421875,148500
2025-11-12,5646.35009765625,5721.43994140625,5646.35009765625,5714.02001953125,79500
2025-11-13,5704.3701171875,5768.91015625,5690.68994140625,5726.990234375,102200
2025-11-14,5726.39013671875,5769.81005859375,5584.35009765625,5584.35009765625,91400
2025-11-17,5616.10009765625,5795.85009765625,5616.10009765625,5779.1201171875,121200
2025-11-18,5803.81982421875,5809.509765625,5723.740234375,5756.66015625,110900
2025-11-19,5756.39990234375,5821.47998046875,5756.39990234375,5813.7099609375,123900
2025-11-20,5805.91015625,5934.8701171875,5769.5498046875,5930.81005859375,153400
2025-11-21,5893.31005859375,5997.1298828125,5853.77978515625,5997.1298828125,132700
2025-11-24,5987.93994140625,6021.58984375,5918.509765625,6021.58984375,194000
2025-11-25,6016.919921875,6066.18017578125,5976.169921875,5976.169921875,153700
2025-11-26,5997.72021484375,6012.43017578125,5960.43017578125,6004.7001953125,122400
2025-11-27,6005.4501953125,6005.4501953125,5929.669921875,5969.1298828125,65300
2025-11-28,5986.5,6043.990234375,5973.33984375,6022.240234375,121700
2025-12-01,6052.5,6110.919921875,5989.2900390625,5989.2900390625,210000
2025-12-02,6006.330078125,6006.330078125,5972.60009765625,5994.39990234375,65000
2025-12-03,6004.5400390625,6004.5400390625,5905.83984375,5905.83984375,98100
2025-12-04,5915.6201171875,5922.31982421875,5881.72021484375,5887.580078125,89300
2025-12-05,5905.259765625,5955.4599609375,5888.43994140625,5949.22021484375,70000
2025-12-09,5963.75,5976.64013671875,5922.72998046875,5976.64013671875,111900
2025-12-10,5991.10009765625,5991.10009765625,5927.97021484375,5959.93994140625,87800
2025-12-11,5973.43994140625,6011.68017578125,5965.4501953125,5990.0,187200
2025-12-12,6000.490234375,6062.58984375,5993.240234375,6036.72021484375,134100
2025-12-15,6033.4501953125,6093.830078125,6031.60986328125,6058.02001953125,122000
2025-12-16,6065.740234375,6112.2001953125,6053.27001953125,6055.68017578125,148300
2025-12-17,6082.2099609375,6111.9501953125,6065.56982421875,6079.02001953125,106900
2025-12-18,6075.66015625,6080.009765625,6020.66015625,6031.47998046875,73900
2025-12-19,6050.35986328125,6068.3798828125,5920.8701171875,5920.8701171875,126600
2025-12-22,5951.740234375,6041.259765625,5951.740234375,6041.259765625,69700
2025-12-23,6058.10009765625,6063.81982421875,5988.669921875,6041.91015625,69700
2025-12-26,6058.60009765625,6077.4599609375,6048.330078125,6065.64013671875,43300
2025-12-29,6073.89990234375,6100.7099609375,6052.919921875,6052.919921875,83800
2026-01-02,6066.39990234375,6135.06005859375,6063.5,6135.06005859375,56100
2026-01-05,6115.7900390625,6237.14013671875,6115.7900390625,6164.52978515625,114800
2026-01-06,6190.06982421875,6342.9599609375,6190.06982421875,6317.91015625,129900
2026-01-07,6309.7099609375,6343.27001953125,6244.8798828125,6292.08984375,95400
2026-01-08,6301.75,6378.0498046875,6299.97021484375,6320.669921875,95200
2026-01-09,6339.10009765625,6367.77001953125,6339.02978515625,6348.14013671875,97600
2026-01-12,6351.47021484375,6431.080078125,6351.47021484375,6419.9599609375,116500
2026-01-13,6424.5,6436.93994140625,6392.8798828125,6408.759765625,98900
2026-01-14,6398.22021484375,6444.10986328125,6389.18017578125,6389.81005859375,91600
2026-01-15,6391.52978515625,6487.52978515625,6384.10986328125,6487.52978515625,142400
2026-01-16,6486.2001953125,6494.10009765625,6464.56005859375,6464.669921875,162400
2026-01-19,6478.72998046875,6491.31982421875,6437.77978515625,6437.77978515625,86000
2026-01-20,6441.89013671875,6445.60986328125,6350.02001953125,6352.85986328125,128400
2026-01-21,6335.5498046875,6357.22998046875,6329.72021484375,6330.10009765625,110700
2026-01-22,6341.509765625,6413.06982421875,6341.509765625,6398.60009765625,75800
2026-01-23,6403.77001953125,6404.43017578125,6326.64013671875,6333.259765625,83100
2026-01-26,6346.41015625,6357.83984375,6273.8701171875,6273.8701171875,74400
2026-01-27,6283.68994140625,6331.72021484375,6283.68994140625,6306.89990234375,159200
2026-01-28,6303.33984375,6355.77978515625,6287.0400390625,6355.77978515625,143500
2026-01-29,6365.4599609375,6365.4599609375,6215.7998046875,6223.35986328125,108800
2026-01-30,6253.4501953125,6328.97021484375,6212.68994140625,6328.97021484375,249400
2026-02-02,6339.3701171875,6345.16015625,6284.4599609375,6297.080078125,107200
2026-02-03,6314.18994140625,6401.9599609375,6314.18994140625,6401.9599609375,102000
2026-02-04,6408.7099609375,6424.18017578125,6372.9501953125,6372.9501953125,108900
2026-02-05,6398.06982421875,6412.64013671875,6382.0400390625,6382.0400390625,98400
2026-02-06,6383.0498046875,6400.89990234375,6357.85986328125,6390.91015625,107500
2026-02-09,6402.7099609375,6458.7900390625,6349.16015625,6349.16015625,92900
2026-02-10,6383.97998046875,6474.60009765625,6383.97998046875,6474.60009765625,87600
2026-02-11,6492.330078125,6543.35009765625,6474.0400390625,6498.81982421875,90400
2026-02-12,6517.18994140625,6519.47998046875,6454.43017578125,6471.25,100500
2026-02-13,6481.169921875,6481.169921875,6384.580078125,6384.580078125,105400
2026-02-16,6389.490234375,6389.490234375,6328.68017578125,6368.5498046875,135200
2026-02-18,6375.9599609375,6395.18994140625,6348.72021484375,6394.77001953125,158300
2026-02-19,6412.35009765625,6427.89990234375,6387.72998046875,6407.14990234375,136800
2026-02-20,6406.080078125,6465.1201171875,6387.14990234375,6465.1201171875,117900
2026-02-23,6468.91015625,6534.0,6468.91015625,6488.509765625,93700
2026-02-24,6508.81982421875,6547.97998046875,6482.1298828125,6547.97998046875,108100
2026-02-25,6551.1201171875,6667.5,6529.89990234375,6619.8701171875,120600
2026-02-26,6622.240234375,6673.60986328125,6622.240234375,6625.4599609375,97200
2026-02-27,6607.7900390625,6616.4501953125,6554.39013671875,6611.240234375,198600
2026-03-02,6461.93994140625,6500.18017578125,6425.06982421875,6426.830078125,131800
2026-03-03,6430.41015625,6496.2998046875,6421.43994140625,6445.3798828125,118100
2026-03-04,6428.64013671875,6441.990234375,6247.97998046875,6307.83984375,161000
2026-03-05,6325.169921875,6380.52978515625,6312.08984375,6380.52978515625,80700
2026-03-06,6352.5400390625,6364.509765625,6284.97998046875,6320.41015625,83600
2026-03-09,6198.4501953125,6198.4501953125,5938.39013671875,6006.22021484375,148300
2026-03-10,6085.4599609375,6150.0,6085.4599609375,6126.66015625,93400
2026-03-11,6176.52978515625,6212.9501953125,6158.330078125,6158.330078125,109500
2026-03-12,6151.169921875,6151.56005859375,6066.83984375,6113.580078125,96600
2026-03-13,6090.93994140625,6099.41015625,6058.93994140625,6058.93994140625,89500
2026-03-16,6048.97998046875,6048.97998046875,5970.31982421875,6006.5498046875,96000
2026-03-17,6031.8798828125,6073.10009765625,6014.52001953125,6026.009765625,96900
2026-03-18,6005.4599609375,6055.4501953125,5998.2099609375,6055.4501953125,73500
2026-03-19,5993.8701171875,6018.6201171875,5934.68017578125,6018.6201171875,137300
2026-03-23,5951.93994140625,5951.93994140625,5816.81982421875,5899.18017578125,130400
2026-03-24,5922.77978515625,5948.64013671875,5911.83984375,5936.2001953125,78200
2026-03-25,5960.6298828125,6044.169921875,5960.240234375,6044.169921875,103700
2026-03-26,6062.08984375,6062.08984375,5984.2001953125,5984.2001953125,76600
2026-03-27,5963.9501953125,5980.16015625,5927.3701171875,5972.830078125,96400
2026-03-30,5938.16015625,5938.16015625,5823.490234375,5869.490234375,146600
2026-03-31,5851.66015625,5948.93994140625,5828.669921875,5948.93994140625,173300
2026-04-01,6009.3701171875,6057.97021484375,5992.4501953125,5998.68017578125,160100
2026-04-06,6010.31005859375,6010.31005859375,5912.7001953125,5948.330078125,74000
2026-04-07,5950.02978515625,5967.580078125,5917.02001953125,5957.8701171875,93800
2026-04-08,6074.06005859375,6114.259765625,6061.52978515625,6089.91015625,134600
2026-04-10,6125.39990234375,6151.7998046875,6095.10986328125,6098.2099609375,95200
2026-04-13,6036.97998046875,6054.0498046875,5970.75,6054.0498046875,115100
2026-04-14,6043.35986328125,6065.6201171875,6013.10009765625,6013.10009765625,110500
2026-04-15,6049.47998046875,6081.14013671875,6043.08984375,6063.35009765625,95600
2026-04-16,6074.5400390625,6100.31982421875,6045.25,6063.68994140625,86500
2026-04-17,6063.68994140625,6069.419921875,5996.89013671875,5999.1298828125,95900
2026-04-20,6028.7998046875,6080.2099609375,6010.7998046875,6016.02978515625,83600
2026-04-21,6032.08984375,6051.169921875,6005.93994140625,6018.7001953125,91300
2026-04-22,6027.990234375,6051.25,5969.14013671875,5989.56005859375,77900
2026-04-23,6000.18994140625,6001.43994140625,5969.35986328125,5983.81005859375,66500
2026-04-24,5991.7001953125,6000.259765625,5941.31982421875,5943.490234375,83400
2026-04-27,5956.9501953125,5959.77001953125,5901.14990234375,5901.14990234375,69300
2026-04-28,5914.31005859375,5914.31005859375,5833.919921875,5866.7900390625,105000
2026-04-29,5887.240234375,5918.77001953125,5869.4501953125,5907.89013671875,74800
2026-04-30,5889.6201171875,5898.06005859375,5833.64013671875,5833.64013671875,100000
2026-05-04,5866.419921875,5942.16015625,5861.8798828125,5942.16015625,82800
2026-05-05,5929.39990234375,5985.97021484375,5898.080078125,5898.080078125,86800
2026-05-06,5946.330078125,5967.2099609375,5929.169921875,5967.2099609375,121400
2026-05-07,6033.27001953125,6106.9599609375,6021.330078125,6034.27001953125,129000
2026-05-08,6040.02001953125,6043.58984375,5960.97021484375,5960.97021484375,200200
2026-05-11,5997.68994140625,6033.81005859375,5986.85009765625,5986.85009765625,226900
2026-05-12,5993.6298828125,5999.0,5958.89990234375,5971.97998046875,111100
2026-05-13,5990.490234375,5990.490234375,5919.8701171875,5946.77978515625,129600
2026-05-14,5954.7001953125,6015.02978515625,5954.7001953125,6015.02978515625,58100
2026-05-15,6020.10009765625,6020.10009765625,5968.990234375,5976.77001953125,96900
2026-05-18,5991.009765625,5991.009765625,5928.75,5941.52001953125,65900
2026-05-19,5947.009765625,5951.919921875,5896.7998046875,5896.7998046875,87900
2026-05-20,5915.009765625,5919.43017578125,5879.7099609375,5893.39990234375,135400
2026-05-21,5922.72021484375,5965.740234375,5920.7001953125,5920.7001953125,71500
2026-05-22,5954.490234375,5986.3798828125,5936.7001953125,5961.39990234375,55100
2026-05-25,5978.740234375,6049.81982421875,5976.509765625,6009.3798828125,42700
2026-05-26,6008.60009765625,6008.60009765625,5933.18994140625,5963.240234375,49600
2026-05-28,5947.64013671875,5947.64013671875,5851.64013671875,5859.93994140625,82000
2026-05-29,5863.43994140625,5878.72998046875,5766.81982421875,5768.759765625,337900
2026-06-01,5848.58984375,5873.6201171875,5799.31982421875,5799.31982421875,95900
2026-06-02,5809.18017578125,5916.56005859375,5803.0,5912.68994140625,75500
2026-06-03,5940.02001953125,6037.64013671875,5929.009765625,5953.169921875,92900
2026-06-04,5960.47021484375,5994.39990234375,5896.2099609375,5911.93017578125,90300
2026-06-05,5932.8701171875,6000.240234375,5922.47021484375,5938.3798828125,133900
2026-06-08,5900.31982421875,5944.60986328125,5879.41015625,5879.41015625,96000
2026-06-09,5933.43994140625,5974.0400390625,5926.85986328125,5945.7099609375,106500
2026-06-10,5951.10986328125,5958.39013671875,5912.4501953125,5941.35986328125,100900
2026-06-11,5935.68994140625,5983.10009765625,5883.27978515625,5910.06005859375,81700
2026-06-15,6115.919921875,6320.75,6103.47021484375,6272.8798828125,222500
2026-06-16,6386.64990234375,6396.22998046875,6245.75,6245.75,134200
2026-06-17,6229.259765625,6232.240234375,6114.81005859375,6114.81005859375,111400
2026-06-18,6151.58984375,6180.919921875,6118.1201171875,6153.66015625,81300
2026-06-19,6182.77978515625,6201.8798828125,6135.35009765625,6135.35009765625,198800
2026-06-22,6110.18017578125,6113.919921875,6018.68017578125,6035.02001953125,148500
2026-06-23,6057.68017578125,6158.66015625,6040.0,6126.22021484375,83000
2026-06-24,6129.10009765625,6142.43994140625,5991.3701171875,5991.3701171875,108000
2026-06-25,6019.77978515625,6092.52001953125,6004.9599609375,6071.06005859375,101600
2026-06-26,6106.56982421875,6112.47998046875,6023.85009765625,6072.240234375,66600
2026-06-29,6057.22021484375,6135.9599609375,6050.0,6133.41015625,78500
2026-06-30,6127.93994140625,6127.93994140625,6037.169921875,6037.169921875,103300
2026-07-01,6081.0,6081.0,6044.52001953125,6069.259765625,64400
2026-07-02,6086.490234375,6169.0498046875,6067.91015625,6125.72021484375,85200
2026-07-03,6156.02978515625,6196.990234375,6156.02978515625,6188.02978515625,77500
2026-07-06,6175.31005859375,6304.759765625,6175.31005859375,6223.990234375,102500
2026-07-07,6244.39013671875,6297.4599609375,6241.93017578125,6247.10986328125,98500
2026-07-08,6257.4501953125,6290.68017578125,6225.7099609375,6275.77001953125,61600
2026-07-09,6287.1298828125,6287.1298828125,6223.8701171875,6223.8701171875,92000
2026-07-10,6228.4501953125,6337.47998046875,6219.77001953125,6286.7001953125,114500
2026-07-13,6270.18994140625,6325.97021484375,6265.72021484375,6265.72021484375,69700
2026-07-14,6276.5,6287.25,6249.18017578125,6256.02001953125,69500
2026-07-15,6327.9599609375,6327.9599609375,6290.2900390625,6302.5,61100
2026-07-16,6305.2998046875,6378.47021484375,6302.93017578125,6325.14990234375,96900
2026-07-17,6328.31982421875,6416.18994140625,6328.31982421875,6404.10986328125,125300
