Date,Close,Open,High,Low,Volume,Change %,SMA,WMA,StochD,AD,PctDiffLow,FFT_Min,FFT_Max,Skewness,Kurtosis,SD
2016-01-04,6833.42,6954.27,6957.24,6833.42,51490.0,-1.71%,,,,,,,,,,
2016-01-05,6835.13,6823.92,6863.75,6785.72,86200.0,0.03%,,,,,,,,,,
2016-01-06,6813.9,6846.99,6870.56,6813.9,94120.0,-0.31%,,,0.0,,,,,,,
2016-01-07,6618.88,6823.37,6823.37,6618.88,136630.0,-2.86%,,,0.0,,,,,,,
2016-01-08,6575.43,6588.08,6651.0,6555.45,137450.0,-0.66%,,,0.0,,,,,,,
2016-01-11,6288.26,6523.28,6523.28,6288.26,193640.0,-4.37%,,,0.0,,,,,,,
2016-01-12,6330.55,6322.87,6433.75,6322.87,119010.0,0.67%,,,0.0,,,,,,,
2016-01-13,6494.13,6371.94,6506.91,6371.94,195310.0,2.58%,,,0.0,,,,,,,
2016-01-14,6408.76,6395.87,6433.7,6346.0,134470.0,-1.31%,,,0.0,,,,,,,
2016-01-15,6449.5,6462.07,6510.4,6449.5,109580.0,0.64%,,,0.0,,,,,,,
2016-01-18,6335.09,6327.7,6348.37,6276.1,183620.0,-1.77%,,,0.0,,,,,,,
2016-01-19,6357.05,6348.03,6376.25,6311.66,112460.0,0.35%,,,0.0,,,,,,,
2016-01-20,6259.61,6348.62,6374.5,6253.88,218440.0,-1.53%,,,0.0,,,,,,,
2016-01-21,6084.28,6212.41,6213.88,6084.28,234020.0,-2.80%,-0.06069505763917104,-0.04505928291291465,0.0,,0.0,,,,,
2016-01-22,6208.05,6116.32,6208.05,6116.15,291970.0,2.03%,-0.03493191434645566,-0.020109422337780507,5.247070594020804,,0.020342587783599774,,,,,
2016-01-25,6434.08,6299.6,6434.08,6287.25,209650.0,3.64%,0.004679471013992534,0.015539346124778008,20.076393481541785,,0.05749242309689893,,,,,
2016-01-26,6311.6,6317.24,6362.67,6258.88,158160.0,-1.90%,-0.008893136659223855,-0.0018492774003758409,30.32864061427711,,0.0373618571137424,,,,,
2016-01-27,6507.22,6344.06,6507.22,6344.06,215470.0,3.10%,0.023106318353444986,0.026080024462839402,49.958052233695064,,0.06951356610806875,,,,,
2016-01-28,6563.38,6495.57,6564.66,6447.61,250420.0,0.86%,0.032075816710388824,0.0305345908592179,68.37324410532311,,0.07874391053666176,,,,,
2016-01-29,6687.62,6590.07,6687.62,6589.29,247450.0,1.89%,0.04691621197679735,0.04287588593571129,91.45433030592112,0.12231106811422732,0.09916374657313605,,,,,
2016-02-01,6701.36,6705.52,6736.87,6650.97,185650.0,0.21%,0.044735329709127046,0.03825219016424178,98.09738307360884,0.14144745602159015,0.10142202528483238,116.36000000000058,129395.94,-0.09140480655875761,-0.6419152297741091,0.021200181750816977
2016-02-02,6642.45,6619.68,6653.12,6619.68,141970.0,-0.88%,0.03384378329973133,0.024299939867337837,93.36336750486521,0.1471948925055036,0.09173969639793042,191.1359310725743,129263.88,-0.027955215462295773,-0.6785268768429287,0.02127374102793597
2016-02-03,6521.48,6604.29,6604.29,6521.2,150470.0,-1.82%,0.013745413337830966,0.0036548725531790806,82.36156443300281,0.12964576938827602,0.07185731097188161,55.74000000000524,129071.2,0.05470658646366247,-0.7983304200046732,0.02160996540512955
2016-02-04,6652.83,6553.63,6652.83,6553.63,182010.0,2.01%,0.031833877834535916,0.01927292385237791,79.88272371116115,0.21483725205212076,0.09344573228056569,140.04604301853837,128778.78,-0.12899912080258116,-0.7150184612667809,0.021191394175385476
2016-02-05,6765.13,6664.18,6769.08,6664.18,218650.0,1.69%,0.04427619521624632,0.02979809386524372,84.5132876048679,0.2853799176139699,0.11190313397805499,115.9510099690639,128812.73,-0.26714436162953875,-0.7551809749032352,0.02142891956962615
2016-02-09,6637.43,6723.2,6723.2,6637.43,111610.0,-1.89%,0.02140662228012257,0.007106636996479852,89.10689363623186,0.3141070323461575,0.0909146193140356,192.4100000000035,129002.43,0.0710573240456476,-1.238218832740591,0.01927852918858374
2016-02-10,6637.48,6609.79,6637.48,6550.12,83880.0,0.00%,0.017189431181139615,0.0042868868308881545,86.99376947040498,0.36841906127396074,0.09092283721327747,63.81005570829167,129351.59999999999,0.12424703080805732,-1.2269253847272428,0.019266554501278368
2016-02-11,6663.43,6633.28,6674.7,6610.89,111770.0,0.39%,0.014733251868686995,0.005411814814926654,81.79240385258582,0.3528613693158868,0.08948112783368634,190.98483468891237,129658.53,0.2155407321870975,-1.0144385406599346,0.018479009726653138
2016-02-12,6654.45,6623.96,6677.48,6607.46,147750.0,-0.13%,0.008468938169910114,0.002287100440229481,80.71138097932493,0.3494625028056606,0.06320140344598389,104.3157737337486,129827.83,0.15438931074834622,-0.9281595910386042,0.018174379489619266
2016-02-15,6692.58,6684.54,6711.74,6680.62,158350.0,0.57%,0.011417290705672508,0.006130613775541693,82.11910423488047,0.3649312423633902,0.0692935477273889,97.25177635432232,130073.52,0.15961413504373506,-0.9237985050454709,0.018167079562111117
2016-02-16,6743.95,6718.05,6777.43,6718.05,240580.0,0.77%,0.014446100650913141,0.011280592171642808,84.93757338525833,0.31926327417914685,0.06303376701985786,124.0475147992058,130316.6,0.031197348184061217,-0.7687677626839045,0.017592901292409327
2016-02-17,6756.82,6776.63,6779.3,6727.93,127790.0,0.19%,0.013663573416270572,0.011009068180023571,90.16765575090541,0.3098904196369733,0.04795730510995548,7.5200000000040745,130725.46,0.04478531866509102,-0.7693808532958757,0.017595474767883448
2016-02-18,6848.87,6781.47,6848.87,6778.93,196790.0,1.36%,0.024339282959574795,0.021051934960279396,95.1656957352253,0.4193719829748256,0.050246887075998295,79.72900864976651,131125.22999999998,-0.13205563643937138,-0.610579367100792,0.01717684085676398
2016-02-19,6792.06,6844.96,6844.96,6789.1,184280.0,-0.83%,0.014710439575918742,0.01045493391819709,91.96167404078317,0.44430632432206,0.04153530025148754,197.0100000000093,131714.49,0.08902034415669431,-0.6401792416447103,0.015706823311710874
2016-02-22,6783.08,6792.54,6799.32,6773.83,104910.0,-0.13%,0.0124859209800747,0.007330927491613142,87.52810246080922,0.37497900199774653,0.04015825308225482,247.35053784421774,132422.27,0.25968787322506565,-0.4352426988053084,0.015382756717297616
2016-02-23,6819.34,6795.73,6829.12,6795.73,130140.0,0.53%,0.015982197519967562,0.010316982392707978,84.52406384472192,0.33736603660950076,0.045718579402564,64.26000000000931,132997.3,0.027640336996227477,-0.42127144925784066,0.01344261740666411
2016-02-24,6769.26,6812.41,6812.41,6713.81,102790.0,-0.73%,0.005868704182092523,0.0017656031672247427,81.42068600756994,0.34616976445773245,0.03345587561754599,309.96040327758374,133382.56,0.14576082713539568,-0.25180917931129976,0.012665747030075477
2016-02-26,6771.3,6731.4,6773.03,6728.65,119620.0,0.03%,0.004908243138985906,0.0012469211072577136,79.45844395016104,0.3236491919967198,0.033767320293368715,98.74783804193846,133840.22,-0.19432989818251373,-0.4499556614515048,0.010906944756654836
2016-02-29,6671.04,6777.05,6818.04,6671.04,131970.0,-1.48%,-0.008982599840472894,-0.012269776356955172,62.62092050209213,0.21366559043206682,0.018460730490433775,127.41999999999825,134104.3,-0.03687235124581806,-0.6953745803119702,0.011409895694599692
2016-03-01,6729.53,6670.75,6731.33,6661.68,115250.0,0.88%,-0.001269648572257591,-0.0035707276650042107,58.188005578800585,0.17636017420879255,0.027390337886939453,19.75999999999476,134211.96000000002,-0.13149668540799617,-0.5597778755351377,0.010772082964480659
2016-03-02,6882.45,6781.43,6882.45,6781.43,244770.0,2.27%,0.01877959985688035,0.01617564119877947,66.84295676429566,0.24363500898168508,0.04161811043880701,61.6699999999837,134253.87,-0.006676911603260949,-0.6990251764556343,0.01187724260529403
2016-03-03,6963.44,6886.28,6988.68,6883.94,314810.0,1.18%,0.027508856884570963,0.023943684142096622,84.47756921055839,0.2655358543451828,0.05387546803158847,85.19857160247061,134434.96,-0.20399084389361172,-0.6414617440225023,0.011838319638411973
2016-03-04,6899.07,6973.9,6987.22,6899.07,130220.0,-0.92%,0.015392630935236316,0.012056425343638088,88.6584938071829,0.27332985341456767,0.03563515509601173,139.85136637866097,134755.95,-0.08738002115483975,-0.5966432100654315,0.011166144104873526
2016-03-07,6892.69,6949.2,6955.91,6871.83,117550.0,-0.09%,0.01232400608877825,0.009182057316070203,78.87358045346214,0.20104442047391943,0.03467743872416557,169.91142221696077,135133.53999999998,-0.04343877154041537,-0.330511062816107,0.010420629665164412
2016-03-08,6915.51,6897.25,6915.51,6840.05,96370.0,0.33%,0.013850855850695445,0.010417916130122284,73.62181447502535,0.1737053667692193,0.03810300104478148,63.83999999999651,135373.4,-0.03371201094117169,0.04817726108823139,0.009812778369641102
2016-03-09,6948.18,6914.33,6951.04,6889.63,174860.0,0.47%,0.01660329607877131,0.01268290220954695,78.62793068297647,0.2591231192269737,0.043007169362683284,86.54000000000815,135523.78,0.2057294912989196,0.26491555507283815,0.008625567171537377
2016-03-10,7048.08,6938.11,7052.25,6936.54,142970.0,1.44%,0.029077427414894694,0.02300114640516863,88.05695392736983,0.2699436041260869,0.05800338653312672,48.02443619759868,135834.53,0.06450139469216704,-0.14462300678918982,0.009012174626295407
2016-03-11,7098.64,7002.06,7119.86,7002.06,173360.0,0.72%,0.03315621809428078,0.025384483137956965,93.9718803287695,0.27691279000108937,0.06559306361158146,113.21704281178663,136245.13,0.013133361503162723,-0.2027359513325413,0.009058108829067433
2016-03-14,7112.89,7161.09,7204.61,7112.89,137570.0,0.20%,0.03169286154306479,0.022675129962053432,92.4691466340152,0.21798997823499752,0.0677321636584165,126.46706014651875,136680.34,-0.03711612191651237,-0.1330114895205301,0.009000194821023919
2016-03-15,7148.26,7140.65,7207.93,7140.23,145030.0,0.50%,0.033301896513734615,0.022782832895567887,89.1838468119925,0.19529072295874694,0.07304163514308701,87.6875650837939,137138.77999999997,-0.024930238486832887,-0.12246744389148212,0.008991354131478814
2016-03-16,7065.39,7146.76,7156.28,7065.39,131220.0,-1.16%,0.018209513943224176,0.008088819921825556,82.02954294818932,0.16910100788759835,0.06060183016896639,112.04382175430926,137594.46000000002,0.07815775953502331,-0.40867726097334334,0.009518871719226543
2016-03-17,7210.9,7114.31,7210.9,7110.27,122710.0,2.06%,0.03449805899551037,0.023556350914193218,87.66071700991608,0.20477104161283355,0.08244466861212177,75.3799999999901,137915.90000000002,0.07668061753224319,-0.6951329259680268,0.010351452667682105
2016-03-18,7306.74,7229.73,7318.49,7227.14,188060.0,1.33%,0.041463211261617325,0.030600688287123083,90.70559040122164,0.186382490235967,0.09683142990957228,142.23910151571312,138369.97999999998,0.07698772314480591,-0.6860318389646012,0.010334277774073612
2016-03-21,7376.41,7346.76,7412.33,7346.76,166100.0,0.95%,0.04451451496505712,0.033419870721086875,97.50586552790071,0.2372993276046072,0.08773665731269062,70.7704888072344,138827.85,-0.09431682826529214,-0.5152156246710762,0.01004724200347204
2016-03-22,7342.03,7372.66,7383.3,7295.67,161420.0,-0.47%,0.03483591724125141,0.023251680418984105,93.4111333455191,0.24541780018998752,0.07338835242432432,245.8606908421433,139412.2,-0.06734429814222641,-0.6128191516437185,0.010170501928962343
2016-03-23,7360.05,7307.48,7360.05,7262.69,108720.0,0.25%,0.033250090950258736,0.020733292827438556,90.96232046173851,0.26527434637947706,0.07602283609037945,53.76999999998952,139971.15,-0.023896999970709404,-0.6160884934249728,0.010171156139350577
2016-03-28,7334.52,7355.59,7359.23,7303.73,80780.0,-0.35%,0.025189523712441455,0.013233384164421873,88.3279746511032,0.2658954551874962,0.07229040723386529,92.71108887290859,140511.86,-0.029914409970640772,-0.5016792412824556,0.00998140646657156
2016-03-29,7274.4,7323.93,7339.08,7264.69,110960.0,-0.82%,0.012925941397624712,0.0027100050428772414,84.38876074648776,0.20245518867777623,0.06350099779972361,78.32000000000698,141077.12,0.011884531990056096,-0.7174945350420554,0.010325037714549373
2016-03-30,7299.23,7299.44,7362.6,7293.63,198830.0,0.34%,0.01251910811238193,0.003961606344543584,80.2213399503014,0.18674154575454002,0.05945166866725781,254.50453675236946,141580.22,0.1275329665140198,-0.5793018573675375,0.00937153173204702
2016-03-31,7262.3,7329.63,7357.96,7229.0,144590.0,-0.51%,0.004270650763572851,-0.0020936702078263297,74.24256399270351,0.12698868261799748,0.0469628950456568,203.4100000000035,142208.41,0.2839637709145069,-0.65159285343154,0.009552389119573994
2016-04-01,7245.13,7273.88,7285.63,7205.62,84460.0,-0.24%,-4.998181627997894e-05,-0.004703039644980148,68.69196006791971,0.05005621981809195,0.034714069859441324,101.86777356710435,142741.18,0.2500201179593117,-0.6113115135239591,0.008538279747237969
2016-04-04,7254.53,7245.7,7302.62,7235.9,76580.0,0.13%,-0.00028899691493825235,-0.003576669106254156,60.743387327188685,-0.018647224072877545,0.026769930605387588,33.31999999999243,143103.86,0.3972525900959107,-0.2831863938689785,0.00826351663507966
2016-04-05,7219.23,7269.5,7269.83,7215.94,94200.0,-0.49%,-0.006193760575312885,-0.007745619526842421,52.70164740948305,-0.0010100988641106611,0.02177374497373807,61.1568661723697,143394.95,0.4711266027733985,-0.15804027983581248,0.008001530658415143
2016-04-06,7180.55,7223.08,7223.08,7171.13,127330.0,-0.54%,-0.011832235491476885,-0.01154633638158152,44.0172171941353,-0.009232046236227703,0.016299171029483136,62.38999999999942,143715.11,0.48723732364466105,-0.2752576289092117,0.008155513073043626
2016-04-07,7232.97,7204.36,7239.22,7199.96,93800.0,0.73%,-0.006255312245979955,-0.003716684193125797,39.385363042162915,-0.02141831227439056,0.017256728647435302,125.48595339718189,144002.97,0.4121690580999466,-0.4154836257384278,0.008235615897233707
2016-04-08,7247.2,7217.38,7247.2,7189.09,107510.0,0.20%,-0.004654815815013763,-0.0011824662026084076,35.11742353356717,-0.04164221132888025,0.010607812157916494,63.69190208450745,144320.43,0.4654112027221385,-0.36034437266263764,0.008215578611873128
2016-04-11,7291.43,7252.01,7291.43,7252.01,75100.0,0.61%,0.0015702514855282187,0.004722496645676467,40.678277724211576,-0.0655281142184618,0.01677559882473197,18.35673333914553,144619.45,0.5115679527830098,0.0671745667044652,0.007762767643609241
2016-04-12,7306.56,7295.12,7306.56,7276.52,103940.0,0.21%,0.00433686240753949,0.006316248207276532,48.41488494485884,-0.07020997284263125,0.018885447621225706,36.31999999999243,144862.8,0.6160409160219734,0.3023313013718001,0.007657498732277972
2016-04-13,7341.0,7324.02,7343.29,7318.37,186010.0,0.47%,0.009081081717953448,0.009835839462454163,67.47512385522623,0.04656452713266901,0.02368803800795689,24.612947812076037,145070.72,0.5578272294492461,0.20420063090309082,0.007691287296490117
2016-04-14,7357.28,7340.53,7374.96,7338.41,182350.0,0.22%,0.011346407867617777,0.01054908550936895,81.29195158756804,0.0916881505058684,0.02595825204674851,54.60024822513201,145298.83000000002,0.6172172625316373,0.31127716497899227,0.007652419185704888
2016-04-15,7321.3,7360.83,7363.04,7303.29,78240.0,-0.49%,0.006531176353152759,0.00475032074807493,84.57303488459735,0.13382992807257305,0.020940911683374877,152.50999999999476,145507.84999999998,0.8900500296851132,0.5102427292317757,0.007182578173183008
2016-04-18,7243.4,7313.58,7313.58,7235.79,80440.0,-1.06%,-0.003875263489135899,-0.005387258463059123,66.81875419058355,0.05962684192408282,0.010077909618149375,35.87285110742922,145763.76,0.2382575817756268,-0.6293810075533086,0.006212217547204466
2016-04-19,7215.09,7244.69,7264.49,7183.28,111100.0,-0.39%,-0.0069477399126231,-0.008248891594587636,43.56571652847956,-0.007458119729220165,0.006130135696884596,42.812293083721066,145796.26,0.07863468914091849,-0.914807639097678,0.005455275462320657
2016-04-20,7201.37,7212.41,7229.7,7189.53,108340.0,-0.19%,-0.008242026326951882,-0.008968725765883883,23.952967342066,-0.01999622438091956,0.00421690863225179,20.749999999985448,145704.61,-0.010685749571256101,-0.9204394617649183,0.004906987620016494
2016-04-21,7257.85,7212.66,7257.85,7194.08,121820.0,0.78%,-0.0005887689712260794,-0.0011344015339193752,26.316047686797834,0.029079441621846534,0.012092933749632242,49.526219691565295,145529.57,-0.08448215117580243,-0.9515277747468893,0.005227397398536469
2016-04-22,7255.39,7253.3,7272.42,7235.03,111190.0,-0.03%,-0.0009359636048251772,-0.0013495263385138712,32.90650705653409,-0.014339248579639986,0.011749891579151434,15.080182383530763,145445.39,-0.014501011025818212,-0.8874784862961,0.005179621959579724
2016-04-25,7250.13,7260.04,7267.44,7227.25,90230.0,-0.07%,-0.001963589138097291,-0.0018526593636415587,40.880472288999094,-0.012681536173192886,0.01101639490568432,27.43862057637768,145340.72999999998,-0.08862433920397327,-0.8188014887476749,0.005138689883500644
2016-04-26,7211.92,7245.63,7249.86,7202.0,103600.0,-0.53%,-0.007529619968527529,-0.006155836089306557,31.67924261521533,-0.0033615417450923615,0.003987036562684502,18.42888522723768,145256.33999999997,-0.038657816824437016,-0.7317542152757732,0.0049480871526686706
2016-04-27,7180.53,7192.07,7201.0,7137.78,129110.0,-0.44%,-0.011339741317037967,-0.00891355919129521,23.90788099602429,0.09248210185770804,0.005989257163992166,46.50543428951232,145193.86,0.15111181437384724,-0.6979189206038261,0.004936166734892421
2016-04-28,7162.56,7199.98,7220.66,7158.63,111450.0,-0.25%,-0.012992366515902532,-0.009565132064580286,14.471205276354553,0.08129828278328091,0.0034716676613737963,27.861270609934852,145075.16,0.11195609511545339,-0.5836353031923509,0.004852663458512913
2016-04-29,7159.29,7162.49,7162.49,7122.76,106330.0,-0.05%,-0.01215814488082283,-0.008233494223541778,14.318860876466916,0.12153563154835513,0.005128629913123528,19.572936836161126,144975.42,0.054653967131379,-0.5589422849065069,0.0048365376488064115
2016-05-02,7053.88,7106.35,7124.26,6980.18,129670.0,-1.47%,-0.02427275931200759,-0.019330391737877924,14.533640946703082,0.13501365687730943,0.010558466973631025,48.05999999999767,144889.58000000002,-0.3407957711994217,-0.06908902859180621,0.0057490603456414584
2016-05-03,7046.57,7064.46,7098.48,7046.57,122300.0,-0.10%,-0.022440122810369244,-0.017016058768871235,16.656707663879516,0.11597926092913134,0.009511216043139205,105.18381862244685,144688.93000000002,-0.44266731141615717,0.09961077134146645,0.0056905227220664005
2016-05-04,7081.86,7049.64,7081.86,6982.32,83910.0,0.50%,-0.014855753819958756,-0.009763901505882418,20.681199223426,0.19203709393539226,0.014566959591299848,17.786724809167577,144516.27000000002,-0.6161128570126277,0.18219732253904874,0.005762942116404629
2016-05-05,6999.75,7007.63,7011.28,6986.86,108420.0,-1.16%,-0.02315689288602548,-0.017785913087600073,16.41493271382198,0.1650700441508114,0.0028036526278691536,26.85635927920886,144417.58000000002,-0.5380122852463765,-0.22477940936679497,0.005932791593055644
2016-05-06,6991.87,6976.36,7003.03,6961.65,137120.0,-0.11%,-0.02180396022467124,-0.01569067785992085,14.05069005058821,0.14348032739255653,0.004340924924407325,58.48000000001048,144184.36000000002,-0.48544452961971,-0.17724630223198368,0.005874364226227058
2016-05-10,7174.88,6966.35,7174.88,6941.42,235050.0,2.62%,0.0042035293170852766,0.009558601067883307,28.708593815010573,0.19961373678589125,0.03363288779529261,70.31093036494563,143929.03,1.3835277421368366,3.5062725054287585,0.008443760392379424
2016-05-11,7396.52,7227.55,7423.52,7227.55,299830.0,3.09%,0.033208744499765526,0.03585405175881163,58.21848586273671,0.2277451661625186,0.06556295397771643,9.977396331344893,143812.47999999998,1.4972104778562585,2.105439378561165,0.011020452045975904
2016-05-12,7325.04,7399.79,7399.79,7310.1,161400.0,-0.97%,0.02253829611849373,0.022668744174825606,81.50130899703856,0.1305558575807761,0.05526534916486827,9.65999999998894,143902.44,1.575362364112089,2.196381702843051,0.011210042679115155
2016-05-13,7436.79,7368.93,7517.95,7352.03,278440.0,1.53%,0.03626368409218968,0.03301683206766545,86.63162675095013,0.12596177866449462,0.07136436060633125,25.619999999995343,143886.47999999998,1.3283131839050044,1.192863589923121,0.011716517303142038
2016-05-16,7511.74,7382.43,7527.11,7382.43,184350.0,1.01%,0.043989072123192544,0.03699007302305715,87.62370764094538,0.183844919631576,0.08216186313463235,105.13000000000466,143965.99,1.130274796202478,0.7427603087499719,0.011824785586670753
2016-05-17,7524.84,7525.61,7568.82,7513.4,218750.0,0.17%,0.042571055672399924,0.032534118488470314,92.09617937038526,0.1536439247734656,0.08404908505752426,85.31000000001222,144156.43,1.1295268091195376,0.8742322041246111,0.01148315502161584
2016-05-18,7534.3,7531.58,7542.83,7487.68,199180.0,0.13%,0.040239787242372795,0.02787608694669238,94.95459691722897,0.20235226093804148,0.08541191859878816,63.60275511960859,144437.87,1.0915323559360752,0.8773845440937111,0.011401789323908906
2016-05-19,7427.33,7539.25,7539.25,7427.33,126310.0,-1.42%,0.02280005657816584,0.009893639260008042,88.3120816066306,0.17440613109950331,0.07000152706506736,117.51688061619383,144757.08000000002,0.9676555004877233,0.5929377017171844,0.011954315977871891
2016-05-20,7299.03,7390.91,7395.6,7295.28,114060.0,-1.73%,0.0037524900691913335,-0.008221403718208243,76.31495058973543,0.10032497087266765,0.05151827724010356,94.84623157205854,144983.04,0.9513395996808864,0.5461325521302807,0.012568934157678962
2016-05-23,7306.69,7320.65,7351.07,7306.69,97150.0,0.10%,0.0023168377814756754,-0.007808773495325805,64.22218680267771,0.06553538053738016,0.052621797845397555,61.69999999998254,145024.22,0.9344061071058138,0.5250015047723835,0.012568720018575672
2016-05-24,7356.72,7309.03,7363.96,7304.56,125050.0,0.68%,0.006122263971640954,-0.0022240122799763676,60.470725746466904,0.09150962125676948,0.059829256837938084,90.28241261066007,145075.52000000002,0.8323067031933793,0.33536582442771445,0.0126460087456404
2016-05-25,7463.95,7396.0,7466.72,7396.0,172620.0,1.46%,0.01699133182708018,0.009544479226291896,69.23281266602912,0.1594716848780711,0.07527710468463221,6.4099999999889405,145182.11,0.6146060347066183,-0.10077573986279731,0.012919845733132195
2016-05-26,7376.38,7438.89,7454.51,7354.17,116640.0,-1.17%,0.0013889793929915317,-0.0029675788448620304,72.93539475082355,0.12478006620483542,0.0626615303496979,57.64958183566515,145434.14,0.6088019143516504,-0.22147160905363839,0.013206938167958614
2016-05-27,7411.68,7393.87,7430.93,7373.96,157300.0,0.48%,0.0021017734262557502,0.0009823880538156946,75.85538199978753,0.16971063809525505,0.06774694514955157,62.58999999999651,145629.99000000002,0.527973179249516,-0.274832647714943,0.013193296440285409
2016-05-30,7464.34,7409.01,7465.23,7409.01,119970.0,0.71%,0.006408318554326649,0.0068577594928173015,71.22203493879901,0.17744553980294742,0.032762139314152096,107.26649783604199,145879.11000000002,0.4389478785361449,-0.36320451778958995,0.013233718141189153
2016-05-31,7401.6,7478.89,7519.17,7401.6,212770.0,-0.84%,-0.0020996638785105944,-0.0013319762779593653,61.06896493715427,0.10696848093578565,0.014573806625653933,6.6600000000034925,146184.16,0.4925901643166473,-0.2534864163022088,0.012879868340641127
2016-06-01,7500.79,7447.27,7507.47,7434.55,130150.0,1.34%,0.009564665804877762,0.010531218097040378,61.12763241317967,0.17644141576249717,0.02817026899584392,39.18988215636428,146531.88,0.3332004911299711,-0.4820449152286854,0.013075105145373911
2016-06-02,7464.59,7506.78,7553.6,7464.59,143180.0,-0.48%,0.004423898432182331,0.0050248424319924495,58.63127878920832,0.10527119797673697,0.023208156506672864,99.84000000001106,146986.09999999998,0.4271578619098907,-0.5032011529108908,0.013188312379004063
2016-06-03,7514.22,7511.71,7533.48,7497.53,133080.0,0.66%,0.011077935760620898,0.010210694662799077,72.35504862177393,0.0998739319905935,0.030011185314340303,138.2772466132529,147368.83,0.3277938549504167,-0.3754015320893167,0.012770631708610562
2016-06-06,7598.22,7549.87,7606.85,7535.51,142870.0,1.12%,0.02166004096817679,0.018467065514186465,79.72184096329953,0.11310702778553493,0.04152547948810745,231.5800000000163,147883.3,0.18958703315866973,-0.4664935092284419,0.012825761386028702
2016-06-07,7710.54,7645.35,7744.54,7634.38,272590.0,1.48%,0.035010711811987526,0.02849685082612548,89.90054619247042,0.0734758605560353,0.05692173569760177,27.62508588215273,148489.65,0.08477729322879185,-0.30243042962638933,0.012028763173937234
2016-06-08,7722.79,7724.26,7792.34,7722.79,195880.0,0.16%,0.033726628367839406,0.025152121811533135,91.88996055343132,-0.049324031034447345,0.05860090359794281,92.3133442471212,149025.31,-0.4457906960176958,-0.9681815650556174,0.010182126962087716
2016-06-09,7536.65,7725.55,7725.55,7536.65,109120.0,-2.41%,0.0065243296807873845,-0.0007210204919380551,75.34020044597575,-0.05057613696809176,0.03177330325166734,137.199724992913,149351.58000000002,-0.7042932068629915,-0.4980901333482044,0.011495486510396422
2016-06-10,7509.94,7567.74,7616.94,7509.94,155460.0,-0.35%,0.0010163529523885748,-0.004652113067677219,58.564549802541585,-0.10422152176471788,0.028116683277295166,46.229999999995925,149563.19,-0.6353293253208463,-0.48907681591353214,0.011071233588150946
2016-06-13,7554.4,7510.31,7554.4,7407.22,165980.0,0.59%,0.005050931724946631,0.0003197771666290877,45.12759987466563,-0.09814577419328457,0.02722672986890425,26.920000000012806,149636.34,-0.6327904071593207,-0.42851983096457147,0.010920867062400827
2016-06-14,7460.12,7516.68,7516.68,7414.37,109170.0,-1.25%,-0.007456123595003773,-0.011181210821384057,37.327345246973024,-0.06274509246118051,0.014406792336864638,6.499859393203644,149679.0,-0.45901412065763786,-0.7936549523876346,0.01128182670085602
2016-06-15,7501.65,7455.11,7521.6,7451.56,121280.0,0.56%,-0.003117467776690151,-0.0054214515996288525,33.46569657559344,-0.0936507485032926,0.017316340202550542,49.55438426618409,149614.28,-0.5009936108852212,-0.8094846082488312,0.011355483519428831
2016-06-16,7564.47,7516.08,7576.82,7513.42,120330.0,0.84%,0.0037748217324182144,0.002209968983540411,32.1275542573376,-0.0253061393009358,0.022004701686121904,47.80999999999767,149581.63,-0.7302312509058227,-0.4008165030513533,0.011002619721230488
2016-06-17,7622.07,7607.95,7656.33,7607.95,127340.0,0.76%,0.009908287791122652,0.008308671378716085,42.87541963016477,-0.007252847703663256,0.029786802853437006,89.3299999999872,149718.77,-0.9680430517882455,0.3412221798560391,0.010209078822931528
2016-06-20,7665.33,7632.1,7678.08,7624.08,152210.0,0.57%,0.013111444636046125,0.011924574358710738,55.04227547654805,0.052379399588523196,0.034845731597009356,104.82801277401546,150041.81,-1.0285187845660921,0.4022014897656132,0.0102336023445476
2016-06-21,7767.23,7701.9,7781.17,7700.69,214870.0,1.33%,0.024003641698045284,0.02175992856242422,72.30811068083199,0.06577536934961824,0.04860257964526493,124.92999999999302,150400.45,-0.9970422451443026,0.2774259669241861,0.010478031718195576
2016-06-22,7756.37,7767.44,7777.6,7756.37,166990.0,-0.14%,0.019769918485406244,0.017276449243764105,83.72022573050816,-0.0404189634790981,0.04713644255199651,69.5011212171046,150810.96,-0.9480683646909795,0.29930183347851,0.010134010674704517
2016-06-23,7729.78,7761.38,7763.05,7711.56,143660.0,-0.34%,0.01422086464086631,0.01159940505568045,89.29857360476377,-0.03262830776816131,0.04354670173155374,6.8400000000110595,151103.38,-1.0687732086149468,0.8852562821399257,0.009703941245591501
2016-06-24,7629.72,7771.75,7813.58,7538.18,223290.0,-1.29%,0.0007965816136371215,-0.0016404777357095202,76.39005715848377,-0.0717702663000463,0.03003825996797719,140.37470667450006,151456.78,-0.8164916065296374,0.03957062691653901,0.010266894316496489
2016-06-27,7715.9,7571.33,7715.9,7488.51,157600.0,1.13%,0.012050057515513435,0.008013875132862117,71.49077282344903,-0.05797051367499606,0.04167285432321429,50.499150242770476,151674.82,-0.8045548119819161,-0.042516603757957405,0.010428752406523693
2016-06-28,7666.69,7711.88,7711.88,7651.34,96760.0,-0.64%,0.006124278592340148,0.0008413133504513921,64.85628506742786,-0.00658768928822492,0.03502933624220684,53.93182001068935,151926.38,-0.8321672417781156,0.06947843350234395,0.01033467133906868
2016-06-29,7798.53,7715.4,7798.53,7714.18,144240.0,1.72%,0.020919898786447306,0.014898884003152778,78.70361256029129,0.0056957130585551085,0.05282818655311972,63.704735343502016,152191.47000000003,-0.7337194003416351,0.0028198262428515974,0.01059035548776151
2016-06-30,7796.25,7819.14,7980.75,7768.44,307910.0,-0.03%,0.017896266580595063,0.01183650557600964,75.99314630055211,-0.020373913148536607,0.052520378765582736,113.97893157116664,152489.21000000002,-0.8083789453334704,0.1848710715400479,0.010484505910673968
2016-07-01,7830.35,7811.2,7878.52,7811.2,141740.0,0.44%,0.019724204930660676,0.013260842894529388,79.19085989512031,-0.036099208533780555,0.05610456451458458,81.07000000000698,152820.87,-0.7873906136276333,0.19411311970801792,0.010446297379001159
2016-07-04,7846.54,7856.67,7879.66,7832.13,122410.0,0.21%,0.018172805708879195,0.01242735003769149,71.97159695287563,-0.08449473632053153,0.05300635034811496,137.39444991513588,153137.0,-0.7396355546950245,0.29566340652828593,0.01022656426864964
2016-07-05,7808.13,7872.96,7910.88,7797.94,200050.0,-0.49%,0.010318736057885289,0.0057128060361488564,71.00524308271439,-0.1708863549427913,0.042681387886241706,94.38946763278473,153385.32,-0.6663739917478365,0.34864139799484484,0.009836680071453717
2016-07-07,7753.46,7816.26,7818.67,7748.87,138200.0,-0.70%,0.0014954835179890199,-0.0017587813107232636,64.46523632188268,-0.14972335316558869,0.03538087015975138,64.81556354008517,153482.91,-0.5299208011348561,0.07299363149253946,0.009981180275382449
2016-07-08,7771.52,7752.62,7774.39,7752.02,183310.0,0.23%,0.0024460132048597584,5.760067924691651e-05,58.7504740235116,-0.06938578326323622,0.03779256487605681,94.2555303041519,153513.58000000002,-0.03892125419429486,-0.6693433300899514,0.008173839946760087
2016-07-11,7865.27,7830.5,7890.56,7827.51,200350.0,1.21%,0.012673293987791127,0.010168021262014914,62.61986023078179,-0.008169342325647927,0.050311744258871284,51.55116001200233,153748.45,-0.20514677971138526,-0.7614260913792319,0.008402014318604229
2016-07-12,7937.95,7881.54,7937.95,7880.31,239190.0,0.92%,0.02042890752302489,0.01652398197742572,75.11308846633084,0.014123109138201993,0.06001727980599606,95.33999999999651,154103.78,-0.2328963813746874,-0.8329716168445405,0.008508454519906387
2016-07-13,7944.02,7951.05,8005.73,7944.02,314860.0,0.08%,0.019452654226704,0.014443537065235395,85.30462017642702,-0.07295845559372577,0.06082785494043544,100.02871224837654,154487.33000000002,-0.18142399290150477,-0.6259452897233571,0.0077627846508442015
2016-07-14,7956.14,7953.39,7964.07,7905.88,146080.0,0.15%,0.01889389974265568,0.01316724335540173,89.92872166585198,-0.057178043495664896,0.06244633445104568,5.009999999994761,154971.22999999998,-0.10417012975969085,-0.6258929516718288,0.00774985668549152
2016-07-15,8030.06,7968.63,8037.41,7968.63,185620.0,0.93%,0.02460818508357725,0.018749884158316608,92.38068961092222,-0.03604201587046423,0.07231745701080725,170.09355073018054,155425.72,-0.1100210411407127,-0.6561734696394517,0.007786106265921066
2016-07-18,7986.25,8024.48,8024.48,7969.35,86070.0,-0.55%,0.01651350890380652,0.010643745076605786,91.94055969763775,-0.030931292384964566,0.043771417817009814,16.10999999998603,155891.31,0.07359423433185171,-0.7707809469286504,0.007927380836844414
2016-07-19,8036.01,8001.12,8036.01,7999.07,144740.0,0.62%,0.019424163432417076,0.01387007332098626,94.99211575846171,-0.012893920284724334,0.04171927541229268,55.6506914134445,156255.49,0.06478627324699535,-0.7850891547379848,0.007940538076308675
2016-07-20,8051.97,8034.76,8051.97,8023.28,113440.0,0.20%,0.019108444940745133,0.013002439058143684,95.4384629983961,-0.02108202008005052,0.0391153806942174,22.610000000000582,156626.16999999998,0.14368391177783155,-0.4754351923442113,0.007514759032653436
2016-07-21,8102.3,8050.26,8102.3,8023.31,170220.0,0.63%,0.02264903245105442,0.015903869779203557,99.85562396229727,0.07640452368475797,0.04561052127600544,65.46891246997079,156910.91,0.0012587456921040016,-0.5162715865984087,0.007536502533244972
2016-07-22,8025.35,8103.45,8118.44,8025.35,140410.0,-0.95%,0.011158982448539648,0.004534246886267437,91.60375571610257,0.04800249224312128,0.0356800410898622,83.80000000000291,157256.84000000003,-0.03722581317317504,-0.6927223271201708,0.00788943633519397
2016-07-25,8049.13,8065.54,8114.34,8038.11,152700.0,0.30%,0.012309468515120233,0.005625256497853395,85.35234642061505,0.03905051308677173,0.038748875642513066,122.97501824600464,157552.41,0.10084586948173709,-0.6319270303784177,0.007072900404945865
2016-07-26,8024.54,8061.96,8092.96,8024.54,172320.0,-0.31%,0.0072586854032004955,0.0013306562149859678,76.88304425864307,-0.05813612451244173,0.03557550971948169,151.05341024271138,157971.82,0.29492895349916554,-0.4061001216202236,0.006880637355023194
2016-07-27,8100.48,8046.07,8100.48,8044.92,177460.0,0.95%,0.013637079900705102,0.008562059994182948,83.64546215024022,0.00788605211404552,0.044950864419854325,101.0,158280.46000000002,0.1210388396198065,-0.4366154225336927,0.006778264379643582
2016-07-28,8024.98,8107.23,8107.23,7977.29,141700.0,-0.93%,0.0019197490155790863,-0.0013932117844866903,79.18868276345592,-0.044404625593156895,0.02522769054271401,149.79725428588134,158714.25,-0.19359800872323427,-0.9204698392538537,0.006391797496958648
2016-07-29,7963.11,8021.22,8064.01,7963.11,131580.0,-0.77%,-0.0066714311897228176,-0.008327166164670807,65.91495940715352,-0.017807619474471577,0.010507200858849368,46.71578934991861,158940.7,-0.1339890937064783,-1.1404363574509224,0.006705784642682384
2016-08-01,8069.81,8006.72,8078.98,8006.72,98480.0,1.34%,0.005457167610843806,0.004073290698130656,59.922703752032,0.023250279161133314,0.020735199623571354,25.904836341980655,159107.56,-0.037029869938476276,-1.1672249541214812,0.007222815020083347
2016-08-02,8037.78,8075.13,8075.13,8010.63,140060.0,-0.40%,0.0006314362413456994,-0.00010722019616203828,57.981914890708275,0.0310708717597604,0.016683784727316835,33.73999999999069,159347.02000000002,0.06850794278127184,-1.248581538722895,0.007324672114479143
2016-08-03,7888.44,8027.27,8027.27,7848.73,145600.0,-1.86%,-0.017368505673225575,-0.016331158113892068,51.29934748819121,0.05738988263373071,0.0050594172560401544,86.13462168899787,159538.26,-0.3758118497835806,-0.5506584894349702,0.008475712054125143
2016-08-04,7978.57,7909.11,7978.57,7907.44,110310.0,1.14%,-0.005685840109269584,-0.004275962479328689,41.638961353738665,0.1299942745264065,0.01654280374022296,56.03963088617309,159618.57,-0.5435875564385639,-0.42800174662313584,0.008612529374667197
2016-08-05,7970.35,7986.32,7987.17,7955.67,80070.0,-0.10%,-0.00656963562702573,-0.004409800407711764,35.98556474237775,0.08849246461677597,0.015495500545948301,71.0669200759908,159843.68,-0.48217653229490826,-0.48644177698331026,0.008627581696767257
2016-08-08,7993.58,7990.15,7993.58,7957.04,129430.0,0.29%,-0.0032977263438433053,-0.0010176379872478274,48.97976839321263,0.1203037026701369,0.01845521504753003,23.360165047469074,160042.51,-0.4975539073438161,-0.3025759250997031,0.008261609805477955
2016-08-09,8055.06,8012.76,8064.02,8006.94,193320.0,0.77%,0.004340442601173457,0.006078415780435589,58.433131882392445,0.08633342148964591,0.026288329449477923,60.34473039917526,160170.82,-0.5090998621725733,-0.25559284003026184,0.00818562177336194
2016-08-10,8051.4,8053.42,8059.03,8019.64,164310.0,-0.05%,0.004339381666179355,0.005099859593447672,68.4500636486104,0.23807727145607244,0.025822011968815346,56.71145011712329,160287.93,-0.48552548762605346,-0.2768185315740239,0.008190157274833906
2016-08-11,7981.35,8058.88,8058.88,7970.97,215940.0,-0.87%,-0.004008251107198242,-0.0030597166387192694,67.19156925454837,0.13860778181360814,0.016897001170890172,74.77651563244099,160395.31,-0.32990419850700836,-0.6180845763701259,0.008451166923149766
2016-08-12,7955.86,8020.84,8030.94,7932.88,186510.0,-0.32%,-0.006363067286222773,-0.005289249408123197,55.505653960137806,0.053912159337796535,0.013649341995456605,72.11944964577455,160420.52000000002,-0.203797636268074,-0.4966380470989358,0.008201108972624424
2016-08-15,7960.17,7949.64,7960.17,7894.56,160500.0,0.05%,-0.00525354870716964,-0.003975990971481741,44.82784683243538,0.11783325256737195,0.014198475422138424,52.202485464568824,160346.32,-0.3110724486691684,-0.3607878139957901,0.00811696682687713
2016-08-16,7983.38,7969.23,7983.38,7944.39,170970.0,0.29%,-0.0013092214510734043,-0.0007579056484950349,45.5473887814315,0.12555835590662268,0.017155641740765774,56.27580350702834,160320.24,-0.2836811442612834,-0.26930414671220415,0.008013383643293738
2016-08-17,7946.19,7999.81,8002.28,7930.39,193900.0,-0.47%,-0.005261230714342347,-0.0046211659629882265,45.84237691909757,0.050061766059630225,0.01241729553698497,45.73769433503894,160267.61,-0.1624159204487611,-0.354306561234802,0.008051354642284863
2016-08-18,7952.81,7948.3,7993.96,7936.3,128650.0,0.08%,-0.0043408100621731595,-0.003202424424706531,46.53997316011337,-0.023471226429682183,0.013260744094904634,113.31486345324858,160161.83000000002,-0.10186117486348586,-0.19542892654795363,0.007897335269475291
2016-08-19,7930.75,7959.5,7964.86,7916.67,172210.0,-0.28%,-0.005866373749403417,-0.005024066665459146,41.25295327325133,-0.0007779894274313085,0.010450098296157524,38.48167507526336,160012.34,-0.17154143390077978,0.11354268333260364,0.0076514241417117886
2016-08-22,7981.21,7938.61,7981.21,7934.98,111000.0,0.64%,0.0009658770041365524,0.0012452316786966938,47.65551950267391,0.0718063164122084,0.01687916389020905,66.9636549280329,159917.74,-0.19789220214517048,-0.025960635308502678,0.007770749802391826
2016-08-23,7935.18,7963.1,7966.33,7912.95,120920.0,-0.58%,-0.00522351025548401,-0.0038906294031042774,40.57792560079073,0.12421427057157883,0.005145315255061699,1.8738447517287606,159849.82,-0.1544991305071462,-0.13535753801867,0.007842949623556935
2016-08-24,7866.13,7938.7,7938.7,7830.41,167740.0,-0.87%,-0.012885944156247746,-0.010725284018768337,33.59876764729095,0.045470724560783334,0.004561702388508425,88.94537148476525,159760.46,0.016751540118092396,-0.0444084534855258,0.0076746901735043425
2016-08-25,7854.54,7870.43,7870.43,7839.6,145520.0,-0.15%,-0.013316122256906177,-0.010286364315319504,16.529960305248107,0.05660311404412511,0.003081575549683875,1.5499999999883585,159526.11,-0.07997774388325814,0.26285501127337785,0.007447776557571073
2016-08-26,7845.49,7849.61,7849.61,7804.28,201760.0,-0.12%,-0.01314165595682724,-0.009512117747679094,13.828496104511721,0.15297215449796406,0.005280435863398038,29.847626398070123,159355.66999999998,-0.18289711275632894,0.5534245870119476,0.007281484019392154
2016-08-30,7794.93,7863.15,7863.15,7719.14,243560.0,-0.64%,-0.017204435290935936,-0.013320292653173329,16.164479211829505,0.12692935189075807,0.009818451278251199,54.36999999999534,159238.05,-0.35072611733350606,0.8397360449681885,0.006574131103419268
2016-08-31,7787.37,7770.79,7802.81,7707.38,230500.0,-0.10%,-0.01581741643629056,-0.011875516502490779,20.307004426141006,0.17782967502579589,0.010378364632339366,69.74706947249001,158963.16999999998,-0.4221061067069844,0.9224952469175327,0.006554080962068955
2016-09-01,7773.31,7775.78,7780.39,7646.3,231920.0,-0.18%,-0.015745882237174613,-0.011330942116620257,26.025211367136396,0.2590765593048068,0.01661064828740701,18.876039348646394,158712.76,0.55017461878514,0.029460264783454537,0.005193662266937384
2016-09-02,7807.42,7769.92,7829.7,7769.92,126420.0,0.44%,-0.010097910792067524,-0.005470524703132161,33.67940438766954,0.23469329752581897,0.021071629415534296,50.530269591223636,158597.63,0.10469332807214107,-0.5288480148198458,0.00452234681690995
2016-09-05,7764.05,7780.14,7807.93,7747.06,96910.0,-0.56%,-0.013845234868007357,-0.00892446092576523,37.11971913356329,0.2225105876490013,0.015399605037730666,22.819999999992433,158426.47999999998,0.19900742259182408,-0.6811222635954475,0.004631897681083299
2016-09-06,7719.18,7769.69,7771.75,7697.41,131890.0,-0.58%,-0.017188657254150943,-0.012064755710475656,32.93724366537452,0.16812149156734124,0.009531407347344482,58.55880893604561,158220.18,0.40037398933074064,-0.5550747417229682,0.004623475715423069
2016-09-07,7619.1,7723.14,7723.14,7597.32,304270.0,-1.30%,-0.027036671131017362,-0.020945874576367634,19.680628910845282,0.06821557681676561,0.002866800398035183,45.279999999998836,157945.78,-0.09860051588461115,-0.2312995221371339,0.004713301019506436
2016-09-08,7667.07,7588.78,7667.62,7536.07,203060.0,0.63%,-0.018352339867318046,-0.012009855033021079,18.464376480400844,0.09588474856635062,0.017383065709315332,221.61259907974244,157509.82,0.01511225868594762,-0.48656489878313325,0.005112469308418871
2016-09-09,7581.79,7678.75,7678.9,7581.79,117150.0,-1.11%,-0.026163252360597532,-0.01914634130564659,15.063665052575208,0.11250655061164103,0.0060668226277091715,6.350000000005821,157125.49000000002,-0.06527459887850806,-0.5302810199546513,0.005294309220477349
2016-09-13,7550.27,7569.99,7571.01,7527.76,142740.0,-0.42%,-0.026362346237301378,-0.01924488800220441,14.944153237450003,0.144803259455512,0.002990265364464358,115.77478697886127,156725.93000000002,-0.038332846739417434,-0.5513258369633132,0.00530483784280441
2016-09-14,7546.01,7526.3,7546.01,7493.64,175120.0,-0.06%,-0.023410964990044976,-0.016242499794856737,9.056822926552785,0.14846315634322102,0.0069885929935251615,0.319999999992433,156320.34000000003,-0.014998877422926639,-0.5045297590103224,0.005276056802635189
2016-09-15,7708.42,7537.14,7708.42,7510.62,117560.0,2.15%,-0.0009356691580504724,0.005253540318780375,24.634039052383475,0.13493853911361814,0.028661638402698787,135.81947529579057,155906.18,1.4062396148610317,2.8074612585622782,0.007487192533445459
2016-09-16,7553.76,7683.67,7683.67,7549.32,181650.0,-2.01%,-0.01824696799063699,-0.012135044310296286,28.34657427108085,0.11723355620583716,0.008022803337229956,101.81250830511489,155631.22,0.6960879184807729,1.8466945608952177,0.008525382517940154
2016-09-19,7575.84,7570.64,7576.84,7519.81,89010.0,0.29%,-0.01290627362759379,-0.007199255416165793,31.839482249939977,0.1611827928996495,0.010969301968068898,163.5598437881323,155238.79,0.6556096731443847,1.6962237697142672,0.008580945810573351
2016-09-20,7671.72,7590.19,7671.72,7590.19,112370.0,1.27%,0.0007339368504968889,0.005421418267342679,30.50213659185137,0.22073046330168258,0.023764152000896748,154.97999999998137,154861.82,0.5061497549744156,0.7068760454289795,0.009214852721110844
2016-09-21,7675.42,7686.26,7686.26,7632.25,126890.0,0.05%,0.002262031522936952,0.005742417238807782,43.10924846173422,0.2089299025594496,0.024257904035955787,46.873939191174635,154602.79,0.599940932889,1.0438894337210112,0.009038925931118207
2016-09-22,7762.35,7714.05,7770.37,7712.29,137710.0,1.13%,0.013717043648276582,0.01528395539514242,62.347001527505086,0.24437010836192768,0.03585840792992458,108.21999999998661,154297.0,0.3972479982292753,0.3917593174512053,0.009453853639103933
2016-09-23,7723.6,7768.31,7781.93,7692.99,119530.0,-0.50%,0.009445793624224647,0.009049164473428703,69.07285344694873,0.25413889865001105,0.030687356211400604,116.84390617518298,154124.16999999998,0.3775102966373154,0.5165556927071022,0.009331591865941891
2016-09-26,7632.46,7715.32,7715.32,7615.45,93860.0,-1.18%,-0.001238935687413898,-0.002529992868175742,67.09331021960521,0.24023310635122125,0.018525042569432174,20.48975133886919,153981.64,0.42811831528242744,0.24592677459204193,0.009646962268608405
2016-09-27,7557.34,7627.0,7627.0,7538.0,125920.0,-0.98%,-0.009570686303740384,-0.010889368998406826,47.80560035355424,0.1700732961411008,0.008500541792773582,69.37915951382577,153759.56,0.506484123868548,0.121028261288457,0.00982970758682095
2016-09-28,7586.96,7559.3,7603.81,7554.94,86370.0,0.39%,-0.005389584955045208,-0.00625992126779269,34.206296900112086,0.1838799869809126,0.01245322700316531,72.44999999998254,153471.41,0.35806063986727965,0.008758975075690678,0.009846437782448317
2016-09-29,7714.86,7611.04,7714.86,7605.42,192370.0,1.69%,0.010925039872408223,0.00896317333111747,43.733740330916675,0.19880362229220125,0.02952103383669343,59.74415619957755,153263.44,0.29226764314749054,-0.4799437152717596,0.010652372529119308
2016-09-30,7629.73,7709.77,7709.77,7629.73,105390.0,-1.10%,-0.0006784624835131498,-0.0021397302681330256,52.103784383780045,0.09555708862750294,0.018160733635456096,132.0708238029865,153190.93,0.35242409222243765,-0.6122627280897723,0.01091255249412095
2016-10-03,7677.73,7643.34,7677.73,7643.34,80560.0,0.63%,0.004410734075775294,0.0033887576205380862,62.599003318417566,0.114808671724213,0.024566165441627732,89.02499952054914,153047.35,0.3294016771753604,-0.6660919160681558,0.010969014149077142
2016-10-04,7719.24,7670.22,7719.24,7666.4,100280.0,0.54%,0.008209111663342199,0.007492987967626514,62.651789476195084,0.1668202494883622,0.027776668237775297,96.00742404652097,152917.66000000003,0.18781299965009335,-0.7358592458771422,0.01099170473420506
2016-10-05,7639.79,7706.66,7706.66,7607.08,82550.0,-1.03%,-0.0015285546784565035,-0.0025885044257715796,62.17411946452395,0.17964577636403362,0.015955190357203115,105.10365978404549,152872.85000000003,0.20891303834474312,-0.8188320654225891,0.011156675079564677
2016-10-06,7620.16,7635.75,7642.71,7609.01,88740.0,-0.26%,-0.004711010269882913,-0.004608512325663598,53.65017028410759,0.26340674785375384,0.013344752061554674,32.694713697515375,152793.46000000002,0.16705818688405027,-0.6448553725960018,0.010779066708302608
2016-10-07,7578.29,7621.57,7628.85,7550.89,152140.0,-0.55%,-0.010202384278706081,-0.008732237865061844,33.52465135654523,0.16737912403363556,0.0053449190766781595,31.849631513216647,152794.52000000002,0.3198326807671643,-0.5619765636026881,0.010742540812778686
2016-10-10,7534.71,7584.46,7586.36,7523.97,52640.0,-0.58%,-0.014634856272577617,-0.012336447800089084,19.654820610522176,0.20691150930257998,0.0014274379084445819,44.080065258349975,152705.74,0.3096148935202693,-0.44778444365051095,0.010528699366979777
2016-10-11,7520.82,7529.18,7566.01,7510.25,106920.0,-0.18%,-0.015028900436341084,-0.011984895476684142,8.190358787619571,0.17906541259069358,0.001407409873173291,57.388406494694685,152658.66,0.28114713992478646,-0.4306065603203071,0.010496269542892893
2016-10-12,7429.82,7494.65,7495.49,7393.51,139760.0,-1.21%,-0.023910456582059217,-0.020409170367610637,5.80072370078783,0.08787648070314677,0.004911063892521886,57.24838140327719,152629.21000000002,0.3472285789181256,-0.5946061811667378,0.010832192232051261
2016-10-13,7312.18,7381.58,7393.86,7312.18,205100.0,-1.58%,-0.03564224421310558,-0.03081428757855791,4.412911636901985,-0.05094117617013182,0.0,164.06795516708348,152513.02000000002,0.24189370415656553,-0.7760669118164745,0.00998236941720195
2016-10-14,7389.3,7321.71,7403.81,7321.71,152610.0,1.05%,-0.023233957061844387,-0.017238144773654252,9.431246099498983,0.06256917804099998,0.010546786320905652,76.9096147137468,152116.78000000003,0.2597298446734846,-1.0542299856304742,0.009496700668931404
2016-10-17,7358.21,7378.76,7426.56,7358.21,115070.0,-0.42%,-0.025511437701372916,-0.01777003764274693,10.084508426276217,-0.022667586736404326,0.006294976327169154,0.5799999999871943,151952.32,0.3715698869198115,-0.9874802927925601,0.00947322706386427
2016-10-18,7571.15,7361.94,7571.15,7357.15,142860.0,2.89%,0.0028393697811997893,0.010289664135334104,31.291046364991207,-0.009714683771804197,0.03541625069404738,156.5602481474707,151734.69,0.9464339248482088,0.4655252030011008,0.011274512433438695
2016-10-19,7721.57,7578.96,7721.57,7576.35,183850.0,1.99%,0.02269837951159239,0.02722073040562139,58.30917637039582,0.0342941551954285,0.05598740731218315,107.16716721464879,151634.12,0.7636140393013509,-0.29392896478315134,0.012170110191164932
2016-10-20,7713.32,7705.46,7720.03,7656.99,110540.0,-0.11%,0.02079844183967493,0.023162692434729067,87.20147349323922,0.02947745768144268,0.05485915281078959,71.49000000000524,151680.27000000002,0.9359842405981622,0.10803053956602726,0.01189531521479688
2016-10-21,7650.22,7714.18,7714.18,7645.4,72060.0,-0.82%,0.012711001393926901,0.013107218761199652,93.51881254223768,0.01972390974817694,0.04622971535164615,22.460000000006403,151631.24,0.9441740983060088,0.07749499477380084,0.01198325973873091
2016-10-24,7609.31,7593.36,7614.58,7571.44,94090.0,-0.53%,0.008343583484344597,0.006709929110005776,84.3783840999211,0.07537018493655115,0.0406349406059479,70.56024518097584,151557.86,0.9634985802188829,0.17432439996117788,0.011744933309433752
2016-10-25,7580.22,7599.53,7624.77,7580.22,89850.0,-0.38%,0.005055437445922534,0.0022624483106550393,73.54112215735618,0.06859925415451593,0.036656646854973475,72.69000000000233,151534.71,0.9616394110678662,0.25082875114082137,0.01155742146213035
2016-10-26,7494.41,7542.36,7546.87,7478.55,117920.0,-1.13%,-0.005137226110296163,-0.008249753178769028,60.85476766245723,0.029968343123981528,0.02492143245926653,49.810000000012224,151557.58999999997,1.0504606272016794,0.29360004186007815,0.011800105211401271
2016-10-27,7445.14,7496.05,7497.12,7424.63,121350.0,-0.66%,-0.010428330363946263,-0.01323814482944106,47.48772564058726,-0.07499872380634877,0.018183359818822846,16.671658585753775,151465.03999999998,1.363582307262807,1.360902884931499,0.011124919459433811
2016-10-28,7404.8,7442.92,7447.61,7317.72,106180.0,-0.54%,-0.014574744770626962,-0.016520025813465213,33.20468664761395,-0.013817746861579903,0.012666537202311744,20.823914641746022,151195.32,1.3834196151111284,1.4734938424274926,0.010946871770967074
2016-11-02,7252.4,7371.68,7374.57,7237.34,154130.0,-2.06%,-0.032387149588710154,-0.032272662478547036,19.403861591967708,-0.09748214284337704,0.0020808750176168995,2.0500000000029104,150970.39,1.2677598924783549,1.4949479257655467,0.011579086210739033
2016-11-03,7160.91,7230.37,7252.55,7129.1,188770.0,-1.26%,-0.04213899946055514,-0.03876465582559618,10.367681463437846,-0.17141492824105264,0.004461993800058842,13.310797760756056,150545.06,1.4454735668631802,1.885198907913182,0.011609478257004566
2016-11-04,7227.37,7174.4,7227.37,7160.61,134770.0,0.93%,-0.03246513881030609,-0.02550812982029903,8.35521145475561,-0.10339772887420187,0.013784348655510446,130.95000000001164,149986.72999999998,1.1860009790880737,1.1359763467015256,0.011845620267049032
2016-11-07,7197.19,7201.9,7232.18,7164.9,106600.0,-0.42%,-0.034732170587267186,-0.024796587798903435,11.149369025717123,-0.09256720727756657,0.009550995216787424,160.04964212826417,149574.31,1.2054149487446741,1.1629777639738048,0.011850100135260938
2016-11-08,7307.8,7279.03,7307.8,7231.57,105280.0,1.54%,-0.019423915911516796,-0.007148033668040616,19.41364119702259,-0.034119647709136794,0.02506627765075533,100.83503749267962,149151.34000000003,0.9355965226954632,0.24483496653962922,0.012499506573178944
2016-11-09,7119.04,7325.41,7329.24,7038.19,146960.0,-2.58%,-0.04059481901395501,-0.026914290753322263,17.828443037790507,-0.04474828151143878,0.011487328418243948,84.98324834929892,148880.84999999998,0.6557226549448905,0.027147549446377983,0.013596677680392306
2016-11-10,7181.87,7232.5,7254.27,7172.65,113930.0,0.88%,-0.027072882799194887,-0.014042464550660735,21.02171881303124,-0.053009367820200395,0.02041433948216804,286.679999999993,148465.18,0.5344492534614391,-0.24789201034730146,0.013841043580958272
2016-11-11,6975.09,7146.09,7153.5,6971.58,183330.0,-2.88%,-0.04828685560275988,-0.03524938226459864,11.125318439218189,-0.10355624458912095,0.0005034726704707137,51.44933284153947,148126.22999999998,0.3091102856990313,-0.36953644279317066,0.014929128326128228
2016-11-14,6871.48,6939.31,6945.26,6865.94,157420.0,-1.49%,-0.05525360014919425,-0.04149294825063826,7.42504241946844,-0.07863602311279899,0.000806881504935954,196.06409631162464,147671.5,0.3089231006063533,-0.3517673860404167,0.014886532590005322
2016-11-15,6857.15,6883.11,6948.61,6857.15,142130.0,-0.21%,-0.05020802895912709,-0.03602978193597197,0.40091163609793895,-0.17203085621653838,0.0,38.23999999999069,147230.8,0.4213054551405273,-0.07317098237365949,0.014545683949872467
2016-11-16,6966.28,6900.9,7001.36,6900.9,92970.0,1.59%,-0.029195529047959193,-0.016015647874239765,5.517477997290719,-0.11771912796905239,0.015914775088775965,44.444234705419284,146698.65,0.2811523777479057,-0.48827784204011726,0.015185458466547695
2016-11-17,7050.12,6999.38,7115.76,6993.66,112900.0,1.20%,-0.013147412270598145,-0.001810962543676659,15.325112872884255,-0.1788131464785997,0.02814142901934481,101.98000000001048,146306.72,-0.0199198676815996,-0.7508380116701132,0.0137376839990744
2016-11-18,7067.73,7071.24,7082.6,7037.58,69300.0,0.25%,-0.006935119831817358,0.0021260917074793404,27.213019476775003,-0.25351415602801275,0.03070955134421734,284.05409784054075,145785.69,-0.14419193954826498,-0.6150829203308499,0.012694156741150812
2016-11-21,6979.06,7073.12,7084.72,6947.61,67630.0,-1.25%,-0.015185938928264708,-0.00785739535056624,29.792608651816124,-0.3100806536460061,0.017778523147371834,30.830000000001746,145131.84999999998,-0.01775545876391429,-0.6981038954456911,0.012797615974600765
2016-11-22,6802.73,6973.75,6973.75,6802.73,144830.0,-2.53%,-0.03569728266889633,-0.02769135855876412,19.741616678234028,-0.3346915835037488,0.0,181.12489479309585,144397.58999999997,-0.0022261555449751276,-0.9269451906595982,0.013574013334540789
2016-11-23,6836.64,6822.07,6836.64,6722.31,132140.0,0.50%,-0.027698115239250927,-0.018769655780564696,14.132852644326642,-0.30504463896335526,0.017007546513028993,144.05999999999767,143550.09999999998,-0.09192316156990749,-1.0256326189422131,0.013785717297288095
2016-11-24,6873.31,6847.07,6873.31,6808.17,115430.0,0.54%,-0.018954383568864166,-0.010513138221363646,14.572246112951,-0.2202850587517049,0.02246251660515507,108.87466852481107,142777.43,-0.16559449461932702,-1.1031533486619445,0.013987296569754296
2016-11-25,6889.78,6884.29,6904.93,6845.72,68630.0,0.24%,-0.013511821872550537,-0.005922470057516958,23.769902075472732,-0.18546390258699472,0.024912567257386126,78.30000000000291,142070.52000000002,-0.30385626751878125,-1.0555367932941657,0.013986491609114254
2016-11-28,6825.4,6902.09,6907.09,6786.26,122500.0,-0.93%,-0.017884452834905046,-0.012194685255187595,23.152587613069016,-0.1815071284767525,0.015335502230631915,273.00464901897493,141465.89,-0.2734288142379005,-1.0879712930786125,0.014025905574831287
2016-11-29,6781.2,6823.6,6825.54,6769.11,241740.0,-0.65%,-0.020844523764143214,-0.01539024370884313,18.54961114732521,-0.2390684289198826,0.008760381476010392,93.41000000000349,140846.15,-0.26162782063424256,-1.0957009504725712,0.014032565159782235
2016-12-01,6864.87,6902.14,6943.2,6864.87,202890.0,1.23%,-0.00551174844920634,-0.0020691095578508865,20.372618929324418,-0.26583383048254894,0.02120699580947613,175.19505577067662,140222.55,-0.45368227565493074,-0.9108262143367951,0.013952143635498496
2016-12-02,6886.74,6880.67,6902.35,6834.65,156900.0,0.32%,-0.0014306207949687463,0.001424081617617082,28.641404622735962,-0.20183745870942713,0.024460341757520758,63.972479611783655,139835.02,-0.620333889259253,-0.7084058824075274,0.013804686530047365
2016-12-05,6776.41,6902.51,6902.51,6776.41,178460.0,-1.60%,-0.01645990531366072,-0.012317658612099403,29.534663829241506,-0.3161932634063189,0.008047828796946207,36.75489423994188,139560.85,-0.41301842402988165,-0.9335591960223746,0.013889168356147914
2016-12-06,6806.14,6808.51,6835.49,6751.93,128250.0,0.44%,-0.01162215251039836,-0.006368645124901588,25.61613080865837,-0.2978302748235144,0.012470415675563895,34.13000000000466,139109.89,-0.4903053842476709,-0.9303029907702975,0.013986678727654082
2016-12-07,6866.81,6810.24,6866.81,6789.94,92240.0,0.89%,-0.0017818030559375944,0.0028665667845398477,23.927648578811343,-0.3041673651872925,0.02149558708241661,263.8085404441047,138718.84000000003,-0.5509015284551625,-0.8959995828719842,0.013617524679563198
2016-12-08,7022.38,6917.88,7022.38,6903.91,199990.0,2.27%,0.021127304755336494,0.02273272946298719,46.94375826189671,-0.200836585170178,0.044637929521250834,75.07432197685611,138277.84999999998,-0.48811617833303933,-0.5050762808767564,0.013658516621920322
2016-12-09,7043.16,7044.41,7045.83,7018.99,130400.0,0.30%,0.024410358234196156,0.022461751412865143,69.35240262694647,-0.12932255018525976,0.047729128826251604,12.589999999981956,138181.19,-0.4551263460407558,-0.4481722122715861,0.01350773286837624
2016-12-12,6868.89,7048.74,7048.74,6844.84,160330.0,-2.47%,0.00020802030611035262,-0.002712849226343913,72.0782580668001,-0.11063594145384077,0.021805004529692907,29.247090194582345,138042.47999999998,-0.3513460668568402,-0.6197174637110465,0.0130914460354744
2016-12-13,6880.91,6874.16,6880.91,6799.22,151510.0,0.17%,0.0011442213599627093,-0.0012277026167234351,60.674168976395805,-0.00504073342787823,0.023593080354818424,19.920000000012806,137936.28,-0.5141020217209981,-0.2582659232343252,0.012665145599281249
2016-12-14,6928.34,6888.61,6928.34,6888.61,119250.0,0.69%,0.007085341601261076,0.004581777807894023,50.975170220191295,0.09214545854514929,0.026127344329695337,10.490000000005239,137945.71000000002,-0.6051817432336609,-0.2388507277245675,0.012740818375105024
2016-12-15,6855.31,6891.66,6891.66,6837.36,119530.0,-1.05%,-0.0033438446362551266,-0.005540372406165327,47.617304161991626,0.06599593823554631,0.015311177692896713,67.03781058079724,138016.90000000002,-0.46179465733972813,-0.3233622821842199,0.012436159489174262
2016-12-16,6850.71,6855.24,6881.21,6825.32,191420.0,-0.07%,-0.003608350828981521,-0.00567686192540991,42.51541390114894,0.0609142092645296,0.014629891008941109,100.7449075680078,137905.93,-0.4069405583782573,-0.1571314682659728,0.012068919397881244
2016-12-19,6714.13,6843.25,6848.37,6683.35,133260.0,-1.99%,-0.022342895180246673,-0.022447171820000847,25.51159618792305,0.022079090353035572,0.004605474799314677,6.759999999994761,137706.52000000002,-0.24539779887650448,-0.5797382287896635,0.012716291767221667
2016-12-20,6658.66,6707.99,6710.16,6589.69,190670.0,-0.83%,-0.029182660154091596,-0.02657561500138781,18.909644279891314,0.042726800474088764,0.010466349706890652,73.2704267306914,137352.91999999998,-0.28389093885856265,-0.46988190551629483,0.012573191785553547
2016-12-21,6686.36,6687.09,6732.2,6681.02,155100.0,0.42%,-0.02332840697397219,-0.01922926855790365,14.835697064897213,0.04996830368765365,0.014669885836814793,26.44000000001688,137032.52000000002,-0.32747546272731887,-0.10820651207562504,0.011408599015742916
2016-12-22,6587.17,6664.55,6676.6,6564.15,192990.0,-1.48%,-0.034800217446411326,-0.028861393151387173,13.6112076323504,-0.031682092701641365,0.0035069277819672674,62.83039932492698,136916.15000000002,-0.13911068721615924,-0.4006726152898583,0.011735735511977822
2016-12-23,6563.67,6545.53,6563.67,6499.0,115420.0,-0.36%,-0.03609739539364479,-0.027335694037337866,12.524286207671096,-0.03168547362530039,0.00995076165563934,106.65999999998894,136666.68,-0.03780566882797337,-0.3173806274074318,0.011618484564615913
2016-12-27,6658.2,6579.21,6658.2,6575.85,85570.0,1.44%,-0.020695552961767973,-0.010369412909440934,15.157764914687695,-0.01454397318770302,0.02449607631943373,41.017310401269114,136357.04,-0.049770710595624074,-0.5825903585684022,0.012167682877816373
2016-12-28,6846.44,6688.94,6846.44,6677.06,102210.0,2.83%,0.007206796916449547,0.016651647848324486,34.64122433635294,0.03304356059593743,0.05346053238959834,28.60000000000582,136125.46,0.10941783778565364,-0.44082784855768953,0.013721729785229266
2016-12-29,6840.64,6846.55,6855.37,6797.66,150750.0,-0.08%,0.00827909620068274,0.014922543729361862,51.43522392403684,0.10573432113515589,0.05256808739806129,49.64000000001397,136146.5,0.05443257639667353,-0.3849733175622241,0.013634110927681213
2017-01-03,6861.31,6840.06,6861.31,6746.8,56060.0,0.30%,0.013265719233837169,0.01644423419962728,63.75074277537266,0.20340147186666768,0.055748576704108384,9.799999999988358,136205.94,0.1281636677166404,-0.19162572883465945,0.013365742488275625
2017-01-04,7030.95,6874.68,7041.06,6874.68,203960.0,2.47%,0.03654588954832836,0.036264017168763346,75.39544510546149,0.2331685782749643,0.08185105400830894,13.35999999998603,136202.38,0.13933688909480688,-0.5548338840714249,0.014454325117443321
2017-01-05,7209.44,7051.86,7279.92,7049.34,223920.0,2.54%,0.05919562671651229,0.05374159942768216,85.00511380883803,0.32097654519546953,0.10931527927373436,157.56999999999243,136346.59000000003,0.016211371165547533,-0.628066621819316,0.01482821673911271
2017-01-06,7248.2,7184.46,7289.51,7181.69,205910.0,0.54%,0.061327654221226525,0.05036582095946979,94.62796673496506,0.3159582702199247,0.11527927373442065,197.72081458405734,136779.62,0.006073635761135244,-0.6319006156221865,0.014834011107705625
2017-01-09,7276.34,7255.18,7276.34,7210.8,110250.0,0.39%,0.06077689342181212,0.04541520076081682,94.69433143614613,0.32006685503010945,0.1196091706416372,166.59999999999127,137221.68,0.05553066699938026,-0.5933389536512497,0.014775546439191628
2017-01-10,7364.34,7278.57,7371.84,7276.72,256700.0,1.21%,0.06789426992460049,0.0479229344791642,97.41632752108802,0.31943794994617386,0.13314971534082168,142.1580501669232,137631.21000000002,0.04820811750452237,-0.3846365594426908,0.014214324219787465
2017-01-11,7321.82,7362.24,7402.54,7316.78,161970.0,-0.58%,0.055087442001598694,0.03352515879139064,96.18032447793826,0.2360263776311417,0.12660717033389748,35.54693834374457,137973.17,0.13052899728914097,-0.45318262774456786,0.014332340461669826
2017-01-12,7264.55,7335.66,7347.82,7260.71,127410.0,-0.78%,0.04034669596580101,0.019206605485228536,91.64494491844665,0.24064386963333484,0.11779504539159874,87.68034030164462,138251.83000000002,0.40829593486392235,-0.4485497650164345,0.013115941327498342
2017-01-13,7238.52,7256.72,7270.85,7227.16,109440.0,-0.36%,0.03079687756041774,0.01072003845404509,85.88035209656834,0.17625880078747178,0.11378981381751045,80.14128134040351,138647.49000000002,0.4569574861680419,-0.47004317443294186,0.01319421804557011
2017-01-16,7238.45,7243.55,7279.48,7225.43,104980.0,0.00%,0.024003244853347528,0.006658494413093911,82.80467199386122,0.11916562761485607,0.11377904292968147,47.00667542722842,139005.1,0.5382430820726698,-0.3958533032413585,0.013166777386109928
2017-01-17,7123.33,7244.03,7244.03,7123.33,223340.0,-1.59%,0.0020506914364014053,-0.01035246301284051,76.63723927516723,0.056222676129836294,0.08325615699871493,111.59335501432754,139315.21,0.4756339516948351,-0.46431892677864406,0.013492089905695738
2017-01-18,7156.36,7136.15,7165.15,7129.89,91910.0,0.46%,0.001683151755901653,-0.0066396252722027,71.37712149405678,0.0792691956334235,0.07178309016243664,46.74685425281735,139583.22999999998,0.41622983748567305,-0.49796134063026454,0.013488877159822893
2017-01-19,7246.08,7183.99,7246.08,7172.19,128190.0,1.25%,0.01020500530121742,0.003923774205029233,69.47736259160483,0.15005916008882392,0.07400249006936618,116.821463835728,139888.88,0.4365472045113132,-0.5600687818133663,0.0126002263336619
2017-01-20,7232.66,7252.44,7255.17,7204.27,128570.0,-0.19%,0.004413050583584374,0.0009591122264902977,72.0999761208891,0.14887369778280835,0.07201339894468484,146.32738397169518,140420.83,0.42933399508926806,-0.4588500555916073,0.012353871443566257
2017-01-23,7374.35,7242.62,7374.35,7237.33,132790.0,1.96%,0.018904541102679258,0.01731186138633831,81.63096433614423,0.23775268814315426,0.07268265577452333,223.39164934305717,140994.83000000002,0.2915629164756348,-0.7912796966978095,0.01282316705558499
2017-01-24,7370.65,7373.89,7384.58,7340.54,180740.0,-0.05%,0.014990494770623804,0.014317768839771022,86.5746935586676,0.30095415032032896,0.04558015360303227,284.8716212063928,141682.82,0.4055016966152586,-0.6786993128135568,0.012033308794992698
2017-01-25,7323.36,7383.68,7398.29,7323.36,153150.0,-0.64%,0.007349550757076522,0.006672685865341853,85.75736895252244,0.20567091305882695,0.028080967749633912,257.3553853430827,142466.3,0.3990255770898869,-0.7233635898100665,0.012164944740185209
2017-01-26,7332.64,7320.64,7361.78,7320.64,148210.0,0.13%,0.007789938393015447,0.006791147633102134,79.19253935992545,0.15227863708567926,0.029383729238993617,306.657201691196,143225.99,0.5584600046919826,-0.5174377510134942,0.012016153033216126
2017-01-27,7333.67,7338.22,7366.04,7333.67,149980.0,0.01%,0.007364543324727324,0.005869882648197119,73.98015830378573,0.0671589609150547,0.029528324533610005,41.35571998766255,143900.43,0.6294909426655001,-0.09229945013207885,0.010712586610277745
2017-01-30,7336.71,7350.89,7376.93,7336.71,79500.0,0.04%,0.008055399209858607,0.005245330934764765,75.57394076143413,0.017272987987867187,0.029955091228400215,122.53119425549069,144387.66,0.6177709489633477,-0.08323976021793245,0.010689345801917537
2017-01-31,7229.66,7327.9,7343.93,7229.66,111950.0,-1.46%,-0.00575387331694915,-0.008545158395739013,63.475940555587066,-0.038441693913645866,0.014927007452974933,163.53839096396968,144883.73,0.5261364361967776,-0.2927436597779267,0.011435528913830166
2017-02-01,7227.45,7297.72,7300.21,7209.73,89820.0,-0.03%,-0.005695438725858457,-0.008049275628327432,50.98705660463645,-0.1200522535020066,0.014616759296564934,101.05999999999767,145252.08000000002,0.5747297847469707,0.2644061292294282,0.010198791478182275
2017-02-02,7225.91,7228.85,7282.04,7208.14,120510.0,-0.02%,-0.005784104140999477,-0.007480739604221167,37.94855009213459,-0.17759468525053523,0.01440056827354621,52.25406587051244,145448.58000000002,0.2503879062368174,0.2827024299983121,0.008498401113439248
2017-02-03,7226.7,7223.34,7227.1,7186.44,140190.0,0.01%,-0.005560572178778526,-0.006621801298989242,37.5897100184269,-0.14935991925526707,0.014511471460679189,67.8548399158089,145465.05,0.3419084276792896,0.45400419583394935,0.008409007940585468
2017-02-06,7294.4,7244.31,7294.4,7243.65,165350.0,0.94%,0.002070442132614254,0.0021829293171415558,45.398216798837744,-0.12678005989385044,0.023073287245665684,57.46999999998661,145443.55,0.2843957205534785,0.1442765587064927,0.008632744814642178
2017-02-07,7262.64,7283.85,7283.85,7241.62,118770.0,-0.44%,-0.003331997606670423,-0.0018754595734581422,46.29727617604568,-0.21461691664283075,0.012611210801721753,39.40999999998894,145461.61,0.465277839803237,0.7308513858215493,0.008209005235752133
2017-02-08,7234.82,7277.89,7286.44,7221.44,137070.0,-0.38%,-0.0070402003340599845,-0.004748672595101858,41.37806074320094,-0.19306052486947992,0.006732123276615419,62.29000000000815,145359.91,0.4477470739704777,0.7974746112225817,0.008156665578495079
2017-02-09,7252.66,7238.45,7252.66,7227.85,109530.0,0.25%,-0.004786836874894838,-0.0016819209874031512,31.36643375783179,-0.10835934349900929,0.009214576340997803,24.70999999999185,145272.91,0.3199715493583994,0.9612338124872242,0.00799784464503857
2017-02-10,7235.21,7257.72,7265.52,7196.75,138530.0,-0.24%,-0.005825503050061214,-0.0031263925300400452,25.705294626701377,-0.08118425143017619,0.006786392149659698,12.819999999992433,145261.02000000002,0.3033384074919383,0.9960071098417429,0.007974785524462352
2017-02-13,7294.67,7241.8,7294.67,7237.23,86080.0,0.82%,0.0030928047696455593,0.004751084950042735,35.12233498544581,-0.02843585945104568,0.015060308024557427,16.129999999990105,145257.71000000002,0.18040544210961285,0.6068887374270262,0.008183358545717981
2017-02-14,7206.84,7279.85,7282.46,7206.84,110850.0,-1.20%,-0.007849235520136118,-0.006153857105278078,28.272754331990384,0.014904618629270242,0.002838679513083049,37.289104306750936,145313.93,0.4042288010961124,0.5951096128641318,0.00781506973779759
2017-02-15,7174.3,7217.24,7234.4,7174.3,184960.0,-0.45%,-0.010788724038180025,-0.009009393001504816,20.599085855867287,-0.07398842870400686,0.0,11.15999999998894,145397.44,0.5586975132336293,0.6775008152981692,0.007834904006168228
2017-02-16,7283.25,7176.64,7293.16,7176.64,132940.0,1.52%,0.0047325117884160755,0.005471351890271623,21.492391673291053,-0.08067354284294805,0.015186150565211911,6.780000000013388,145415.38,0.613689483703846,0.5769427065845631,0.008074002439126586
2017-02-17,7244.79,7289.63,7292.62,7236.91,182550.0,-0.53%,0.0003329608563879489,0.0002383363977430082,31.774366960495854,-0.13356566834089456,0.009825348814518459,14.642598813051668,145452.55,0.6434784556122127,0.4967383001964887,0.008157766462123272
2017-02-20,7281.19,7252.54,7281.19,7252.54,99730.0,0.50%,0.004848251014861933,0.004546129138369718,60.07235758872224,-0.14775879781523754,0.014899014538003626,9.780235170988357,145464.68,0.19463909918768244,0.3881605086806039,0.006877299778766394
2017-02-21,7282.68,7284.93,7284.93,7258.31,99430.0,0.02%,0.004506992409659759,0.004075302936243926,72.16272253385763,-0.1461157029633364,0.015106700305256278,44.48754140404087,145371.52000000002,0.1787231029356176,0.37948495888332623,0.006879714681175594
2017-02-22,7304.45,7275.51,7304.45,7263.2,177960.0,0.30%,0.006730748405668202,0.006069824647003253,91.64433938622263,-0.016569731706396203,0.0181411426898791,13.069999999992433,145283.55,0.015194625545139007,0.5210103640003307,0.006780364973021166
2017-02-23,7335.56,7312.42,7339.9,7290.21,173830.0,0.43%,0.009936131751152147,0.008873532236600756,95.80609110904311,0.06223278328928043,0.022477454246407343,5.8400000000110595,145264.64,-0.03892972658785795,0.39947928174818115,0.0068449852086544995
2017-02-24,7258.99,7328.95,7331.72,7258.99,148810.0,-1.04%,-0.00025764359892403515,-0.0015767274726374598,82.84017713365553,0.06270925599874097,0.011804635992361569,8.760000000009313,145267.56,0.028322101844628616,-0.05710821440330793,0.0072346226541372405
2017-02-27,7232.47,7266.78,7296.0,7232.47,94530.0,-0.37%,-0.003614379108121232,-0.00470615896995567,61.215780998389896,0.056620752147746235,0.008108108108108117,50.39655728582706,145192.88,0.10958789570343173,-0.09650477382957323,0.007265069205390283
2017-02-28,7212.09,7239.64,7245.6,7152.45,161330.0,-0.28%,-0.006199756592451748,-0.006661109008905718,39.36153344595607,0.11439212801256675,0.008338401526749622,20.80000000000291,145088.64,0.3948981378259868,0.1380148975436395,0.006518017654126805
2017-03-01,7170.7,7167.89,7186.48,7150.61,205740.0,-0.57%,-0.011105409832561357,-0.010792626379615061,25.8522135311869,0.13809469054138615,0.0028095505138722634,3.2299999999959255,145071.07,0.4666480082840843,0.011905653166845553,0.006639078394416991
2017-03-02,7234.94,7183.45,7244.05,7183.45,122340.0,0.90%,-0.0022435668852049872,-0.0016315329740312187,28.9935061392368,0.19108081695239723,0.01179339944424321,33.283566956957415,145014.32,0.33212334857415565,-0.44415967759418873,0.006959739770728923
2017-03-03,7247.12,7232.47,7247.12,7197.16,100910.0,0.17%,-9.549679868926828e-05,0.00012445243851407205,35.38309824431656,0.18053427893094812,0.013496750626869627,37.59216081243067,145023.34999999998,0.2966993724128408,-0.4720043914696461,0.006968919561337965
2017-03-06,7313.87,7228.92,7316.57,7216.12,150280.0,0.92%,0.008050885835686267,0.008110804290784448,60.59485445612561,0.17306832689890603,0.02283161856121369,37.25394909574978,145043.77,0.2952685624467902,-0.4661265353319135,0.006958053290656822
2017-03-07,7294.52,7310.65,7326.07,7285.25,143140.0,-0.26%,0.004195419670781584,0.004722397781732277,71.08669237677663,0.14343257537954182,0.020125555721819646,31.28259375827763,145063.24,0.2748257087541793,-0.4185059430422582,0.006910090935436455
2017-03-08,7294.56,7314.42,7341.58,7294.56,96690.0,0.00%,0.0040892583302010324,0.0041651555810120625,79.21771603146134,0.13966115854319425,0.020131149650169808,36.179999999993015,145095.12,0.20795117259107,-0.35320840129089426,0.006844031995567911
2017-03-09,7295.45,7298.1,7326.83,7295.45,112030.0,0.01%,0.0037118242302689054,0.00372396982683713,75.7496361057462,0.05815661780128819,0.02025561455596098,18.25389062702719,145154.86,0.2608786536199233,-0.3113142922792642,0.0068274464384399216
2017-03-10,7146.27,7298.18,7298.74,7146.27,171460.0,-2.04%,-0.01550711561587957,-0.01459156506069877,50.40756837897761,-0.010718803902605973,0.0,41.39185652396447,145197.65000000002,-0.37323525605465635,0.24083431201141758,0.008249879362300094
2017-03-13,7233.09,7213.74,7238.6,7202.17,134060.0,1.21%,-0.003060032638247865,-0.0021475505669051116,40.09892748421179,-0.007886196118136604,0.012148995210088578,29.87900111672325,145108.71000000002,-0.28969824560528934,0.09609827226713596,0.008513280505244941
2017-03-14,7261.75,7253.13,7281.57,7244.0,148100.0,0.40%,0.0013111217438392033,0.0016872845891270371,34.52630860341679,0.028365263881696027,0.016159479000933293,25.770000000004075,145047.13,-0.47208044139321076,0.6703121949782358,0.008102727179250488
2017-03-15,7253.79,7268.35,7275.98,7214.96,191310.0,-0.11%,0.0010197180649584,0.0005607832163659539,52.87662348744726,0.11158812544363662,0.015045611206965246,40.12831075081099,145102.04,-0.5386247789305834,0.8432962798180146,0.008029061360556236
2017-03-16,7278.6,7279.86,7320.5,7268.18,117430.0,0.34%,0.004249367443644489,0.0033887821456343365,60.64376290683189,0.048285417585127666,0.01851735240901896,1.1899999999877764,145181.53000000003,-0.896954713011869,1.3986792978319773,0.0073006797764927
2017-03-17,7345.02,7307.01,7417.76,7274.68,438500.0,0.91%,0.012290689559750696,0.010738959991398562,65.3372960617633,0.08429832175533179,0.027811711564214615,3.4600000000209548,145176.88,-1.020134386926391,1.4864746208055921,0.007461822476416394
2017-03-20,7316.57,7374.45,7380.57,7297.32,156140.0,-0.39%,0.007333636553614614,0.005703385542759598,67.89628416004024,0.024369829111732386,0.023830613732758386,63.63650751550509,145277.11,-0.8614371703888757,1.2675221524323588,0.007456541900377562
2017-03-21,7323.31,7319.92,7361.44,7318.19,197680.0,0.09%,0.006750664726608304,0.005523998604357838,67.04851007403586,-0.04838561624923123,0.02477376309599273,32.09072050792437,145312.49,-0.8757038037288225,1.2814493549378394,0.0074579381830744374
2017-03-22,7254.93,7300.46,7300.46,7230.17,218010.0,-0.93%,-0.0028454081309577635,-0.0035132685265908546,55.987329183395296,-0.12163927691354559,0.015205134986503428,22.29254263426047,145353.12,-0.6479282874205373,0.5931679782912593,0.007728828641494647
2017-03-23,7301.03,7299.89,7315.89,7281.85,176370.0,0.64%,0.002959982636129156,0.0023524829305410742,54.0793399388559,-0.15840579133645272,0.021656052738001686,29.59566857309412,145303.6,-0.6469880005588091,0.5073330372698805,0.0078078398725849665
2017-03-24,7269.62,7308.65,7317.25,7269.62,208950.0,-0.43%,-0.0009210893533241478,-0.0017795499389170323,47.4873230444337,-0.17353687525544398,0.017260752812306202,56.405935411559234,145269.07,-0.7278884055674821,1.0461870973751628,0.007499098201422943
2017-03-27,7245.97,7268.64,7276.0,7222.15,192000.0,-0.33%,-0.0036965247285501083,-0.00447380852294721,46.38722113767224,-0.14759528824005141,0.013951334052589647,58.85303663526327,145279.7,-0.737084140485299,1.0746382067515725,0.0074890846363472804
2017-03-28,7331.46,7276.26,7331.46,7274.6,161160.0,1.18%,0.007692952639616061,0.006191462435378968,50.1233931268186,-0.11393193066234839,0.02591421818655041,72.3527623875347,145293.2,-0.7384505650292018,0.799228359837191,0.00788973905637151
2017-03-29,7324.0,7320.09,7354.46,7310.02,236890.0,-0.10%,0.0063855070122405,0.004276146243668814,56.80012769039984,-0.14531845907312102,0.02487031696255523,7.429999999993015,145412.57,-0.8399816508206587,1.1477215652137218,0.007751613445992173
2017-03-30,7332.59,7327.38,7360.39,7327.38,172840.0,0.12%,0.00572665908572344,0.0044428794420721665,64.72385741682963,-0.20107965289818922,0.018108431208927318,101.43710343798718,145565.87,-0.8195957365426751,1.4064666452735501,0.007527750880576472
2017-03-31,7311.72,7336.61,7340.64,7301.69,158070.0,-0.28%,0.002092209954032461,0.0012021771895251209,57.89038220931038,-0.24745555124547572,0.013411023761739527,63.080000000001746,145663.52000000002,-0.7211720310712745,1.2296603184859256,0.007564577985408466
2017-04-03,7341.65,7323.74,7346.0,7317.74,157200.0,0.41%,0.005407792174254295,0.004471676342757204,56.89230094355381,-0.2562859530227691,0.0175593489083792,112.1169149243228,145728.12,-0.7679280946546793,1.5547443909358414,0.007336526285522101
2017-04-04,7446.49,7363.88,7456.26,7354.57,171300.0,1.43%,0.01784658439865436,0.01614030112724217,68.66973128974382,-0.19441734616132406,0.031062772166183222,96.12707476038634,145755.9,-0.6324195001112032,1.0683505437054688,0.007940507139838992
2017-04-05,7584.21,7478.5,7584.86,7476.57,253000.0,1.85%,0.033587248415898316,0.02990614239129014,86.03931859413814,-0.09447243947013151,0.050131885934244017,50.843481598122345,145907.87,-0.3673910202761387,0.5799947281449427,0.008836785425665161
2017-04-06,7565.32,7580.24,7603.9,7529.47,320720.0,-0.25%,0.028806629931926446,0.02312534483497435,95.18048373598343,-0.06433525889195701,0.04751632131705934,35.965627303464196,146197.52,-0.322596027824273,0.48559445988798133,0.00888497167702873
2017-04-07,7583.75,7559.65,7667.33,7553.52,292330.0,0.24%,0.028643316615972057,0.02137703895098019,90.31342492565302,-0.05404713491589325,0.05006819298962226,217.37171776735974,146467.38999999998,0.5161862528018508,-0.46703299567415124,0.007169411905290921
2017-04-10,7617.91,7598.24,7624.2,7580.36,173640.0,0.45%,0.030335912295015147,0.021477524566340108,86.67278455727485,-0.04621313244366621,0.054798086442402916,56.62290084409663,146904.87,0.6350249033615712,-0.015574856706630946,0.006852733690061607
2017-04-11,7601.4,7615.95,7645.1,7588.82,156040.0,-0.22%,0.024673127851032296,0.01549132979747895,85.10490138820255,-0.06495127592638329,0.052512063582174286,96.53960299682241,147289.69,0.7331560898010335,-0.006710063920180698,0.006926090688341006
2017-04-12,7629.64,7600.78,7631.8,7594.72,163040.0,0.37%,0.025235989612013204,0.015442579060653272,88.5409647034159,-0.04310406671516344,0.05642225653025771,155.06967382042075,147629.34,0.6457857305037331,-0.03807738802705796,0.006884959652600131
2017-04-17,7588.53,7615.44,7621.5,7584.34,96780.0,-0.54%,0.01660002847720448,0.007348908311898669,86.34110547044645,-0.04436961979482592,0.0507300457619961,155.1818384329628,148005.19,0.7033042927465801,-0.14680538358354545,0.007104682619373495
2017-04-18,7588.98,7594.92,7607.83,7573.71,108260.0,0.01%,0.013334299815017117,0.005196046386240391,84.62765445088921,-0.04931770196059076,0.04321612184862387,41.08885016169043,148315.12,0.9052719633659593,0.32761330051406645,0.006920419415140081
2017-04-19,7522.98,7586.44,7591.81,7502.93,107120.0,-0.87%,0.002689948901919171,-0.004141513529397208,74.29015982923364,-0.04321169338981239,0.030306682425575444,86.99153603730876,148559.08,0.7703827094969083,0.1537669197559861,0.0072016512692552655
2017-04-20,7563.45,7502.29,7563.45,7493.96,190700.0,0.54%,0.00579110934394847,0.00014505437316194878,70.7202421486727,0.04866673484325571,0.03584923490315259,52.07556720629698,148765.49,0.6679330801366105,-0.022093378879860293,0.007254320101348777
2017-04-21,7578.16,7585.04,7609.65,7575.34,135400.0,0.19%,0.005402078897738934,0.001061957002913302,69.24114794150897,0.03635818693310863,0.037863837002118726,128.22952009683056,149005.63,0.7910573595739269,0.21053035916756446,0.006778907412547854
2017-04-24,7588.88,7585.36,7599.05,7565.02,114200.0,0.14%,0.004186808580419809,0.0015706472897440954,74.92053094068012,0.04359116113421895,0.03705242328915763,59.528588483171255,149328.86,0.9164028447998974,0.46753462120549116,0.006709348318399597
2017-04-25,7700.46,7599.9,7719.67,7596.39,176710.0,1.47%,0.015507512422739298,0.01374192093759309,82.63682634146333,0.13744371143006828,0.04703062177666408,79.3619620957615,149616.71,0.7040018690081563,-0.21101899093340482,0.007110166173742605
2017-04-26,7726.45,7708.85,7733.78,7683.47,117490.0,0.34%,0.0162549610053052,0.014606338772336795,89.81601438230877,0.17083681057966338,0.03342174285802181,212.29477935548653,150047.55,0.6410684936447296,-0.1374384642321771,0.006960832963502019
2017-04-27,7661.01,7721.16,7721.16,7661.01,124150.0,-0.85%,0.006921153934980551,0.004989904762430757,87.18167512108828,0.08940157944475888,0.022291285248386725,146.01101822847275,150528.03,0.7058639948459008,0.1841251165371922,0.0071225017494004495
2017-05-02,7703.1,7687.29,7720.33,7685.54,144870.0,0.55%,0.011145312864787076,0.008839477657647832,84.67122316863913,0.11863150878064578,0.027907808421715665,102.60557615221997,150857.58,0.5774112430866591,0.07543886147454781,0.007115310774046637
2017-05-03,7682.26,7713.86,7731.98,7682.26,129370.0,-0.27%,0.007479213037247227,0.004985837344421376,78.46023406443743,0.11682865420261279,0.025126902198570607,97.82068954332958,151236.68,0.6179031770841665,0.0010083432079150967,0.00720708451308331
2017-05-04,7755.75,7696.22,7767.91,7689.2,153120.0,0.96%,0.01580534572351944,0.012295124455602673,87.09517567390138,0.17254351497968726,0.03493346641828886,102.47000000000116,151586.35,0.41111547340611776,-0.25203561992705126,0.007269646090395817
2017-05-05,7841.99,7753.06,7908.97,7742.51,205440.0,1.11%,0.024793982431333954,0.019878824997916985,85.97969497179992,0.14944050040178622,0.046441400808117435,202.69460537252465,152030.38,0.3001660355777669,-0.5594399609383247,0.007492772003573547
2017-05-08,7962.33,7849.89,7962.33,7849.89,242060.0,1.53%,0.037298794865235685,0.029991453621869512,93.1406212220431,0.1767875337227418,0.062499666398005846,158.77999999999884,152530.72,0.3208572739198281,-0.5683294928247768,0.007578035857592889
2017-05-09,7923.5,7980.36,8018.39,7913.14,187600.0,-0.49%,0.02903265605620818,0.02061209086884011,88.5888997703895,0.06026629410491099,0.05731816022503455,155.1779927189364,153046.56,0.29149665917512807,-0.5978475295768151,0.006896208504450387
2017-05-10,7794.17,7915.06,7943.72,7794.17,216380.0,-1.63%,0.010313367527590796,0.002331373614131445,79.71702610453254,-0.0010464098324230039,0.040060261864221326,17.769999999989523,153385.85,-0.207398694215754,-0.2019920861420812,0.007998249639333543
2017-05-11,7816.4,7798.81,7863.97,7773.17,211070.0,0.29%,0.01044978615007425,0.0034387303738508744,66.87832503861331,0.039182699183859755,0.04302665079610774,81.36023177507263,153614.7,-0.21499603849955198,-0.20396359244283646,0.008001293670109377
2017-05-12,7815.53,7797.84,7815.53,7724.37,174640.0,-0.01%,0.007991064761958919,0.0019556207623140144,57.99466511029249,0.05528294483971471,0.03311425482021188,13.970000000001164,153847.35,-0.13107359714455874,-0.19281279932149697,0.00797789432257721
2017-05-15,7772.93,7818.02,7860.31,7772.93,151800.0,-0.55%,0.0007012751694886786,-0.00383537179917147,54.199259099067405,0.03455938620833013,0.027483073408926854,71.17567784536644,154044.97,-0.09065421463568407,-0.32530258263606004,0.008086297593739829
2017-05-16,7791.07,7805.53,7840.68,7789.13,206240.0,0.23%,0.0011751591026641257,-0.0019128626777400685,49.082193972253556,-0.07073747712186357,0.025627962755993224,40.05999999999767,154216.5,-0.0664571269134754,-0.30575689435194553,0.008069092603638715
2017-05-17,7826.53,7805.57,7842.21,7803.09,164850.0,0.46%,0.00456941597472952,0.001866481319350241,46.102113065508625,-0.03625289717400427,0.02160550632357868,76.27324035588448,154377.93,-0.22840679745914422,-0.1363189164604992,0.007955140899362653
2017-05-18,7757.69,7797.52,7797.52,7718.96,145670.0,-0.88%,-0.004551609625508835,-0.006381944726529072,39.833328515047555,-0.03301677018140315,0.012619745960388954,36.51000000000931,154615.93,-0.1432640167995314,-0.4776184215939807,0.008283593699216446
2017-05-19,7767.62,7755.35,7767.62,7738.75,121000.0,0.13%,-0.004250401081870319,-0.004675947862989696,32.92074020208339,0.02139373037880232,0.01111131359782143,7.978632822233344,154784.64,-0.25319813807379504,-0.12225133653835396,0.007954372289429074
2017-05-22,7806.57,7795.29,7821.28,7795.29,192690.0,0.50%,-0.00020454772905366837,0.00021600638027824897,29.810029561864468,-0.0438216288488297,0.016181436191953863,112.44000000000233,155029.28,-0.24845364066305084,-0.11301190268107986,0.007945731772039609
2017-05-23,7812.14,7823.03,7848.14,7812.14,243920.0,0.07%,-0.0006785191579783434,0.0008617340015955236,33.24128831228472,-0.08063497137918761,0.0159886594184051,71.78021283131612,155272.40000000002,-0.22449807234647856,-0.12351797099373796,0.007947796489716804
2017-05-24,7837.82,7788.11,7837.82,7761.61,126350.0,0.33%,0.001855171027887481,0.0038023734746532134,38.00811658480554,-0.05694413950731645,0.015398447459243172,103.29999999998836,155506.38,-0.2593682490274781,-0.1252038236754669,0.007957122509119096
2017-05-25,7871.65,7845.81,7873.86,7828.94,135110.0,0.43%,0.005907027413846463,0.007303482142260729,42.67839638450246,-0.057590003927865015,0.019781162229108532,79.28264768130524,155755.32,-0.4051470161958833,0.19856130492030033,0.007377890028700796
2017-05-26,7867.49,7870.03,7885.42,7858.77,180990.0,-0.05%,0.006246510747058883,0.006049083505428783,46.76440793062361,-0.09870443441711672,0.019242229523148163,25.54999999998836,155926.51,-0.3275468292339037,0.1773353838410192,0.0073668808938234225
2017-05-29,7886.03,7866.48,7925.9,7866.4,173000.0,0.24%,0.008963145440966859,0.007262718171608203,58.310141318097884,-0.07870465232126149,0.02164410749634662,17.09315981677342,156067.55,-0.4848872444122161,0.7706089549919048,0.007029842521029824
2017-05-30,7860.77,7891.75,7897.77,7850.47,153430.0,-0.32%,0.005119543075254901,0.0032709409285550336,64.15465961375828,-0.10354551579952341,0.018371645921212237,42.61082500951109,156292.57,-0.3188775854092232,0.6552890888075051,0.007036943052000355
2017-05-31,7837.12,7855.98,7858.2,7816.61,469150.0,-0.30%,0.0019059279546084563,-2.639383894899964e-05,66.65280223821927,-0.06252268993549792,0.01530776166737486,48.14000000001397,156450.24,-0.31319094489464483,0.6358621484509315,0.007045751409489041
2017-06-01,7927.49,7835.27,7936.03,7835.27,210140.0,1.15%,0.012423861725266931,0.00969589487890248,73.89719016077835,-0.044045207014923086,0.027015297397576844,29.900743292561508,156605.1,-0.25940741739589424,0.5211443477085531,0.007183508119557912
2017-06-02,7907.66,7921.4,8002.32,7907.66,222700.0,-0.25%,0.00865169762654359,0.005847233590389432,73.25273117663038,-0.1107452130709564,0.024446298465078172,48.450958710842826,156776.84,-0.1726100643065078,0.9433892807868456,0.006822205204585959
2017-06-05,8001.38,7954.62,8040.34,7954.62,144050.0,1.19%,0.0186541607209956,0.014987437891217007,83.51226560615972,-0.17334511757556412,0.0365878304849358,0.6499999999941792,156842.50999999998,-0.48693955065196115,0.826624352267268,0.006455285304919284
2017-06-06,7953.12,8019.2,8020.1,7953.12,147040.0,-0.60%,0.01134597489158197,0.007191608526456079,75.77726648009829,-0.17424286980206366,0.03033569289127031,38.40000000002328,156881.56,-0.4700214524367123,0.7120297926094197,0.006508633009151636
2017-06-07,8002.32,7964.02,8018.25,7964.02,190670.0,0.62%,0.015346316693671255,0.0110591521218035,82.71051610063783,-0.09706097087997059,0.034058471975448194,8.780000000013388,156911.18,0.16687712100446064,-0.23670374511073655,0.005341477501930929
2017-06-08,7958.63,8007.04,8046.63,7947.71,178540.0,-0.55%,0.008057798507358027,0.004232068253389391,76.45974758488809,-0.1324818320829787,0.02538390875089066,26.04451786398441,157119.33000000002,0.28053089054525693,-0.4305008675653159,0.005536770448086638
2017-06-09,7990.24,7961.46,8026.33,7956.71,153610.0,0.40%,0.010382620568011907,0.006607970768680136,78.91129279377726,-0.18181542397017644,0.029456517397807944,71.15690969426043,157261.56,0.17165206943130007,-0.5242894373724569,0.005572039637094637
2017-06-13,7917.89,7995.98,7998.76,7900.11,208580.0,-0.91%,0.00027838033358905937,-0.0026701158812441105,68.05721235936666,-0.17419026516622052,0.02013499776463912,58.54362319007599,157436.27,0.03549897080616742,-0.5402692594057763,0.00584723631603747
2017-06-14,7966.01,7933.75,7966.01,7901.84,156200.0,0.61%,0.005194695162950473,0.002543722420283553,66.66584574303353,-0.08321966017714602,0.019113144956701248,44.477825694252694,157581.22999999998,-0.029173378342072485,-0.6826247867921618,0.005953144700559998
2017-06-15,7964.49,7975.43,8028.22,7964.49,149400.0,-0.02%,0.004162620100172328,0.0016860114174782287,61.357391827936254,-0.1327534695731334,0.01891868725700785,48.72894953557633,157756.16999999998,0.0826428828774227,-0.606934916566483,0.005903840793710949
2017-06-16,7882.22,7961.94,7961.94,7882.22,427530.0,-1.03%,-0.006341791486534992,-0.00784152664497083,52.58818073790695,-0.2301587632118146,0.008393664261105592,103.96959212840781,157894.13,-0.007104270434387529,-0.5311197489100912,0.006044579018732309
2017-06-19,7943.75,7900.72,7951.08,7900.72,100040.0,0.78%,0.0008946740658548858,-0.00028487480089293044,49.36237428629403,-0.24401297399476762,0.016265363117771044,96.24375013894674,158018.66,-0.0916406791444964,-0.7421132761101408,0.006243930925298576
2017-06-20,7917.86,7944.84,7950.57,7917.86,103260.0,-0.33%,-0.0028797290784272726,-0.0032288479752705154,42.60499087035918,-0.26973819394876847,0.012953185588125799,5.9898998322172226,158194.78999999998,0.08091144224738542,-0.7480220377925231,0.006247818179857207
2017-06-21,7886.37,7921.88,7921.88,7851.97,111130.0,-0.40%,-0.0072851479278397005,-0.006286431784631431,41.15604199948553,-0.2145814431142621,0.006521791846356214,70.13416404633071,158306.08000000002,0.1694845428427106,-0.836543606454446,0.006335751601205839
2017-06-22,7858.34,7886.59,7886.59,7831.82,167490.0,-0.36%,-0.010198084971085965,-0.008387177618547483,26.846821824562852,-0.2470538430575837,0.0033861860972290523,27.649373371690444,158380.31,0.314631194913186,-0.813234190855094,0.006361529042631757
2017-06-23,7814.17,7872.59,7872.59,7799.89,94450.0,-0.56%,-0.01493299058976935,-0.011880443928406799,14.10334085938329,-0.2976248435106534,0.0018307950496737448,48.134910083408776,158400.83,0.4928842639824806,-0.7291187913926671,0.006406894928354909
2017-06-27,7876.37,7851.93,7890.63,7837.23,92260.0,0.80%,-0.005973040367692619,-0.0030694995402410557,16.376484289888694,-0.2759623829656176,0.00980526648452729,36.07232287145244,158343.34999999998,0.3450079858121125,-1.049167498466743,0.006669985021862841
2017-06-28,7857.18,7889.8,7894.33,7854.78,112170.0,-0.24%,-0.007536551353785986,-0.004380752253522153,20.000810569830538,-0.29169085741334083,0.007344975377857888,40.767023618023885,158352.22999999998,0.4506157538893078,-0.9904100681207852,0.006669894819409131
2017-06-29,7788.06,7877.35,7877.69,7774.49,161650.0,-0.88%,-0.014361935528311892,-0.010987300499422415,19.73378905860279,-0.3000608233451151,0.0017454521132576695,68.65270853569172,158323.38,0.42811739796636594,-1.0691856584641093,0.006916843816317351
2017-06-30,7843.16,7774.91,7843.16,7734.52,215740.0,0.71%,-0.006351413510076509,-0.003004551014656558,21.73176761096738,-0.2563958480434458,0.014046120509094219,83.76955292483413,158250.67,0.2459280145430441,-1.281014395982269,0.0070853498704492816
2017-07-03,7866.52,7840.23,7866.52,7797.83,96890.0,0.30%,-0.002274909974317417,0.00041886356669034895,28.973450086781593,-0.28938454070198816,0.01706634671576258,77.73408508065393,158256.71000000002,0.22539973720985707,-1.1843450712357384,0.006598072982582207
2017-07-04,7833.96,7854.98,7858.9,7830.33,83930.0,-0.41%,-0.005648492281759893,-0.0028681400603507105,38.597208035410226,-0.2506271491331237,0.01285664785920776,102.90000000000873,158195.74,0.2514050183134463,-1.2085624851791228,0.006636029857478881
2017-07-05,7848.84,7848.03,7848.84,7821.37,104650.0,0.19%,-0.0027003677303106275,-0.0004716942687617826,39.24185676994663,-0.22389671830819993,0.014780490579893736,112.51967472402197,158122.04,0.13431527617311181,-1.3038299201910981,0.006008722683892767
2017-07-06,7888.31,7850.5,7892.71,7849.08,172740.0,0.50%,0.003008307243869092,0.004244056876943368,46.80184329193887,-0.12954431020930404,0.019883586828917627,24.05999999999767,157969.5,-0.06498716542169554,-1.3253654511600812,0.00602487413448085
2017-07-07,7889.33,7887.69,7894.61,7880.13,144050.0,0.01%,0.003073228384642534,0.003953339116427529,59.34460476436876,-0.14460348640086282,0.020015463144448457,59.8123177521566,157904.69,0.010578506445038308,-1.1892800494439155,0.005825758297055943
2017-07-10,7837.47,7889.47,7900.28,7837.47,112790.0,-0.66%,-0.002557680067094564,-0.0021773064068333356,62.25358294067223,-0.1389362736497143,0.013310457533240564,13.593123725087827,157791.7,0.014208400357597083,-1.2222592619406227,0.005878786523368774
2017-07-11,7858.14,7846.84,7863.66,7844.63,133920.0,0.26%,0.0006161194081979333,0.00044455326822208087,61.70563357121457,-0.1188808464344743,0.015982892280322486,53.341770970775116,157670.54,0.031697675142863306,-1.1785436769620712,0.005829739174615859
2017-07-12,7938.37,7872.63,7952.96,7872.63,238320.0,1.02%,0.010354349370380713,0.009201553421624533,68.98391958543444,-0.021963378789032477,0.026355869530365096,35.05999999999767,157538.44,0.007704106735144396,-1.0921001335476224,0.005986412596642071
2017-07-13,7936.85,7963.73,7994.27,7911.83,180780.0,-0.02%,0.009440414881510446,0.007644731549016514,79.06496033835248,-0.09745279119594233,0.026159347962123044,55.54000000000815,157558.92,0.11714994769015273,-0.9184744497956707,0.005821356696764174
2017-07-14,7885.9,7952.87,7958.08,7875.52,127190.0,-0.64%,0.002307249688284218,0.0007819089288880159,76.49802128864643,-0.07999948969993015,0.019571996710849436,84.70000000001164,157529.76,0.20645914375714464,-1.0465035691162277,0.005986937404970231
2017-07-17,7934.5,7915.43,7955.01,7914.44,92130.0,0.62%,0.007952428253156068,0.005813532133027389,71.0542188001282,0.07107372325738545,0.025855515274380254,6.110000000015134,157451.17,0.15794301622830836,-1.2235861265283121,0.005686988462839741
2017-07-18,7952.92,7941.37,7967.81,7941.37,138190.0,0.23%,0.00941548560216272,0.006769857400414297,73.11645813281984,0.03713361282501542,0.028237046384261676,38.86924211924448,157503.45,0.19933203796558832,-1.0409771434989195,0.005434967595505672
2017-07-19,7972.9,7974.45,8005.31,7967.7,189770.0,0.25%,0.010258476165151059,0.007697569141747164,83.0338585483367,0.02368827572106694,0.030820270682602048,29.705504340320235,157512.62,0.05606277202440866,-1.0286253285979294,0.0054019236553007315
2017-07-20,7904.34,7988.14,8001.59,7904.34,168020.0,-0.86%,0.001016840142797377,-0.0011764603092190946,74.48241039610849,-0.035595575078878616,0.013658928188996198,61.10352597418307,157567.66,-0.013909775412734575,-1.0874334692775431,0.005688515312413693
2017-07-21,7989.73,7917.26,7989.73,7849.26,137220.0,1.08%,0.010704285726161115,0.00802714472907627,76.96541030307475,0.014972907949132055,0.021525640648633125,55.33325206063683,157585.63,-0.07331654516828025,-1.0823255744910858,0.006090890158614325
2017-07-24,7962.64,7985.04,7985.04,7949.41,93160.0,-0.34%,0.006107567998047635,0.0036380560879355796,73.22237774802387,0.0269162826864094,0.018062053067429418,85.11431369087117,157717.02000000002,-0.08563007423089178,-1.0012565318257955,0.0059857557772301515
2017-07-25,7971.72,7985.42,7999.0,7958.95,138230.0,0.11%,0.006139026742125463,0.003813909682620949,82.77298569403344,-0.0062710846047143295,0.017129252169386294,39.963312021406516,157865.49,-0.010934588419635372,-0.8082388094450836,0.005755751932917405
2017-07-26,8037.51,8007.7,8062.99,7998.14,225270.0,0.83%,0.013079946470911905,0.010157562658956539,81.830259216952,0.04365564727365737,0.02552354267384755,66.16867339052206,157960.84,-0.16575143205669438,-0.9246247817352153,0.005950249118119369
2017-07-27,8045.78,8072.21,8106.74,8045.78,177600.0,0.10%,0.012695905924339437,0.009301929214463153,82.01652421525722,0.023741168543012472,0.02657873012592067,27.99000000000524,158141.16999999998,-0.16569164342158493,-0.6936243564707607,0.005471972976637357
2017-07-28,8071.47,8075.72,8079.7,8046.76,119150.0,0.32%,0.013796624648750441,0.010385818762392916,84.20216594954059,-0.029785508110732384,0.028916596448780904,94.90836264524134,158398.89,-0.12226531980524549,-0.5357183415140039,0.005336334761123365
2017-07-31,8018.05,8068.66,8070.04,7953.47,180740.0,-0.66%,0.00564419345602515,0.0027543682324194974,76.48647892457775,-0.05509844924420853,0.021503937950838672,1.4199999999837019,158627.2,-0.002431878939656998,-0.8021082532744845,0.005615748302067288
2017-08-01,7906.6,8015.68,8017.18,7906.6,167180.0,-1.39%,-0.008051820708335329,-0.010086955567827837,58.12270483799663,-0.08797824059746547,0.007305147236809603,46.25913109679722,158778.73000000004,-0.4040647850667384,-0.34863617606675357,0.006445853537829817
2017-08-02,7872.65,7936.89,8037.91,7872.65,159220.0,-0.43%,-0.011742568215273376,-0.012720245675919834,32.302832582465975,-0.17166578720630826,0.002979898742046947,74.78845575325852,158851.37,-0.26549434750284107,-0.5211879975946805,0.0065224536080859385
2017-08-03,7876.66,7897.84,7946.31,7862.11,117570.0,0.05%,-0.011157265314573563,-0.010736363356141516,13.998498265237378,-0.24543883712277048,0.0034907749265535395,71.8349573207033,158875.18,-0.19304695402149336,-0.41762235228903943,0.006422850477150847
2017-08-04,7932.82,7918.91,7960.8,7918.03,258510.0,0.71%,-0.0040918868978106265,-0.0031368872099548726,17.392936668220056,-0.2741640495457547,0.010645589520540724,63.0985256580209,158863.53000000003,-0.2701191959610807,-0.5955315542315502,0.006621082213899902
2017-08-07,7992.27,7955.37,7992.27,7955.1,112110.0,0.75%,0.0030177004842628363,0.0038820581547427823,32.87892910776242,-0.20292320585200874,0.01821955190680398,21.331093751021122,158907.02000000002,-0.4710940189992866,-0.41730383828637274,0.0066001305177847275
2017-08-08,7986.51,8030.07,8039.05,7986.51,161850.0,-0.07%,0.002172561761245912,0.002851449852551289,47.100098389519,-0.2696725586149721,0.017485724768959113,4.460000000006403,159061.82,-0.3947921371177787,-0.46076220769357734,0.006598975257122356
2017-08-09,7985.83,8007.25,8011.59,7940.97,153470.0,-0.01%,0.001355841241362288,0.002486884648751586,53.962767334679825,-0.31265233902641987,0.01739909239851906,75.50657256159388,159190.19,-0.40152067576808526,-0.24813902688534384,0.0062195191141936525
2017-08-10,7966.25,8005.39,8008.01,7934.82,103680.0,-0.25%,-0.0008892133033332627,0.00017571250253934078,49.638845476809,-0.3019545614824044,0.013245808059159734,85.36999999998079,159237.65000000002,-0.3447287240692533,-0.32642976562177806,0.0062496992651841785
2017-08-11,7928.43,7953.89,7953.89,7873.31,112190.0,-0.47%,-0.0053276854055221805,-0.0038237218297862705,40.90725174659631,-0.25804043566472573,0.008435394569651228,88.74619585766209,159267.05000000002,-0.36155415955092246,-0.21198833763045188,0.0061670858568692016
2017-08-14,7962.12,7954.89,7973.34,7951.57,108710.0,0.42%,-0.0010151192453685513,0.0005564068233278095,36.85429696548545,-0.25739363784484737,0.012720503783335545,72.23999999999069,159309.58000000002,-0.36161077882448683,-0.1223995303683112,0.006085429078489256
2017-08-15,8009.41,8003.08,8009.41,7964.33,143610.0,0.59%,0.005171357408485498,0.00583845492980754,42.735287304637076,-0.20372736775541103,0.01873542853000024,73.71295583638162,159337.2,-0.3901736536680319,-0.25598590137070465,0.006204684381455805
2017-08-16,8046.59,8015.69,8082.49,7996.01,157420.0,0.46%,0.00983007047782243,0.00918301992122848,61.601829186438636,-0.15116288906571124,0.023464438935603862,43.36999999999534,159393.69,-0.4170582378253936,-0.3154943755061699,0.006261362467397106
2017-08-17,8072.75,8084.41,8105.01,8049.61,120940.0,0.33%,0.013101470872184225,0.010697956266847337,76.88071777844216,-0.10333313128961925,0.026791789990218952,95.8656507049908,159467.38,-0.604795164892919,0.26623792934491863,0.005907822028529728
2017-08-18,8016.73,8079.0,8079.0,8015.68,80510.0,-0.69%,0.006083064214962842,0.002874435239014889,78.02819843360247,-0.17974639592165328,0.019666476302163147,50.4734382669765,159635.79,-0.6098967446021175,-0.023752879040803254,0.005697972256619661
2017-08-22,8015.93,8018.14,8026.31,7969.74,114860.0,-0.01%,0.004997718621644414,0.001977639803725997,71.23370385618223,-0.1452143483700535,0.019564722447282044,24.35000000000582,159662.79,-0.7061818199491875,0.17849328412434318,0.005636493678449882
2017-08-23,7998.75,8027.97,8028.9,7998.75,90480.0,-0.21%,0.0017125700134313305,-0.0005476545756556316,61.07863318237958,-0.16173528958607225,0.01737955841370832,10.402959778025824,159716.08000000002,-0.6128710232914092,0.04982182269249824,0.00565999381273886
2017-08-24,8004.93,8023.4,8023.4,7978.86,78240.0,0.08%,0.0013375706714444983,-0.00010620897450845829,58.79542967922438,-0.18332416050977537,0.016717238366074735,19.424966758426585,159743.11,-0.7015949883056835,0.3365063187474897,0.005336685055027529
2017-08-25,8015.14,8018.2,8031.5,8009.72,91650.0,0.13%,0.0018778296460659919,0.0008207044272838932,58.09086412628212,-0.13932570720644985,0.01801402459702462,18.029999999998836,159710.53,-0.706947979891754,0.33522777621763744,0.005339931305085113
2017-08-29,7948.39,8036.04,8036.04,7931.78,116520.0,-0.83%,-0.0060763988132666626,-0.00665865730725561,50.14098690835854,-0.19232945604347104,0.009536014712998716,48.669999999998254,159679.89,-0.4832419335124794,-0.21633987125575782,0.005573544975320754
2017-08-30,7956.73,7978.8,7984.38,7912.43,106130.0,0.10%,-0.004768780782070937,-0.004948953495594584,43.206732844194995,-0.19597377376800906,0.010595289655811744,35.49066217793866,159556.81,-0.6760493601885672,0.22441632062419714,0.00541019032736317
2017-08-31,7958.57,7975.51,7976.3,7943.21,202010.0,0.02%,-0.004296129640631444,-0.004116296212918066,35.06833549129604,-0.13436877420744436,0.010828990602427608,13.089999999996508,159495.49000000002,-0.1826387788618848,-0.5687832455206023,0.004373651422797308
2017-09-04,8035.2,8014.49,8047.44,7980.86,149200.0,0.96%,0.004672068784341324,0.004763712502452849,47.55718601640027,-0.03659772295992543,0.02056187296067339,5.461952618294428,159547.46000000002,-0.13703088269397437,-0.42556308552711997,0.004694077256621607
2017-09-05,8049.35,8038.28,8049.35,7995.13,157440.0,0.18%,0.005355578911664278,0.005669315462335382,59.255276976369906,0.053432278216481395,0.01730441849090609,122.25589942736971,159710.01,-0.1776966745502382,-0.41912730895645556,0.004695074232735725
2017-09-06,7983.97,8025.24,8027.22,7972.62,160630.0,-0.81%,-0.003004662105293535,-0.0021250987156740805,59.37214866631885,0.04990478040592967,0.009041470193101229,49.020000000004075,159882.7,-0.1342113028231826,-0.49242224585807914,0.004897647078480494
2017-09-07,8022.98,8003.83,8025.74,7994.83,157690.0,0.49%,0.0017454469306452548,0.002500822819939409,55.21687956520227,0.05580397507993065,0.01397168758522973,2.1299999999901047,159933.84999999998,-0.20356058469103472,-0.38613162942583124,0.004728739155322739
2017-09-08,8022.75,8044.6,8048.51,8018.91,152590.0,0.00%,0.0019297574703505491,0.002242499951695625,50.61273237096258,0.07510352266186479,0.01394261939758073,28.580000000016298,159964.56,-0.22630104204014748,-0.3695966054195914,0.00472415877650859
2017-09-11,8049.31,8036.93,8055.63,8012.55,99340.0,0.33%,0.005456967615532473,0.004857327810561254,65.62188694845435,0.0881836298777656,0.01729936315392365,7.6600000000034925,160000.80000000002,-0.3145656154617639,-0.42761981214956535,0.004772743020004864
2017-09-13,8053.88,8097.27,8103.68,8047.04,173590.0,0.06%,0.005694465404900687,0.004620894924357122,71.14057674514022,0.04031760718451555,0.01787693540416785,18.27042912235409,160064.28000000003,-0.41060651544561344,-0.2822667467283422,0.00472507692885494
2017-09-14,8144.91,8073.24,8169.64,8071.76,202640.0,1.13%,0.0158927544655497,0.013672248502970342,82.17391149448487,0.061074933281811024,0.02938161854196493,8.00688772697288,160151.91,-0.25028045232094914,-0.019285865592454154,0.0051228392636729495
2017-09-15,8180.85,8141.39,8180.85,8104.95,227890.0,0.44%,0.0187227334084281,0.015392634786311752,88.11535753318725,0.14153709826460245,0.033923838820691,12.534946569343745,160368.39,-0.25272200084739826,-0.027827585260055798,0.005127814140690737
2017-09-18,8294.14,8185.24,8294.14,8155.94,157350.0,1.38%,0.030180141855423188,0.02498194039304566,96.79509609527878,0.14575403578242233,0.04824181698921812,34.05999999999767,160587.12,0.13164061170094543,-0.010241107742907207,0.005764311442323462
2017-09-19,8162.7,8299.81,8299.85,8162.7,204150.0,-1.58%,0.01252900289579302,0.006888100083996012,88.19971434962913,0.062176080722127776,0.03162997966490693,86.60197945976549,160871.84999999998,-0.356146811663345,0.38779801150035764,0.006928958301724978
2017-09-20,8219.32,8201.69,8250.0,8201.69,127580.0,0.69%,0.017110759867930817,0.011250687463634987,81.27097207165342,0.05692546406208937,0.038785809163556506,50.360819200715554,160987.96,-0.3847367865955298,0.23517349252231234,0.007047262728712535
2017-09-21,8286.86,8239.22,8321.81,8237.83,197020.0,0.82%,0.02248494885505906,0.01612965722136956,78.19384581703122,0.09205848715404893,0.043263365818101314,81.09428103055832,161134.52999999997,-0.5940393601846139,0.5445992963261164,0.006971732380909394
2017-09-22,8281.27,8297.94,8314.44,8275.45,100650.0,-0.07%,0.018897420094247608,0.012520090533407307,86.12422301259726,0.043967432031935,0.038713747801851904,10.999999999985448,161404.65999999997,-0.5802753828167714,0.5171134350913036,0.006980640597450006
2017-09-25,8244.73,8247.41,8252.2,8195.45,140270.0,-0.44%,0.012537169831281513,0.0061325743614113176,85.69498443965132,0.10779034223506516,0.034130561847924484,111.38005274243177,161670.0,-0.5364463802556128,0.34340472153096924,0.007063532499376323
2017-09-26,8170.14,8230.56,8230.56,8119.59,392330.0,-0.90%,0.002314713189816747,-0.003415756181713557,74.29384193896368,0.08303623769450927,0.024774791724677763,30.360000000015134,161915.98,-0.40886905891995,-0.21086333685918301,0.007450316796884219
2017-09-27,8221.92,8159.18,8221.92,8113.3,459310.0,0.63%,0.006568274304678749,0.0017492926123291706,67.98066070428705,0.2119107674728601,0.02840460647693574,43.329573390892804,162081.19,-0.4785502719357681,-0.27445542564869774,0.007543843038954616
2017-09-28,8156.04,8223.69,8223.69,8151.86,182210.0,-0.80%,-0.0026575520649091424,-0.006080003424235907,57.47125920163351,0.18643620934787394,0.01790815657936609,11.209999999991851,162287.97,-0.4782326284624646,-0.25852656237766425,0.007522963480713347
2017-09-29,8171.43,8151.58,8240.52,8151.58,176860.0,0.19%,-0.0020715734380110547,-0.004101892337235187,55.74094402540792,0.15092968665409026,0.01982889342344199,123.7895030551486,162495.62,-0.4951962695350964,-0.24851707589473016,0.007523725033874081
2017-10-02,8256.28,8210.76,8257.83,8197.89,113510.0,1.04%,0.006473537646174903,0.005130422693166544,57.97435458931782,0.18722555500696209,0.026002107607269342,18.260000000009313,162710.32,-0.5642538472271095,-0.37127364461598233,0.007781695277460723
2017-10-03,8312.93,8261.29,8321.22,8261.29,115830.0,0.69%,0.011098704887565558,0.010227308816461134,74.6579736955426,0.18606039032736799,0.029878242167755243,102.12474377169974,163008.03000000003,-0.5771691016066416,-0.29354441243675966,0.007660075052532495
2017-10-04,8344.05,8328.74,8377.79,8328.74,99190.0,0.37%,0.013131006691432577,0.012002563558132335,86.74448363988144,0.13555497290813293,0.029500490441026712,1.7200000000011642,163285.76,-0.6129684509138921,-0.2804984426699253,0.007673336275235965
2017-10-05,8294.01,8353.23,8355.63,8294.01,88750.0,-0.60%,0.006067799024431703,0.0049891656281587276,84.1354774969488,0.1397137461075908,0.02227330432746232,82.52435367532513,163580.46000000002,-0.6252613773091585,-0.15462474106298973,0.0075418818816511595
2017-10-06,8310.88,8332.56,8406.34,8297.02,113030.0,0.20%,0.007967942493868108,0.0059461601721391135,74.46065488571325,0.08078820842917397,0.0243526062144872,13.619999999995343,163890.5,-0.5780822272516887,-0.15467456053223572,0.007510017923734738
2017-10-09,8367.38,8333.7,8367.38,8326.78,60960.0,0.68%,0.013024178024311153,0.010791525988599998,74.1510244412053,0.133625446042852,0.03131648034708429,101.27206919975264,164178.4,-0.6851298644614352,-0.13090004266021227,0.007577795059659005
2017-10-10,8398.04,8354.88,8409.92,8340.17,81750.0,0.37%,0.015167166943139838,0.012241475523041166,83.37466824251253,0.12954325316567902,0.0350954605401009,70.35000000000582,164523.03,-0.6911703178571009,-0.1292592031946893,0.007581100587818774
2017-10-11,8358.47,8418.33,8427.13,8353.11,161370.0,-0.47%,0.009759545393867414,0.00608305613602319,86.94055848032714,0.1281464439532182,0.030218283559094224,86.59060616917567,164871.76,-0.5842608438212421,-0.3984866238363489,0.007729566830943335
2017-10-12,8402.81,8367.09,8406.36,8361.44,114760.0,0.53%,0.014052603282621477,0.009393117488263502,88.78912342037485,0.13045104903779606,0.03568338407306513,26.20999999999185,165176.35,-0.6305078885621171,-0.24874377877628762,0.007456530026671205
2017-10-13,8447.94,8422.22,8447.94,8399.84,136340.0,0.54%,0.017716193945702077,0.012194922119409734,90.12416488757187,0.1057530121490358,0.041245855570483075,119.79223680021173,165434.25,-0.6405554271328575,-0.2621255395173039,0.007478691900205743
2017-10-17,8497.74,8484.94,8586.73,8484.94,179540.0,0.59%,0.020837838227450195,0.014969740283832274,91.15123869871279,0.015138058831065344,0.04738392515992255,35.39999999999418,165701.34,-0.8848217700043571,-0.14922334728788877,0.006990578905943303
2017-10-18,8431.73,8537.66,8548.58,8332.3,133220.0,-0.78%,0.011087734421312896,0.005365151171965174,81.86107779586962,0.07640595326536616,0.03436757045873311,101.17810496607765,165904.94,-0.517280991558588,-1.1527958632577457,0.006132113676986625
2017-10-19,8487.37,8441.36,8487.37,8375.09,88130.0,0.66%,0.0148796056339087,0.009622213138024496,74.24990923330508,0.11647174283716794,0.04119324106492249,63.0469444538089,166173.97,-0.5188589942199722,-1.147867456189108,0.006117217092500036
2017-10-20,8420.95,8465.64,8474.18,8415.9,80550.0,-0.78%,0.00479602163391676,0.0008002329390931906,66.30403016853997,0.08796235901350435,0.027209440477976812,69.88049559643893,166442.02,-0.33707216174316695,-1.369889384484459,0.006257348277520187
2017-10-23,8348.32,8429.89,8456.98,8342.2,97510.0,-0.86%,-0.004651062972364294,-0.007321366963948995,53.758082775429244,0.08257892702934987,0.01053467436683603,33.13000000000466,166576.11,-0.25923934672909005,-1.5380809777735804,0.00660051852647458
2017-10-24,8279.92,8351.03,8373.45,8279.92,90740.0,-0.82%,-0.012528621570512072,-0.013775189005277263,28.035918004660456,0.018519775171789113,0.0,40.6465094230368,166643.15999999997,-0.24228561654995792,-1.6039870560384994,0.006797530620765434
2017-10-25,8303.35,8299.68,8327.76,8244.11,109440.0,0.28%,-0.0093908839886112,-0.009700733377692157,14.677516363149147,0.0504625378563405,0.007185736240782787,35.76885307418515,166678.34999999998,-0.40297196638534155,-1.4191959285989966,0.006454079967899869
2017-10-26,8267.92,8301.17,8313.48,8225.95,80550.0,-0.43%,-0.013398416437654659,-0.012133182449309993,9.641140224821557,-0.1420089615910006,0.005102146256663284,38.84099803472775,166811.56,-0.21696056893312343,-1.5033824523856887,0.006413156862534568
2017-10-27,8295.95,8260.6,8295.95,8209.88,74180.0,0.34%,-0.009927635728508908,-0.007451903862361312,17.25424888874632,-0.04190829043324889,0.010483709871520842,37.64797560678862,166857.56,-0.39344351473507044,-1.3018851816049732,0.006136271759213812
2017-10-30,8365.26,8332.33,8365.26,8305.65,68010.0,0.84%,-0.001637856347560654,0.0010620906466272304,25.234571111875386,0.03539681184489648,0.018925976993573724,69.43070620214348,166997.47,-0.4223061550542995,-1.349560264333479,0.006359139062560564
2017-11-02,8516.02,8342.98,8543.8,8321.65,157750.0,1.80%,0.015333610108687667,0.016879942228418036,48.43571712883141,0.03966174032634355,0.03728921738198381,19.964244208728484,167191.3,0.1304954565182234,-0.4263271251209866,0.007123651589642647
2017-11-03,8376.13,8544.02,8605.15,8376.13,168240.0,-1.64%,-0.0014951285070572342,0.00035563781190982383,54.84256107114203,-0.0766855272633642,0.020249991473687803,95.51414492129321,167451.03999999998,-0.07928517290370589,-0.23537415411032425,0.008056160625520788
2017-11-06,8523.07,8393.05,8523.07,8393.05,109620.0,1.75%,0.014982009017054697,0.01573077870577979,67.51029047718417,-0.009383898781876485,0.038147938824928077,47.92610174153086,167514.24,0.08422098743963899,-0.4525818626558644,0.008903104484990366
2017-11-07,8521.81,8519.66,8543.41,8462.22,92530.0,-0.01%,0.014194689802078485,0.013574700459178796,66.73666101652037,0.05070181811842045,0.037994465205337995,156.85120656214178,167693.25999999998,0.014382074794711657,-0.3056331293449963,0.008752512729933767
2017-11-08,8508.49,8525.04,8532.45,8486.52,138300.0,-0.16%,0.012516926798116435,0.01029290700419222,77.8986515546336,0.0853752067694861,0.036372029798243166,76.90717638707235,167921.06,0.075276721863357,-0.3294295839965442,0.008775553432613315
2017-11-09,8519.82,8515.4,8563.51,8506.77,131310.0,0.13%,0.013106621872047742,0.009775558587504654,77.62457729315832,0.0252688037542826,0.037752074329953735,78.76843962104928,168118.67,0.16045541289828516,-0.20104012005194116,0.008676985057343314
2017-11-10,8433.48,8548.07,8548.21,8433.48,104230.0,-1.01%,0.0032990175346823774,-0.0008346017134773895,70.17566051897022,-0.043245175649648755,0.02723547725423519,131.3020526579826,168271.11,0.2784951267863158,-0.39542197516002764,0.008991726640812756
2017-11-13,8330.02,8460.62,8486.61,8330.02,95950.0,-1.23%,-0.008242908639168205,-0.011910100788429832,55.125188689587844,-0.025820868161808713,0.014633587823451895,104.78132447760957,168306.55,0.24999467960095162,-0.5801420960282835,0.009362230348965984
2017-11-14,8379.64,8349.61,8379.64,8280.43,112460.0,0.60%,-0.0026008987519902473,-0.005715837040503571,43.303733313094135,-0.018803418824327966,0.020677525128260123,81.2778547627221,168278.1,0.24187019222457243,-0.60171196001138,0.009383257174035948
2017-11-15,8273.44,8335.87,8348.52,8260.61,142920.0,-1.27%,-0.015187255982260566,-0.01632418801026171,29.80747337263159,-0.12408079616415951,0.007741891477098486,103.17447962912276,168254.93,0.3791598426975645,-0.6517767159849055,0.00969232951200781
2017-11-16,8206.44,8211.03,8332.94,8206.44,135590.0,-0.81%,-0.022356927466711564,-0.021271047030377917,19.67600205766536,-0.12709148916458343,0.0,71.37596122593445,168080.43,0.5635080954208682,-0.4975237204545575,0.009673566018971331
2017-11-17,8311.08,8274.89,8326.81,8262.9,104620.0,1.28%,-0.010254536700843465,-0.007480918796626123,14.108262235919325,-0.09950296971343794,0.012750961440039702,71.01210598679931,167789.13,0.35520902227393697,-0.8607400509442664,0.010075669610443382
2017-11-20,8321.98,8332.71,8371.95,8321.98,67870.0,0.13%,-0.009175869239611207,-0.004987656401590695,18.40769815989895,-0.17257831304801724,0.0140791865900438,109.4232467675227,167668.48,0.4307488837234724,-0.7177883394616376,0.009943343950620206
2017-11-21,8289.19,8339.81,8340.63,8289.19,93620.0,-0.39%,-0.012441004263359623,-0.007169372204856375,25.325842508757365,-0.18396627203086474,0.010083544143380077,143.68797487261543,167503.09,0.40080592111194796,-0.6672666634834834,0.009839067598426964
2017-11-22,8265.68,8306.72,8346.92,8265.68,96310.0,-0.28%,-0.013139574043279869,-0.00795841487076849,21.5302684490816,-0.18829841000584058,0.0072187209069949675,65.52668989919674,167371.33,0.357596772176838,-0.5826847938744963,0.009678819098538892
2017-11-23,8343.23,8291.86,8343.23,8278.51,52650.0,0.94%,-0.0036011214787128602,0.0018701999295886083,24.640454955754592,-0.12453055027554188,0.016668616354960135,32.45046002559519,167288.69,0.15544466839345372,-0.7132490373274787,0.0097367473561466
2017-11-24,8365.11,8330.09,8365.11,8261.15,126830.0,0.26%,0.00035987197680425906,0.004630670847241592,32.53453230012161,-0.08579098485165025,0.019334815096436465,93.29777997034577,167352.0,0.15865236918476622,-0.7101972368436971,0.009734164302182732
2017-11-27,8361.69,8358.35,8361.69,8261.28,68090.0,-0.04%,0.0013204254341122926,0.004226541208785324,42.0748499360536,-0.052945522256251105,0.018918069223682863,65.11528345720369,167413.75999999998,0.10631213958749124,-0.6674651376417335,0.009674531860892996
2017-11-28,8291.88,8341.77,8341.77,8254.25,94280.0,-0.83%,-0.0051962128215755085,-0.003219257076079625,37.281205365894586,-0.09288793849504932,0.010411335487738737,55.2471644193236,167507.53,0.24249733210241803,-0.7561142259891889,0.009851364800056866
2017-11-29,8254.03,8272.07,8304.38,8213.65,212700.0,-0.46%,-0.007476537421896088,-0.006476820863023699,27.11050672423407,-0.12668988643685997,0.005799104118229115,51.26111811845075,167503.46000000002,0.419500966303279,-0.552135018603471,0.009698573179011582
2017-12-01,8144.02,8236.15,8236.15,8122.32,157680.0,-1.33%,-0.01826413758251752,-0.017002079358747445,14.60314771615669,-0.22030888530162493,0.0026716504643994237,59.82044911488778,167392.23,0.43369229347596344,-0.4230326701229745,0.009037134058542978
2017-12-04,8084.45,8108.21,8126.97,8051.86,117390.0,-0.73%,-0.023380071732389138,-0.020866125942605757,9.941335425509061,-0.1575502346128428,0.004047512003437733,60.11427534288917,167020.23,0.599073397248834,-0.27921852391618796,0.00849516464485688
2017-12-05,8145.0,8093.63,8149.22,8085.44,114590.0,0.75%,-0.014069333501185607,-0.011409642980081375,14.999167763574137,-0.16171438942310337,0.01156751359313256,151.0300000000134,166728.55,0.25867224881347484,-0.8144680544545104,0.007537878295995177
2017-12-06,8129.62,8157.6,8197.39,8119.37,122960.0,-0.19%,-0.0147058263370309,-0.011170295647663479,21.111292724055133,-0.21804947291493765,0.00965739593087811,100.07908437068697,166350.47999999998,0.29471567300495516,-0.7837213811217967,0.00752249624987799
2017-12-07,8174.93,8128.06,8174.93,8109.57,96880.0,0.56%,-0.008943999790789574,-0.004431583065285743,30.613265019213397,-0.17632274620458563,0.015284667145231117,165.14999999999418,165958.29,0.18732443307806576,-0.9977311124015107,0.007727069531523631
2017-12-08,8304.7,8176.21,8304.7,8167.6,119250.0,1.59%,0.0068437887825740324,0.010453497459397413,47.24400429046005,-0.09226248638754946,0.031401440164136124,35.66199321176709,165624.73,0.33987731862415765,-0.9150962132336153,0.008679560087015143
2017-12-11,8358.57,8296.23,8358.57,8277.26,82520.0,0.65%,0.013053870546895033,0.015191097076194694,71.78368533969531,-0.008861295764512602,0.03809181977828726,46.70999999999185,165409.61000000002,0.15250549310743167,-0.9625305599374148,0.00857848016853161
2017-12-12,8334.06,8346.27,8362.28,8311.68,118570.0,-0.29%,0.009691064069956071,0.010852338405286412,88.99676132754314,0.027990264092536857,0.035047802619518946,24.28139340333985,165334.7,0.1668375339928197,-0.798176468090078,0.008142267392712604
2017-12-13,8359.61,8341.81,8363.15,8321.59,77580.0,0.31%,0.01196393629448615,0.012223649359886811,95.41473796222381,0.006600311425629084,0.038220982481066604,20.848744762220228,165338.74,0.20900529028111037,-0.7052227270399078,0.008057208842090147
2017-12-14,8461.06,8366.6,8461.06,8344.02,111080.0,1.21%,0.02320237943354822,0.021205680047547644,96.11066773077937,0.10447568854136859,0.05082055574736767,0.9513489674392505,165318.71000000002,0.1478906125131007,-0.838940935113198,0.007926449559568751
2017-12-15,8337.04,8425.66,8425.66,8337.04,226810.0,-1.47%,0.008449061894065621,0.005139698401781549,89.31209866603645,0.05994085098423877,0.03541790344094423,94.96799180341003,165506.33000000002,-0.041298887001283834,-0.741330931259836,0.008447885593877389
2017-12-18,8422.82,8345.97,8422.82,8345.32,68250.0,1.03%,0.018287195733330222,0.012947447369766323,86.78233952427514,0.06771732844272729,0.04607134252210049,32.11142137725847,165636.93000000002,-0.07878853473077557,-0.7040042949209346,0.008281234648521358
2017-12-19,8365.96,8422.09,8422.77,8348.88,88310.0,-0.68%,0.010766434806487257,0.004588630293697255,79.0355164548714,0.0761765406059337,0.03900962013745886,36.84941383523088,165748.67,0.03562322304065577,-0.8503636927324547,0.008444543787768153
2017-12-20,8362.61,8376.32,8377.57,8343.99,57720.0,-0.04%,0.009415831173920329,0.002809388258944328,81.11844248941031,0.1226131664758213,0.038593567200622084,20.776440984934343,165792.65000000002,-0.021674264977501235,-0.7963104094853315,0.008387959155593106
2017-12-21,8378.28,8371.91,8378.28,8323.01,88100.0,0.19%,0.009268817387492998,0.0031859259938569035,77.49022482893467,0.20680773841020014,0.04053970138576689,77.13728825202317,165866.07,-0.10508034082876273,-0.7567767312655769,0.008356176439177044
2017-12-22,8432.31,8377.92,8432.31,8364.42,47020.0,0.64%,0.012746107224395377,0.007548529704741207,82.68571055385907,0.20477475466126402,0.04290057189219138,1.5212217118429603,165978.66999999998,-0.10046981568587353,-0.6699095452603827,0.008220593111360756
2017-12-27,8490.91,8427.05,8490.91,8412.89,47950.0,0.69%,0.016766901189676168,0.011894883442134565,90.70542381550774,0.17515465797645552,0.04702345500439606,88.8556154740154,166067.75,-0.15287007921192378,-0.7630333139288807,0.00833379894752547
2017-12-28,8535.09,8474.99,8571.46,8468.19,106540.0,0.52%,0.01852495717833458,0.014191561001206707,94.82393959736116,0.1550598712148516,0.05247133941750308,24.71648235490218,166193.55,-0.2449845976010084,-0.7873718409065971,0.008385993989260813
2017-12-29,8558.42,8562.86,8640.04,8535.1,170540.0,0.27%,0.01798142826459893,0.014094784517493048,91.6165209798841,0.11323910375907505,0.04785004162789555,141.47836668895204,166366.95,-0.3983612917799507,-0.4674144926374648,0.008092565128919477
2018-01-02,8558.42,8562.86,8640.04,8535.1,170540.0,0.00%,0.01579176358202562,0.011678521840883933,84.11702633666592,0.08283320574214041,0.033967762278821714,8.010000000009313,166633.49,-0.4800632374045283,-0.2801872001819188,0.00797260582616431
2018-01-03,8724.13,8584.46,8724.13,8580.5,129600.0,1.94%,0.032260621808251295,0.026433570522287224,86.74174939482543,0.1889692029152561,0.04962294024794012,49.74523542227676,166937.88,-0.18223871708374634,0.05143551837057636,0.008049339964609312
2018-01-04,8739.83,8710.0,8760.26,8690.34,124750.0,0.18%,0.030583991828613922,0.02365034119162652,90.94808554234275,0.21937960278312094,0.050259625864768606,267.70999999999185,167517.99,-0.24463816938526725,0.5500061919837389,0.007654536441426761
2018-01-05,8770.0,8743.41,8858.07,8739.74,158230.0,0.35%,0.030579279900564756,0.022560401966123127,92.96096809221314,0.1352014225500989,0.0537053301630059,157.65109334389325,168173.37,-0.17291079119482364,0.6100300548338624,0.0076088972048948215
2018-01-08,8745.12,8818.9,8820.53,8713.86,99600.0,-0.28%,0.02521115643537909,0.01594240676659418,85.92437406537509,0.15921523399395265,0.05071602701426534,221.86476085164375,168798.37,-0.1639207483899502,0.5451790228265567,0.0076486237266553325
2018-01-09,8923.72,8758.96,8923.72,8755.4,116130.0,2.04%,0.04103456097204491,0.03040784963557175,87.4767938798142,0.16654182853994962,0.07217460990675238,300.3939854590991,169413.87,0.02185799394702204,0.08148074058355581,0.008513569223073355
2018-01-10,8920.29,8914.25,8926.78,8877.98,96730.0,-0.04%,0.03633846503911169,0.024517696573188297,92.6051017623974,0.146191200714829,0.07176249938423727,330.3801226041576,170162.65999999997,0.17199245226336862,0.5008964505978866,0.008130503809726665
2018-01-11,8813.25,8908.64,8909.0,8745.63,141640.0,-1.20%,0.020116346615089396,0.009044698126006112,93.37385649060626,0.09473653619140246,0.058901767509590856,209.70394110611565,170778.25,0.15694136951382184,0.08444039531221703,0.008809101713830673
2018-01-12,8814.62,8836.29,8868.56,8803.62,125850.0,0.02%,0.016476257571904972,0.006510160979077667,87.18165305773171,0.06356870735639392,0.0590663714209163,209.71000000002095,171232.93,0.11978819568083689,0.17486267350696894,0.008732124754627117
2018-01-15,8857.72,8844.35,8897.56,8809.53,147110.0,0.49%,0.0174284808739601,0.008575827782388672,83.4464940065288,0.039960643130898726,0.0589759959447277,46.17709064027028,171713.49,0.08788708434680255,0.15324114947847844,0.008744088008485506
2018-01-16,8865.13,8890.74,8969.18,8865.13,141740.0,0.08%,0.014676415680122,0.0069866044429308365,83.47957565477174,-0.06799852382689138,0.05375560598082226,150.22303742409778,172211.59999999998,0.23195464589561618,0.524695026710853,0.008479300834675735
2018-01-17,8848.99,8879.67,8902.27,8821.41,162530.0,-0.18%,0.009872693422679702,0.003449831469225541,81.67494615019574,0.006615090657833637,0.044968287201869496,176.81000000001222,172615.66999999998,0.6735632777383458,0.8807033304478793,0.007558431425762425
2018-01-18,8820.74,8790.05,8822.4,8772.45,173130.0,-0.32%,0.004310168852763908,-0.0006339361832539424,74.36958891824501,0.04533195030644831,0.033466508886831954,47.16587243054904,173127.62,0.8937548118458668,1.3106952080443692,0.007475919372480513
2018-01-19,8915.92,8824.72,8915.92,8802.78,124470.0,1.08%,0.012204231859970346,0.008123696847254194,76.51447066250027,0.11542244844660549,0.04461810640765775,52.14669308786401,173525.54,0.7426369813378861,1.0508318472877232,0.007382001458938672
2018-01-22,8950.62,8893.14,8975.12,8883.0,98600.0,0.39%,0.012922148300284125,0.00988223412835411,82.44180213862938,0.12964602783406093,0.04313501544199065,208.1073852201442,174075.5,0.673837678685246,1.0691857641843763,0.007333620826000771
2018-01-23,8999.02,8952.81,8999.02,8916.07,112600.0,0.54%,0.01614155328666051,0.01286574987653209,93.84062263254759,0.13819156236620758,0.03551989910636411,100.8300000000163,174663.51,0.6004114510571588,0.9994222137239874,0.00733675265843077
2018-01-24,8920.23,8992.37,8992.37,8898.21,96370.0,-0.88%,0.005781402656795489,0.0030319247641360813,88.72046440579402,0.09687503376900529,0.023682960249533383,289.9860946345765,175284.25,0.5831671937067406,0.6527392457142156,0.0077997243401439565
2018-01-25,8999.17,8907.45,8999.17,8907.24,148080.0,0.88%,0.01281278101112807,0.00993664099170953,90.78996586711544,0.1310668768972464,0.03274209133495368,31.989999999990687,175772.16999999998,0.5482319158514305,0.5220074834664579,0.007863656799475637
2018-01-26,9041.2,8995.61,9041.2,8945.32,116740.0,0.47%,0.015126879632164913,0.012292377647161817,90.78996586711544,0.16267027826979477,0.03379630741295957,150.4657954307126,176280.43,0.5594570735289834,0.5423441004179659,0.007856486423073909
2018-01-29,9058.62,9051.75,9078.37,9008.41,119560.0,0.19%,0.015983590535012537,0.011944326093217229,98.02147823125166,0.2222297257307514,0.03578815934358092,34.13999999999942,176786.53999999998,0.574496869831086,0.5488065576070884,0.007859530282456374
2018-01-30,8910.48,9025.29,9025.29,8838.69,166240.0,-1.64%,-0.0005527349081299123,-0.004521032404880309,81.20254052212938,0.24429918048535237,0.018849413935874304,205.5985258569756,177286.74,0.13750747103044905,0.2895686160381876,0.008949309681501707
2018-01-31,8764.01,8831.83,8831.83,8721.85,150760.0,-1.64%,-0.016593640903681966,-0.018671548839990143,51.81101503501316,0.17945635698351575,0.004833836858006026,68.41475166685414,177638.80000000002,-0.11646137369577757,0.2727943731777085,0.008885594997264006
2018-02-01,8738.72,8748.38,8818.1,8738.72,99360.0,-0.29%,-0.018834543783062388,-0.01896698932166055,22.033487587261188,0.12295332294527743,0.0019342226706488854,65.54020575340377,177678.68,-0.037387108494475366,0.23711556862561434,0.008904764470898769
2018-02-02,8810.75,8746.86,8810.75,8746.86,146970.0,0.82%,-0.010374379430632637,-0.009461495503270531,13.830921126444382,0.21027500285807968,0.010192791666905489,65.45920653982704,177677.57,-0.07955992701558048,0.05513982126151884,0.00906461784140272
2018-02-05,8616.0,8680.59,8680.59,8555.55,152490.0,-2.21%,-0.03031059178112983,-0.0271691730527194,13.743212205287548,0.21977539199345736,0.007065589003629308,63.03067814056477,177718.31999999998,-0.31081724207447226,-0.16142676268695988,0.010345555172323898
2018-02-06,8550.42,8475.08,8550.42,8379.83,150030.0,-0.76%,-0.03537602773339007,-0.02968165816195121,20.306239786186012,0.22967790573790575,0.020357214883834178,140.90826758309694,177589.19999999998,-0.655723843394246,-0.4953422924263351,0.009166011729634427
2018-02-07,8667.56,8648.0,8700.56,8603.18,115340.0,1.37%,-0.020952259237170298,-0.013456165833110248,25.724476188113687,0.21550922269905065,0.034336018749783655,19.839999999996508,177215.9,-0.5297721542275418,-0.6064769631904476,0.009821864826247313
2018-02-08,8645.08,8679.37,8679.37,8601.53,95000.0,-0.26%,-0.02135295428516163,-0.0128993764987635,34.527729263893235,0.23281594180501633,0.03165338676321596,38.5515414986814,176963.16999999998,-0.6615774132667375,-0.24064802618880154,0.009507261088510825
2018-02-09,8503.69,8545.88,8546.02,8421.74,114160.0,-1.64%,-0.0338672484752478,-0.02414047442303328,32.297840257298546,0.27930687412046457,0.014780729442005456,104.40000000000873,176795.0,-0.49109070208281974,-0.7449063717903579,0.010106888864337646
2018-02-12,8487.91,8533.8,8554.51,8460.56,85890.0,-0.19%,-0.031643537517854564,-0.02125085651341914,23.725198270678863,0.26656882938249393,0.012897636348231399,129.8782987719305,176484.07,-0.42103718773654825,-0.7097412223942294,0.009985651607954059
2018-02-13,8570.14,8514.06,8570.14,8476.46,125570.0,0.97%,-0.019464833335035944,-0.008795072045547659,20.149168265238924,0.37292439597741966,0.022710484580236053,45.520000000004075,176114.26,-0.4353576322998717,-0.8279781518313096,0.010312626087148884
2018-02-14,8598.11,8563.57,8598.11,8498.57,169610.0,0.33%,-0.013029804442653715,-0.0033752931705967235,24.654756110363518,0.458293275832744,0.026048261122242414,125.20584338909633,175819.27000000002,-0.4978743515816852,-0.8269495975070091,0.010370440145162729
2018-02-15,8612.44,8603.71,8612.44,8505.86,179690.0,0.17%,-0.007897136215376266,-0.00018171956862814926,30.597150246705052,0.46415919967779184,0.027758319679516242,89.63000000000466,175568.39,-0.5664794498506057,-0.7859705991482553,0.010382795150138542
2018-02-19,8710.22,8593.87,8757.83,8538.2,110780.0,1.14%,0.006251158863603625,0.010712352031851755,38.57807842947261,0.4424804595337438,0.03942681414778097,25.6359469339404,175360.09,-0.5571089884955379,-0.7899258773869473,0.01041754808486672
2018-02-20,8722.7,8727.16,8728.08,8637.77,126920.0,0.14%,0.00925678370052335,0.011118775443884172,53.4474661232998,0.46305000493203574,0.04091610450331341,29.01874397686001,175154.38999999998,-0.5336273424534135,-0.7785581735661853,0.010369750119836827
2018-02-21,8613.65,8677.51,8677.51,8613.5,149140.0,-1.25%,-0.002120773977824375,-0.001073640686431664,60.13120648889122,0.35690540545651284,0.02790271401687143,73.26549396949618,174926.46999999997,-0.3258059516561216,-1.0124903876270326,0.010537638438332232
2018-02-22,8515.57,8598.5,8605.93,8472.89,136830.0,-1.14%,-0.01165818744225875,-0.010667544671913708,53.56897178149944,0.35232413390624645,0.016198419299675505,65.21999999998661,174541.09999999998,-0.30088068923568606,-1.081157195086126,0.010640590200689623
2018-02-23,8467.56,8520.73,8526.23,8465.79,114550.0,-0.56%,-0.014426295746503762,-0.013977769396548939,36.01990512107576,0.25935318104986455,0.010469186129074165,181.97193052468702,174136.44,-0.1815021048246183,-0.9989467708741264,0.010332836590905592
2018-02-26,8499.98,8450.15,8499.98,8373.68,113780.0,0.38%,-0.009697580069675827,-0.008794033345846324,29.19560774589412,0.258517271620126,0.01508297427176573,154.32771291586755,173604.83000000002,-0.17712270015217307,-0.983994972947249,0.01030166561821178
2018-02-27,8592.38,8507.68,8592.38,8507.45,147010.0,1.09%,0.0007181778696894105,0.0018382434591127223,37.6725543992886,0.29166983638562205,0.026117549273437592,251.13056354582193,173063.61,-0.17338922394109507,-1.1037555235447052,0.01071407932862012
2018-02-28,8475.29,8538.53,8575.44,8475.29,157800.0,-1.36%,-0.011337442607040052,-0.01010699155069904,38.753091240400835,0.24737520727030396,0.012134449847617843,117.19000000000233,172597.37,-0.16341998920244655,-1.0665041977545817,0.010545688075504628
2018-03-01,8465.77,8471.22,8503.68,8429.75,103060.0,-0.11%,-0.010970296676082675,-0.009573017135945317,35.78463273894749,0.2644685112813159,0.010997554241384927,134.4451877446053,172162.18,-0.2791314104924062,-0.7869432304512505,0.010019227771937558
2018-03-02,8458.57,8414.94,8458.57,8337.69,86430.0,-0.09%,-0.011439241026964867,-0.008852234959074879,26.39812459043618,0.3377757226297467,0.014498020434916528,19.75999999999476,171863.94,-0.3104885774180775,-0.7724172755110281,0.010016691817162991
2018-03-05,8386.17,8434.67,8449.82,8350.53,61360.0,-0.86%,-0.019067571626525785,-0.01471460832077039,21.427593114966328,0.2835316389330471,0.005814560147954596,165.6094160418671,171583.79,-0.1358338874054764,-0.7547072370610324,0.009852757514594163
2018-03-06,8360.22,8388.02,8411.76,8344.84,142960.0,-0.31%,-0.02038481693337132,-0.014847268310026036,15.224290315926291,0.25557525593472724,0.0027021872964812597,124.6700000000128,171159.21,0.08995449993461167,-0.8780492606090884,0.008703913617142584
2018-03-07,8404.69,8373.62,8404.69,8333.11,109850.0,0.53%,-0.013577123266161735,-0.0075878067674948054,11.251655138534531,0.24334537519705682,0.00858983020744955,46.032085907911664,170903.43,-0.09452402817455458,-0.8773690791292923,0.008703936731591408
2018-03-08,8381.85,8388.08,8389.74,8350.53,95440.0,-0.27%,-0.014352403963827523,-0.008121566298642502,11.230583476034454,0.25352969231275513,0.0058489567520409284,14.619999999995343,170757.7,-0.12743851562279965,-0.7575113097396069,0.008008566071854151
2018-03-09,8372.51,8401.33,8409.75,8367.63,100780.0,-0.11%,-0.012650009168870602,-0.007168570623954475,12.7682311286567,0.21643733025480855,0.004728126713795886,156.0638039581706,170471.99000000002,-0.15588319188181424,-0.7494590207453267,0.00800616510970868
2018-03-12,8453.5,8442.25,8484.65,8425.93,136120.0,0.97%,-0.0008333635154279014,0.0028520953495594185,18.802560994733344,0.19628481177550053,0.014447187184616477,1.4800000000104774,170199.42,-0.14070411847184508,-0.8213503440203067,0.0075805148937869915
2018-03-13,8419.57,8454.09,8462.25,8397.96,96030.0,-0.40%,-0.0032104722704918358,-0.0005252004647947382,25.541037383094615,0.19726712476502134,0.010375478062811978,48.70999999999185,170149.23,-0.1008858566653042,-0.8696574491748281,0.007619552948235417
2018-03-14,8348.74,8430.03,8430.03,8284.76,101220.0,-0.84%,-0.010199615875779501,-0.007394489982105346,29.148686199209166,0.14281527646184422,0.007722613569976627,19.630000000004657,170080.89,0.06582046221534105,-0.8201968929795114,0.007433912787334639
2018-03-15,8190.01,8322.1,8326.01,8190.01,110940.0,-1.90%,-0.026730583549254474,-0.022473499481603,17.496537534865425,0.028490846263043216,0.0,83.7129008814356,169859.49,-0.06841908811563627,-0.6377587307770676,0.00833165568039214
2018-03-16,8238.15,8200.14,8258.09,8156.19,289470.0,0.59%,-0.018829166986395755,-0.013953401366220494,13.19612148868129,0.02582633472712458,0.010048809554461096,149.901426506784,169451.39,-0.09693852257505452,-0.7575587248682916,0.008491398765860912
2018-03-19,8235.54,8236.54,8240.13,8169.0,152700.0,-0.03%,-0.01615334611365518,-0.011731201746804858,12.572210528520491,0.05313585354900796,0.009728807200420941,147.92027545539037,169077.1,-0.16461155375394831,-0.5586890955651258,0.007891941159955881
2018-03-20,8059.6,8180.25,8180.25,8015.49,134720.0,-2.14%,-0.03374432637016389,-0.028004998803868936,15.584016041401442,-0.01567684857994443,0.005503094633016894,247.91055784803189,168602.42,-0.2259794411151025,-0.594801817425544,0.008842246760230982
2018-03-21,7909.07,8097.59,8097.59,7909.07,157640.0,-1.87%,-0.04724914404535124,-0.039486839329845064,9.320690426417137,-0.0192338646630049,0.0,264.0216956509839,167939.32,-0.27041514421553847,-0.7232267214517458,0.009256250338500015
2018-03-22,8124.45,7934.83,8124.45,7928.75,130460.0,2.72%,-0.018482005335159576,-0.01049652826495096,15.485020936164162,0.0513220734270196,0.027232026015700975,325.39962477570106,167234.74,0.46503550563945145,0.6145099956886813,0.011449991046812082
2018-03-23,7970.8,7980.66,7980.66,7923.65,105200.0,-1.89%,-0.033580528749349345,-0.024351871126512662,16.048160116751855,0.12125242705527425,0.007804963162546352,42.919999999998254,166843.62,0.4299877483576512,0.25166051042927196,0.012024810632480117
2018-03-26,7932.38,7948.05,7949.61,7834.11,87670.0,-0.48%,-0.034661945329685494,-0.024031090021243404,21.08346412060509,0.1016658206704075,0.012543862672339352,107.57067351281104,166346.86000000002,0.5426175794615714,0.430516166184987,0.011923301928036752
2018-03-27,8047.03,7947.21,8047.03,7947.21,97590.0,1.45%,-0.01765541945114899,-0.007153296729115541,19.520159438142354,0.08359999804911523,0.027178581868265838,113.76000000000931,165779.26,0.5477764290801574,0.2743211509428787,0.012173010177514881
2018-03-28,7979.83,8016.35,8056.22,7967.28,121790.0,-0.84%,-0.02243203999118663,-0.012001577105002884,23.411832221436615,0.11390899894283875,0.018600708950984892,173.31173467350632,165233.91,0.5365735040540768,0.3964087593945109,0.01199101862998556
2018-04-02,8039.45,7993.63,8039.45,7944.86,61920.0,0.75%,-0.012249609734675853,-0.0025865520067656477,28.89804367653544,0.14299827655555425,0.0262110182267035,63.86999999999534,164738.45,0.4329495190803537,0.11656960145550599,0.012211498377707023
2018-04-03,8048.72,7976.33,8071.68,7976.33,121020.0,0.12%,-0.007585297385121873,5.953386157897766e-05,29.376783024336447,0.13113895782186877,0.027394305160382045,64.17938626372217,164312.13,0.4066728593203196,0.0800194556079199,0.01223402093287003
2018-04-04,7997.67,8084.93,8084.93,7991.6,86140.0,-0.63%,-0.010201956410738724,-0.004426825411057576,31.059044591740548,0.10618669623070116,0.02087792997545355,47.39999999999418,163902.28,0.3886978616332685,0.1115349729289985,0.01218531423796703
2018-04-05,8022.16,8035.64,8043.66,7988.37,59460.0,0.31%,-0.004296472374716517,-0.00041692075241118234,33.28063409992273,0.14834489811385063,0.024004003007361423,63.88200996389352,163513.78,0.3104792553680712,0.020524809214874207,0.012241779853428753
2018-04-06,7945.66,8018.77,8047.7,7901.79,76650.0,-0.95%,-0.01165050251660339,-0.00811797320701832,30.662051781793597,0.09002145020271692,0.014239013748849606,3.039999999993597,163175.71999999997,0.4747201095863281,0.13256345901002842,0.012225577256842333
2018-04-10,7934.68,7946.45,7984.64,7890.31,119550.0,-0.14%,-0.010347889797361332,-0.007760449760516603,29.76974466347595,0.061779734154621506,0.012837450584686789,105.65989257992307,162716.69,0.457549530006235,0.11830087284993596,0.012229315493101106
2018-04-11,7943.93,7958.33,7990.98,7930.66,92670.0,0.12%,-0.006613435364412361,-0.005381245860041237,27.602321982892487,0.07290945591967993,0.014018184579997041,14.89999999999418,162269.52,0.4275702948710226,0.07573773361849057,0.012255147690623023
2018-04-12,8043.07,7962.66,8043.07,7951.09,85630.0,1.25%,0.005932522116976184,0.006254579483995166,42.82251850024659,0.1155624370114984,0.026673100071354632,288.8525798419598,161840.94,0.4204965365777432,-0.03537455061268746,0.012417506693305486
2018-04-13,7899.98,8031.23,8031.23,7899.98,127000.0,-1.78%,-0.01188325076224112,-0.010067584450310004,42.12834468236258,0.07283371765448254,0.008408102515793102,33.04999999998836,161430.51,0.4494319943798385,-0.2492986624730924,0.01288436655919267
2018-04-16,7870.25,7928.99,7928.99,7845.47,83350.0,-0.38%,-0.013361109019238884,-0.011733384313921062,36.35557550747226,0.06391449176197005,0.0046131596314068005,83.6227839766106,160910.92,0.4037037165634148,-0.23200606675045687,0.0128252976425704
2018-04-17,7723.39,7861.72,7861.72,7691.79,128360.0,-1.87%,-0.029622124381440147,-0.02604183724620943,15.044594257051036,0.0765087610733025,0.004108276487007623,41.83274139739645,160432.43000000002,0.4085951550699295,-0.22611086526303925,0.012802178470771159
2018-04-18,7793.13,7743.14,7828.85,7743.14,125310.0,0.90%,-0.019634743611113177,-0.01449616057172906,16.07455510518275,0.010258016844466667,0.013175086683333807,124.33615811320486,159965.81,0.3839776896199338,-0.3296698159647673,0.012934003716553266
2018-04-19,7682.24,7689.35,7756.4,7537.42,303920.0,-1.42%,-0.0304063605259665,-0.024126281501222827,20.0885281386764,-0.005559323701851873,0.019213470922411078,95.75000000001455,159520.78999999998,0.4897067262916801,-0.39599048514352564,0.013171400485605346
2018-04-20,7726.72,7698.08,7783.55,7691.93,119100.0,0.58%,-0.022562088278732167,-0.015199495195206782,28.93414875597897,0.009218420840005752,0.025114694417983897,81.36288501314196,158967.49,0.40276156621203446,-0.36356055926590747,0.01260854986652407
2018-04-23,7719.47,7736.09,7746.86,7663.53,96680.0,-0.09%,-0.020647647548863755,-0.01301042879774949,31.425301212154437,0.09503516109222995,0.024152826829339506,89.63306311817165,158634.61,0.38552154736345917,-0.12787847430848442,0.011984451344619139
2018-04-24,7600.36,7704.18,7704.27,7600.36,104160.0,-1.54%,-0.031825147896717,-0.023547612389668942,26.44030854839791,-0.010322380660460201,0.008350337383348626,239.07997018423632,158445.01,-0.012043818413512215,-1.0495411253182096,0.010353656430226827
2018-04-25,7557.91,7595.49,7636.57,7526.3,112220.0,-0.56%,-0.03336480516923759,-0.02411529720899834,16.93624621830891,-0.06308727332088357,0.004199938880990616,18.319999999992433,157920.91999999998,-0.0011721758864836247,-0.8740116174313912,0.009702879689082324
2018-04-26,7617.42,7544.02,7617.42,7529.13,81790.0,0.79%,-0.022137994012555378,-0.01300973175498623,11.67807683391004,-0.05405686118046161,0.012106878545899032,65.58154551662382,157508.03,-0.1339163476120597,-1.0098991097247474,0.00996248385649604
2018-04-27,7721.02,7631.44,7721.02,7604.54,129380.0,1.36%,-0.006792848934386754,0.0016051363176111963,20.406251983947495,-0.039071633499710795,0.02587194238869036,79.61000000000058,157193.07,-0.16020131105303273,-1.0349091272703268,0.009890005921546385
2018-04-30,7819.25,7726.96,7822.84,7726.27,135550.0,1.27%,0.0069110821800299265,0.013551649588537084,37.281631415157555,0.05579149856090286,0.03892350823113613,122.24583783521948,156867.06,-0.2871228583078483,-1.0464792115701829,0.010294218516160449
2018-05-02,7736.07,7791.63,7856.5,7736.07,101850.0,-1.06%,-0.001891986639422594,0.003281360416859813,44.987131605936916,-0.016703251847447618,0.027871596933420076,52.2599724289725,156706.48,-0.08897679114727157,-1.1208076692359226,0.010309493803680172
2018-05-03,7535.1,7792.41,7792.41,7535.1,144840.0,-2.60%,-0.023248669403459862,-0.019124788879230102,33.00800158645471,-0.10625145024884113,0.001169233222167623,146.46835245607002,156403.1,-0.18692873527795967,-0.9673149797010772,0.011595475002855142
2018-05-04,7546.19,7541.0,7558.31,7499.26,94480.0,0.15%,-0.0185962612398202,-0.014803965497906926,17.75205107781532,-0.04961053030302852,0.006257950784477319,34.80000000000291,155889.47999999998,-0.28486009874147034,-0.9487029836202794,0.011616619132356756
2018-05-07,7533.28,7578.8,7581.72,7517.09,60640.0,-0.17%,-0.01719880106102285,-0.013813110127197346,7.349829948385886,-0.06829970847426442,0.004536447596162758,166.87137807637313,155438.0,-0.23422977572662998,-0.9184503426991437,0.01153781644274143
2018-05-08,7577.57,7544.1,7615.22,7543.35,108820.0,0.59%,-0.010075515745565304,-0.006497001003786135,14.075837180496768,-0.05659765444139357,0.01044236364654639,2.6000000000058208,154949.12,-0.401265401686953,-0.8656192507454947,0.01159824356299436
2018-05-09,7555.27,7587.68,7590.8,7535.93,108030.0,-0.29%,-0.010793163653217752,-0.007696058223391122,15.661745412740935,-0.06745315805305628,0.007468736915375679,112.08454382968591,154581.03,-0.3807192853043909,-0.8754772765090659,0.011596959617212818
2018-05-10,7571.0,7547.46,7630.29,7531.66,98270.0,0.21%,-0.007701328903561255,-0.004467177328358318,19.227036912626417,-0.0536635691694682,0.009566277206017632,13.919999999998254,154201.62,-0.38970736350760077,-0.8806260839702018,0.011613512458545982
2018-05-11,7752.11,7625.1,7760.26,7625.1,118700.0,2.39%,0.01579453477199322,0.01716558153757459,35.513007128727644,-0.045046517737084714,0.03371666004379091,239.6600478906008,153828.69,-0.04430381501518096,-0.5516872051454675,0.012619991080384599
2018-05-15,7885.97,7771.9,7906.45,7765.46,163630.0,1.73%,0.03172700641033063,0.030144740222280968,61.94363096105317,0.056125311120490004,0.05156642122022707,68.05000000000291,153537.72999999998,-0.1811740750722508,-0.5007943774105743,0.012711313795892675
2018-05-16,7869.56,7869.48,7869.56,7751.33,159990.0,-0.21%,0.026996472333677527,0.023968751537015037,85.5631674579564,0.13208713079277196,0.049378205316257896,82.05999999999767,153523.72,-0.20129836738364756,-0.47972721971973975,0.012690731475876595
2018-05-17,7694.12,7855.9,7855.9,7694.12,134750.0,-2.23%,0.002827845513147233,0.0005953788391550964,77.92185466244268,0.11011630944497104,0.02598389707784497,81.36999999999534,153523.03,-0.2579851705686571,-0.4770022920348955,0.012995348480190504
2018-05-18,7672.28,7742.39,7742.39,7639.15,82270.0,-0.28%,-0.0005291768894021729,-0.002242358520043419,60.42879245561043,0.09157583476692933,0.023071609732160176,110.63999999999942,153493.76,-0.14588765678253537,-0.3964236422661287,0.012825928001478798
2018-05-21,7658.05,7693.22,7715.66,7658.05,68850.0,-0.19%,-0.001798040366899983,-0.00377694784717343,43.11418911728348,0.026201946812897822,0.021174089176798774,10.209999999991851,153372.91,-0.2440269645330216,-0.09337373460976384,0.012431479491040195
2018-05-22,7646.2,7698.23,7698.65,7633.52,83420.0,-0.15%,-0.001734264628247463,-0.004875860509860798,39.191368484818696,0.016444284594596507,0.019593933268082397,13.980000000010477,153348.72,-0.16294416491155353,-0.050947292093537655,0.012357048830399498
2018-05-23,7560.47,7673.62,7673.62,7517.56,102140.0,-1.12%,-0.01130788344208985,-0.014339769508905689,30.038393215288536,-0.019651033597662234,0.00816213866434822,66.5399999999936,153268.2,-0.062133993396149854,-0.2543400566972882,0.012589727146594402
2018-05-24,7652.53,7573.67,7652.53,7555.45,72440.0,1.22%,-0.0003655716932931219,-0.002434806225276641,29.58651571338521,0.06174202173580777,0.020438016550966297,51.218968715773975,153109.2,-0.2589049927895246,-0.10539758141626443,0.012432697405054047
2018-05-25,7647.51,7673.82,7674.29,7605.98,80100.0,-0.07%,-0.0019648398261231303,-0.002953707945729244,28.723064222901424,0.09327387878375855,0.01734979892484992,1.4182285119046485,153161.37,-0.3190027407762683,-0.012427637990764406,0.012356097815182952
2018-05-28,7642.9,7669.96,7669.96,7598.13,76890.0,-0.06%,-0.003584653948753187,-0.0032139803144250467,34.45569726349071,0.06392130522762132,0.01667296303587856,55.029999999998836,153250.97,-0.23260604926689188,0.05469664987563583,0.012240544846075053
2018-05-29,7602.36,7662.37,7662.37,7585.16,94260.0,-0.53%,-0.009098659318894246,-0.007326775557799781,29.177279678992452,-0.021918659185801378,0.011280255827688674,77.32873948171918,153276.45,-0.09137783086630752,0.28798898782956295,0.011878977367469592
2018-05-30,7470.14,7575.38,7575.38,7461.73,115660.0,-1.74%,-0.025560073496252424,-0.02114843823843803,18.642307714599934,-0.13034719132961387,0.001127084469687427,171.22736406142235,153157.78999999998,0.07864894969438462,0.22352931564138023,0.011995152561409941
2018-05-31,7497.17,7496.11,7537.63,7457.05,387820.0,0.36%,-0.021360939258864377,-0.014698746484056755,10.874729449927543,-0.07199022401360705,0.005380143622478043,113.82638509959037,152808.68,-0.07843563327151346,0.32348107767984846,0.011891274662154994
2018-06-01,7630.26,7499.9,7630.26,7487.37,113340.0,1.78%,-0.0028552354197050713,0.0033295027819200454,16.45367915950864,0.038103261873065945,0.023227683869626734,68.96317164550446,152569.78,0.14233242393649903,0.1448214021667109,0.011150807529394114
2018-06-04,7579.61,7619.38,7620.13,7551.89,77620.0,-0.66%,-0.006633580208636446,-0.002062184919153685,25.726918278805417,0.007936937712882152,0.016435453698178164,71.22061026178729,152664.94,0.233917053905292,0.05270752540589285,0.011267596841412816
2018-06-05,7685.76,7594.55,7685.76,7550.64,133330.0,1.40%,0.00901430766276169,0.010928067409034285,41.86521842845131,0.07641991143500669,0.030670305281579182,59.30098512504635,152698.36,0.09149847527818203,-0.2879858476556292,0.011662432017947802
2018-06-06,7689.14,7666.77,7702.33,7654.13,105620.0,0.04%,0.009505189602077729,0.010096426486050386,56.13040234066394,0.09882165297692234,0.031123567630631434,69.44666997043262,152850.84000000003,0.16107690353818208,-0.22598960637333576,0.011607596774524696
2018-06-07,7803.31,7693.3,7814.88,7687.94,157560.0,1.48%,0.02323720763119821,0.021755609468786904,78.48234438444216,0.16303298188995835,0.04643391153338119,50.22194848212749,152962.41,0.006264291683919574,-0.48902691428524925,0.011981753097808788
2018-06-08,7740.74,7803.35,7803.35,7718.33,82460.0,-0.80%,0.014246954321134259,0.011538249391442436,85.79511262428237,0.1561744790564408,0.03804319402444661,61.15047891474884,153210.44999999998,0.10638371302010081,-0.6154272209933556,0.012175413998815263
2018-06-11,7771.3,7738.28,7779.26,7699.67,60730.0,0.39%,0.017060347825436684,0.013073029843911956,87.95610578580147,0.136305581589141,0.04214132934605507,53.13339449766306,153380.18999999997,-0.05368535759302395,-0.4785324496265506,0.010971470332340643
2018-06-13,7602.98,7722.43,7723.85,7553.74,124820.0,-2.17%,-0.0053636050258417,-0.008214874508970184,69.29454396407972,0.06571050911166551,0.01956940076840029,65.82718393563026,153399.37999999998,-0.09832532533915182,-0.46834038928392374,0.011230491492723498
2018-06-14,7529.54,7553.8,7561.44,7479.57,280510.0,-0.97%,-0.013837799243952151,-0.015835981613923526,49.62039702279477,0.022172808626795854,0.00972100227301678,53.599132674186045,153116.38999999998,-0.010229745423964045,-0.5847563085560084,0.011368693589268187
2018-06-18,7414.11,7403.93,7414.11,7328.3,137550.0,-1.53%,-0.02683103548756923,-0.027175232436588495,26.225163684682844,0.13386519931349145,0.011709400543099968,82.45024257088829,152776.37,0.14048831375886253,-0.6184963910636365,0.010812162797044472
2018-06-19,7312.61,7347.44,7348.23,7253.12,124240.0,-1.37%,-0.03717225672048361,-0.03533044959190989,16.161162380488275,0.1560609149713848,0.008201987558457571,131.2230474709056,152496.36,0.21296986942098114,-0.7829557692357083,0.011134686487962887
2018-06-20,7261.62,7316.29,7349.74,7261.01,116210.0,-0.70%,-0.040812150096958946,-0.036407774352099145,9.91278854776448,0.13502446987777314,0.0011719094679255272,152.40999999998894,152136.69,0.27690300530979584,-0.7956665166543972,0.011181690174068252
2018-06-21,7098.15,7262.73,7271.21,7092.16,147420.0,-2.25%,-0.059102619576713186,-0.05016010598464485,4.310615565182082,0.09825493929354559,0.0008445945945945639,129.2899919855783,151740.25999999998,0.24620149497310992,-0.8976741051779,0.012028865796174237
2018-06-22,7063.2,7092.04,7132.71,6923.67,175300.0,-0.49%,-0.05987250900412652,-0.04665839457585226,5.99938589618516,0.13485630002804738,0.020152606926673245,0.7900000000081491,151192.21,0.1866431048779783,-0.8403817101983151,0.011902123337442807
2018-06-25,6986.88,7240.06,7240.06,6986.88,121760.0,-1.08%,-0.06430741843112063,-0.04794481882239692,7.85922014826244,0.06082891070275496,0.009129551235110864,27.064309581727585,150694.94,0.37152530769531306,-0.5458736044633108,0.011426279452460195
2018-06-26,7007.21,7014.05,7021.26,6929.86,115410.0,0.29%,-0.05641824221348105,-0.037129904320224,10.707539936341243,0.08283527671194878,0.012065855247289366,167.5899999999965,150029.29,0.3274869590000741,-0.6354972788673705,0.011516510054099472
2018-06-27,7176.43,6997.99,7176.43,6984.14,123290.0,2.41%,-0.02887377024049168,-0.009344078039467577,14.942606119769783,0.11878952141977116,0.03650665037472904,211.3930060804766,149388.99,0.475119610918255,-0.6345066332790892,0.013148953297307748
2018-06-28,7066.57,7128.51,7128.51,7055.63,93000.0,-1.53%,-0.03795092412917242,-0.018671251588994024,17.923198049094317,0.11425554851247131,0.020639343007393424,6.240000000019791,148922.52,0.52029654461408,-0.7147793059115544,0.013426119613109034
2018-06-29,7193.68,7061.48,7193.68,7061.48,136540.0,1.80%,-0.014805573038772734,0.0017934195675905955,25.029979151178953,0.1969325381641125,0.03899810360690215,171.96003618079246,148386.72999999998,0.33801837019441755,-0.9818047121453328,0.013832604393624753
2018-07-02,7227.96,7184.62,7261.29,7160.83,104020.0,0.48%,-0.005120327700972713,0.007948980876714029,27.43114268942752,0.23349258048226243,0.04394923501553366,208.442555950004,148110.27,0.32589368651096035,-1.001040008070277,0.013858571424565607
2018-07-03,7267.34,7223.04,7267.34,7194.55,70260.0,0.54%,0.005280990843832141,0.01339949913485876,36.4027114330639,0.22021855092311057,0.049636969988459886,69.93915903416341,147841.06,0.3553148356610734,-0.7790959688245822,0.013205681491655474
2018-07-04,7348.42,7272.03,7348.42,7227.29,102220.0,1.12%,0.01905982265933335,0.022438684979473784,48.371087499549695,0.2645461699608179,0.06134752234003065,73.82600821025204,147478.13999999998,0.1853849115708933,-0.9878549983647025,0.013497860263071114
2018-07-05,7233.57,7306.01,7306.01,7225.07,97300.0,-1.56%,0.006082293713102085,0.006037164618283655,57.57882942333129,0.18351044778296963,0.04475949893625774,158.69076152697576,147246.94999999998,0.3866886044295902,-0.8200216864000098,0.013336317676374337
2018-07-06,7186.71,7225.95,7225.95,7143.57,71110.0,-0.65%,0.0018280330597274098,-0.00042206943493267767,63.84124540653037,0.1679007065110625,0.03799141206903275,49.139999999984866,146794.75999999998,0.4648948535760388,-0.7730101852773572,0.013333681496515344
2018-07-09,7186.62,7196.83,7214.57,7162.64,73630.0,0.00%,0.003073844447040965,-0.0006759452728666076,62.21323436449365,0.11684620069237307,0.037978413182604,322.7299909650261,146292.33,0.5654030936113087,-0.3842358174258842,0.01266719458154648
2018-07-10,7233.29,7218.25,7233.29,7192.58,77740.0,0.65%,0.00987304742718678,0.004534305885319467,65.44872980962349,0.1666881381975783,0.04471905795625729,163.39999999999418,145675.63999999998,0.3999546409492478,-0.6116455129442344,0.012841268336061779
2018-07-11,7333.73,7245.73,7333.73,7239.11,78570.0,1.39%,0.021496123681632315,0.015265403709658327,77.05045000692756,0.1780820433330415,0.059225815210719096,188.57311581322094,145168.19,0.35085872525430917,-0.8506200832072945,0.013320082264503744
2018-07-12,7350.58,7328.04,7370.46,7307.6,93820.0,0.23%,0.02092411838650359,0.014392912356231177,88.30803661798154,0.21763804631413342,0.06071118319850621,93.51999999998952,144730.62,0.30620298148990355,-0.7630139374459146,0.012593081588106106
2018-07-13,7399.18,7372.48,7405.42,7366.5,76320.0,0.66%,0.023487794691679283,0.017369828752837067,96.90577622533942,0.23373289633433972,0.0677243118908608,24.171325801181762,144478.22,0.13759286196933967,-0.8096843116165116,0.012571353243974875
2018-07-16,7369.44,7388.98,7390.0,7334.88,48800.0,-0.40%,0.015738747657854057,0.010685449102690339,95.2117318745037,0.18272485005398073,0.05516785173263985,28.520000000004075,144347.86,0.10140531143768194,-0.6199555870698363,0.012129841622149137
2018-07-17,7381.68,7375.1,7385.95,7346.78,52910.0,0.17%,0.015374031342685673,0.010029042835357755,94.45343179145583,0.1944817494760557,0.04621132343957948,64.20565989353732,144303.19,-0.007211522617065899,-0.3833849392358881,0.01171192743230591
2018-07-18,7451.37,7381.74,7451.37,7379.97,60960.0,0.94%,0.021099595482029335,0.016200538154110176,94.89081088137085,0.2915027964940614,0.05521363793425746,46.87534533205779,144372.26,-0.185070276683158,-0.37099509732429015,0.01173317996283164
2018-07-19,7387.87,7443.94,7459.14,7365.69,71820.0,-0.85%,0.01047717339652614,0.005885755410426561,90.20951370605674,0.3575628890835211,0.034198586981019324,47.48999999999069,144562.01,0.11850547518747395,-0.4927724324787941,0.010597450688705025
2018-07-20,7399.61,7390.57,7411.45,7327.35,90140.0,0.16%,0.01038853144673325,0.005871049260748572,86.18373102639661,0.37830084369515987,0.03584202296610798,103.23716683929206,144851.73,0.04308037902917369,-0.3920029191077705,0.010471011323674886
2018-07-23,7376.8,7388.5,7408.16,7368.52,87350.0,-0.31%,0.006199698028631914,0.0018030965768327642,77.48624182695856,0.42694341702166705,0.03264894163562483,94.17999999999302,145188.14,0.042080397751790226,-0.15332354219614075,0.010094782723882255
2018-07-24,7447.02,7362.98,7447.02,7362.98,92350.0,0.95%,0.014802875718080335,0.009225462855185794,83.73419526570966,0.440025075743552,0.04247876061969026,153.09084207917272,145578.06,-0.04335331866964044,-0.2669807406644509,0.010207248000346053
2018-07-25,7514.0,7438.85,7620.39,7438.85,153690.0,0.90%,0.02114292758831229,0.015081624414678316,82.58482004443897,0.3458781577627228,0.05185502486851817,143.59908132862,146017.87,-0.46641464989850867,-0.40650112878710676,0.009060268243149804
2018-07-26,7665.85,7557.86,7665.85,7557.86,165590.0,2.02%,0.036956225994482714,0.02989233574064634,91.28230924387702,0.4597542490376187,0.07025482224431215,141.72810229415555,146355.44,-0.25664263556240074,-0.2119933545665056,0.008898378241445671
2018-07-27,7701.38,7661.66,7701.38,7586.34,137030.0,0.46%,0.036606615787824044,0.028975098454698932,92.56253233225677,0.4599008573781821,0.07073956772117936,166.59813069726758,146954.72,-0.3232668642321895,0.13061211080087265,0.008282424120605996
2018-07-30,7773.32,7693.45,7773.32,7683.1,99190.0,0.93%,0.040885463219534235,0.032262756219640296,100.0,0.4967808834134541,0.07379498308493725,101.91999999999825,147462.41999999998,-0.3772129649701936,0.033649801869209295,0.008383310952236826
2018-07-31,7672.0,7730.09,7742.85,7623.77,158110.0,-1.30%,0.024005125364548154,0.015140956661851038,92.74814623951448,0.42056972928692943,0.04986589304285944,272.20211458937746,148007.78,-0.3057346453491235,-0.4495028269534149,0.00916046440282186
2018-08-01,7838.22,7664.99,7838.22,7655.3,141750.0,2.17%,0.04134971958973506,0.03084100695405811,92.74814623951448,0.43244874400614014,0.06972097688796083,38.779999999998836,148412.44,-0.0627826000938803,-0.46286403148724764,0.009936429265047321
2018-08-02,7759.55,7824.52,7824.52,7746.09,95530.0,-1.00%,0.027384544702000083,0.016349911895639894,87.61507259390339,0.4401774437456482,0.058984489617665295,277.9592721132014,148902.24,0.11777874709880255,-0.5806190541374878,0.009442769036511823
2018-08-03,7819.39,7763.49,7819.39,7709.86,102640.0,0.77%,0.030920613861859864,0.01944014550362272,93.63830328655042,0.4837920309611909,0.06715115287245729,2.6000000000058208,149428.22,-0.034572749265505,-0.3932773137254828,0.009178396712182806
2018-08-06,7817.31,7809.38,7843.59,7784.05,81450.0,-0.03%,0.026435494776067204,0.015067406182533712,91.94141811686193,0.4895883879142564,0.06686728489836026,281.4255982764594,150060.9,-0.03128275738583825,-0.4000414432222583,0.009184790570149757
2018-08-07,7725.85,7813.38,7814.89,7725.85,87590.0,-1.17%,0.011821811355610735,0.0012867641953695844,89.47208461334343,0.40346185199828344,0.05438528253734297,4.5899999999965075,150691.59,0.028650294294794626,-0.677018433653545,0.00982967039429247
2018-08-08,7851.46,7737.49,7851.46,7737.49,130490.0,1.63%,0.023832321675799604,0.013784262702767978,90.70070768118194,0.4187377101331811,0.07152790572307856,31.743478841454614,151184.15,0.04421000524412137,-0.7276281767126478,0.009976793718652214
2018-08-09,7820.71,7856.7,7879.27,7751.42,148340.0,-0.39%,0.015838139756172716,0.0071779598298686055,88.61677199437503,0.39719297811087384,0.062166405449967335,20.580000000016298,151701.88,0.11617250737896223,-0.8213904620067929,0.010110880363488573
2018-08-10,7804.98,7804.02,7840.63,7781.82,101340.0,-0.20%,0.009783474957823024,0.0033224900810968436,91.42277918740756,0.35765578168387757,0.060030042184007024,58.47305217884382,152172.01,0.23687931538894327,-0.8129429022785613,0.01013944251648575
2018-08-13,7635.27,7782.11,7782.11,7634.6,80860.0,-2.17%,-0.013888559602189161,-0.01690814058461415,72.95555850412039,0.30904411401795556,0.026404618993527234,43.75,152577.81,-0.11257333160622038,-0.5801767826421509,0.011449600910874663
2018-08-14,7527.78,7623.11,7623.11,7508.83,79680.0,-1.41%,-0.027894699412164953,-0.027156965298271545,45.1082254535503,0.26153395198819357,0.002523695435906768,125.08618139316216,152843.64,-0.021944270587364933,-0.849286464937173,0.01199035454883376
2018-08-15,7540.92,7520.99,7566.62,7513.44,56100.0,0.17%,-0.025074398729168477,-0.022040181648849935,19.45884921557187,0.2347823837606908,0.004273635173522392,51.410078778381674,152989.74,0.058029167423769304,-0.7426889016283145,0.011829263025605517
2018-08-16,7517.36,7534.57,7541.92,7478.94,77970.0,-0.31%,-0.026465966329497895,-0.02141510372216767,7.791764034530438,0.2594422110479085,0.005137091619935455,28.705134269577385,153079.29,0.013744406811019355,-0.6415661394332726,0.01166915000160467
2018-08-17,7583.52,7529.96,7617.49,7529.96,97380.0,0.88%,-0.01617060645890173,-0.010428859943929187,14.794400660019946,0.23881926019895908,0.013983265008142978,103.19808499360771,153208.78,-0.06480232119157754,-0.7321570200619938,0.011801148026721752
2018-08-20,7500.53,7592.17,7606.81,7500.53,44870.0,-1.09%,-0.025388506058638648,-0.017709600346440302,13.704527098477177,0.2463868486865778,0.0028867727244770176,42.886970433234296,153392.69,-0.013765838753306812,-0.8870578583560875,0.012082157254476903
2018-08-22,7632.26,7551.65,7632.26,7529.64,75660.0,1.76%,-0.00637223189177231,0.0006544313767248841,23.271634235089493,0.24044062765681262,0.020500231316202648,49.68425303856766,153516.42,-0.0014779059679746083,-1.0063668107978894,0.012510406952884374
2018-08-23,7804.03,7623.77,7804.03,7623.77,125260.0,2.25%,0.015570075004621922,0.02098279663932955,41.63232000266448,0.3164138537889675,0.043467389763790075,138.70888435857205,153701.66000000003,0.05101979502022856,-1.1078560982500156,0.013288215738377757
2018-08-24,7766.47,7775.52,7783.29,7718.17,135060.0,-0.48%,0.011179645944863767,0.014616092208754336,63.775718365681655,0.27233476823785124,0.038445287701198386,78.93000000000757,153991.69,0.19461415402014415,-0.9093277408591667,0.012643816576823013
2018-08-28,7844.61,7769.81,7861.6,7769.81,127190.0,1.01%,0.021094083765860902,0.021904982906177286,81.45696467081316,0.24582799453382775,0.04889329236496082,125.01162542352631,154092.31,0.14218162247860197,-1.0029284169565782,0.012789446283970362
2018-08-29,7830.96,7803.04,7831.34,7773.07,164560.0,-0.17%,0.018322164619528448,0.017504009469256253,83.69928142615669,0.2681564546851855,0.04706816741409885,36.320000000006985,154235.54,0.2658761053255404,-0.8869623607708812,0.012648291955320239
2018-08-30,7853.16,7818.27,7875.16,7818.27,155650.0,0.28%,0.021192882651127766,0.017513451470577143,90.91749306821862,0.29942667511640575,0.050036502499017275,71.71752538603288,154293.18,0.16537563782845946,-0.7498179244730792,0.012249653321477804
2018-08-31,7855.71,7838.06,7855.71,7776.85,180130.0,0.03%,0.021192494983173292,0.014941532334546401,92.16714915711673,0.3119458250216705,0.0503774599074201,87.19999999998254,154474.34,0.18312144209179287,-0.43986487545387165,0.011266680735341005
2018-09-03,7832.22,7879.0,7879.0,7820.92,152400.0,-0.30%,0.017881490613118032,0.009480163620162782,92.29191524474153,0.29012889426272137,0.047236640486486146,69.7099999999773,154491.83000000002,0.13787695888386486,-0.28618553833814264,0.011038514757923988
2018-09-04,7881.82,7842.68,7881.82,7828.38,92540.0,0.63%,0.02198851825044323,0.01261553145506313,94.46595499528071,0.28686180252149934,0.05386859635188946,114.02804266493585,154564.5,0.15168039891088994,-0.24559428551847962,0.010995478230566607
2018-09-05,7752.27,7859.76,7861.4,7699.02,123860.0,-1.64%,0.0031049252910277624,-0.00471087843347552,85.38359234035214,0.2580998669366324,0.036546622917151474,79.94999999999709,154626.93,0.1771144294502249,-0.5307783923260123,0.011627648954085433
2018-09-06,7638.71,7715.14,7715.14,7552.24,124870.0,-1.46%,-0.012481712913308084,-0.01778456728197543,69.1669976171566,0.2957675131240396,0.02136265299628028,14.90999999998894,154561.89,0.16004435789260396,-0.5899235645448804,0.011796569454448229
2018-09-07,7598.64,7597.42,7620.88,7526.73,115470.0,-0.52%,-0.018398631196095132,-0.02064300451371648,44.410687896646444,0.26693862242612654,0.013080408984431845,102.04999999998836,154474.75,0.2997496821128797,-0.20248361910142743,0.011150967946056259
2018-09-10,7596.15,7591.51,7605.57,7466.27,115000.0,-0.03%,-0.018834637265501337,-0.018519718531219358,32.21433465247778,0.31002175852123925,0.017395566996639446,97.30230925518538,154221.93,0.2516148814856012,-0.21001756636304147,0.011140195434171732
2018-09-11,7518.01,7582.81,7582.81,7492.4,79840.0,-1.03%,-0.02908426196499024,-0.024853630031547842,23.145667578651572,0.3071092062600077,0.006929832433062263,59.541696633034185,153997.37,0.3264583791852682,-0.3182351029079302,0.011316515508044937
2018-09-12,7449.2,7505.2,7534.23,7449.2,91630.0,-0.92%,-0.03634345561658645,-0.02884066322313537,14.568643965828386,0.30042238618060557,0.0,125.19123561027665,153710.40000000002,0.5814019470829809,-0.21812725962585322,0.01046761994023099
2018-09-13,7517.37,7473.4,7517.37,7452.81,89730.0,0.92%,-0.024941979130089914,-0.01631507982674115,9.40281542996237,0.3633234471147464,0.009151318262363754,27.110000000000582,153524.33000000002,0.43220992347438975,-0.33561045125204414,0.010247690320390072
2018-09-14,7413.15,7508.34,7517.63,7413.15,91030.0,-1.39%,-0.0353021946612249,-0.024908259687282535,5.252492564683433,0.3166004596368946,0.0,37.520000000004075,153513.91999999998,0.48825417252682435,-0.4824716129364055,0.010691016468740397
2018-09-17,7413.56,7424.88,7433.69,7399.19,55310.0,0.01%,-0.03136780987341864,-0.020199806165599375,6.244971275082758,0.3080107115072856,0.001942104473597894,24.245948717023158,153386.15000000002,0.44476155632419506,-0.49912291515896756,0.01067826627371636
2018-09-18,7286.34,7411.77,7418.54,7273.98,99720.0,-1.72%,-0.04312643407318006,-0.03074014143720231,1.6702886603862197,0.2610494126477664,0.0016992073115406673,13.550000000017462,153282.35,0.5512668383652958,-0.3862077316215746,0.01104185123592005
2018-09-19,7221.23,7285.57,7337.68,7203.36,103640.0,-0.89%,-0.04602206684294835,-0.032649774810750154,2.548257393497476,0.24080393655214852,0.002480786743963913,20.542043885370312,152985.16999999998,0.5507070402877479,-0.34893715565415473,0.010964540405763975
2018-09-20,7134.73,7256.53,7259.76,7134.73,93250.0,-1.20%,-0.0509929370452642,-0.036755449713973674,1.5557786830981506,0.16604777274341834,0.0,4.330000000001746,152705.87,0.7114667094154901,0.18763133842959467,0.010174715465374587
2018-09-21,7383.0,7184.57,7383.0,7180.0,200290.0,3.48%,-0.013760710689211132,-0.000807072416730085,11.955170498181994,0.19221547960284757,0.03479739247315602,305.4007451584696,152208.34,1.4600065987635902,2.7333813256740083,0.012020325528974907
2018-09-24,7433.61,7361.58,7433.61,7361.58,69750.0,0.69%,-0.002735157365697502,0.0069945521880627045,24.787230618149398,0.1995304218383215,0.041890863424404304,80.8300000000163,151787.31,1.2772938248735217,2.1686928035243964,0.012194321050923822
2018-09-25,7332.17,7426.66,7426.66,7331.75,58960.0,-1.36%,-0.012368107372363274,-0.0045565958181666335,36.126341476565585,0.1441939015947741,0.027673086437748944,87.24068779107805,151454.45,1.5081656156039451,2.866108273835251,0.012100030487874351
2018-09-26,7268.21,7342.61,7342.61,7205.04,140450.0,-0.87%,-0.017481036373451827,-0.010449598753145932,34.20132182264029,0.06790075409438166,0.018708486515957926,98.75,150942.01,1.5720104106664747,2.94645380824195,0.012153189596181125
2018-09-27,7320.59,7272.44,7320.59,7215.67,81300.0,0.72%,-0.007736283601898131,-0.001924237820026061,33.64933674947275,0.09155874151900717,0.026050039735210806,271.6152027199083,150379.26,1.4856186982356738,2.5604043848895186,0.012314259784879301
2018-09-28,7276.82,7313.67,7375.52,7276.82,106380.0,-0.60%,-0.010610190603895446,-0.006069670179615975,32.88051095919914,-0.04259051513575457,0.019915259582352823,68.56999999999243,149846.69,1.5700093571832183,2.758431544782776,0.012293656126319987
2018-10-01,7222.08,7256.54,7261.4,7176.2,65290.00000000001,-0.75%,-0.015222641875501498,-0.011155403817877814,31.016605860986587,0.004657064473084967,0.012242930005760606,151.3040472314936,149267.8,1.6147570559678617,2.828315829194441,0.012320679217019332
2018-10-02,7132.36,7237.41,7237.41,7093.92,104530.0,-1.24%,-0.024446041931227368,-0.0198367613102193,20.882643016935656,-0.06554145262220995,0.005418724767124467,99.81999999997788,148657.66,1.8463897505660245,3.575695239659056,0.012208054327097963
2018-10-03,7210.87,7129.4,7210.87,7095.26,58030.0,1.10%,-0.01074525971516353,-0.007224496044796895,19.51283311655717,-0.015996086479291738,0.016485948530572635,200.24438404313128,147908.2,1.5837643133985926,2.518371735556002,0.012385735147105828
2018-10-04,7093.34,7190.83,7194.06,7093.34,62010.0,-1.63%,-0.02380984913728062,-0.019881929045308427,12.224556103624309,-0.05357646427880871,0.0,73.09335717283776,147366.8,1.553003755982046,2.440428914015249,0.01246885287205281
2018-10-05,7078.2,7093.92,7102.33,7072.28,61390.0,-0.21%,-0.0226715604690832,-0.018571917825630484,9.74660566712298,-0.10885149269788845,0.0008370709304495966,45.76675321671675,146821.43,1.515514234428879,2.3651411041781625,0.012466958439008096
2018-10-08,7050.82,7079.88,7123.29,7050.82,57950.0,-0.39%,-0.02418542551688679,-0.01889347022549825,0.5461304993588807,-0.20125948147168377,0.0,133.1700000000128,146300.99,1.566415640101643,2.4928061321884547,0.012445138262062037
2018-10-09,7059.38,7063.91,7066.11,7016.48,61610.0,0.12%,-0.021435068138220607,-0.014664182670319595,3.9743183544640464,-0.15797786904777295,0.0061141769092195155,112.82101240771163,145755.65999999997,1.4569126797250522,2.3010178113960826,0.01238766775864134
2018-10-10,7001.14,7092.8,7092.8,6960.43,89020.0,-0.82%,-0.028222852496649093,-0.018906464360306734,6.296018279045346,-0.1254264010330388,0.005848776584205291,168.74284255712544,145297.03,1.455820635691497,2.3149023900864254,0.012365964845295964
2018-10-11,6884.38,6934.76,6934.76,6790.58,99350.0,-1.67%,-0.039682069172831694,-0.02946393550266963,11.158414538421539,-0.1587381414987476,0.013813253065275748,93.42185450953401,144848.97,1.6507341156182143,2.965616373134382,0.012376120102473435
2018-10-12,7004.77,6872.89,7004.77,6847.86,89660.0,1.75%,-0.018695627853788595,-0.009436590405762774,18.95470578447768,-0.05607385149985875,0.03154222467005771,34.94000000000233,144215.97999999998,1.302530641715743,1.4783999297986758,0.013069244061943187
2018-10-15,6926.51,7035.97,7063.38,6926.51,74530.0,-1.12%,-0.025704246189595905,-0.016577859642081853,23.83296897697683,-0.09220999127555299,0.02001743591858137,112.46627786618096,143807.59999999998,1.3856181641095004,1.5654923904032634,0.013183103806232095
2018-10-16,6987.02,6936.17,6987.02,6894.29,84980.0,0.87%,-0.014408310149052547,-0.005685993110549317,30.164883245176128,0.002145075578982183,0.028928309511116947,43.729999999995925,143320.55,1.238319452092105,1.1975690511332182,0.01302191571742479
2018-10-17,7099.68,7015.55,7140.08,7015.55,102670.0,1.61%,0.0037176590673871604,0.010144927438039809,36.55474635575164,0.06579846509140172,0.04551893947203337,120.2811466633751,143021.23,0.9586931899451151,0.37215247207120505,0.013517201952653532
2018-10-18,7141.25,7095.89,7141.25,7060.84,49170.0,0.59%,0.010978665571867462,0.014753052719028346,53.63555049216908,0.15041891808864682,0.051640655142859676,134.0399999999936,142899.68,0.8332586694408519,0.28916071209337213,0.013325210940654916
2018-10-19,7151.52,7122.5,7162.68,7086.57,90840.0,0.14%,0.013155471435088198,0.014524360608553454,69.36721479469306,0.0760183971414101,0.053153044364398994,127.52000000000407,142906.2,0.2540511922705678,-1.0882496736649514,0.010557774952989925
2018-10-22,7236.16,7144.98,7251.08,7124.7,81830.0,1.18%,0.024070750944351352,0.023096576549315795,84.00622039330732,0.0709815414863011,0.06561736994483533,77.29563845478592,142674.72,0.24180736747428858,-1.1849682794434895,0.01082159937964213
2018-10-23,7197.62,7262.71,7265.11,7159.72,68100.0,-0.53%,0.018752971713483235,0.01513017237801295,87.7718246951152,0.0947182246516933,0.059941860636352116,52.44191548751192,142477.27000000002,0.22976821216948146,-1.0867558795710792,0.01047598734330916
2018-10-24,7129.42,7185.83,7186.32,7129.42,80340.0,-0.95%,0.008731971693781806,0.004297250073079404,84.64764673068633,0.05444913916444788,0.04989853591298536,41.05999999999767,142342.72,0.2316468479436548,-1.0982619288460247,0.010506954218208122
2018-10-25,6966.84,7086.17,7086.17,6941.1,111610.0,-2.28%,-0.013160622527039784,-0.016742093149829378,64.7756727709524,-0.04244015237097793,0.0259565456853465,81.45635835995236,142203.93,0.18683541459793457,-0.8915920072270231,0.01139227640169579
2018-10-26,7064.33,6987.8,7065.38,6979.07,61140.0,1.40%,0.0005118865934472188,-0.0030688486753211266,55.412724169178006,0.06316289532109169,0.04031319857803015,124.11941584297809,141850.18,0.046490577634580046,-1.1068158911060801,0.011925982180068203
2018-10-29,7109.03,7054.65,7109.03,7046.11,52860.0,0.63%,0.006337230447786089,0.0023280871476108775,53.980429758568185,0.09469990918615731,0.04689584689378519,43.529999999984284,141637.69,-0.11048396896989902,-1.1138820082408607,0.011954634410229805
2018-10-30,7016.06,7093.75,7097.39,7016.06,48500.0,-1.31%,-0.00697318767635792,-0.009882888485122943,57.43788590816183,0.09828789552514684,0.03320482197396989,55.205931408140145,141524.64,-0.11003530395563207,-1.1245932233489189,0.011989212878990982
2018-10-31,7140.29,7032.63,7140.29,7032.63,155340.0,1.77%,0.008001976394189762,0.006229349531558626,61.570026084191134,0.15372134355499584,0.042703852006320264,40.279999999998836,141408.34,-0.05056008755668742,-1.1452650131088487,0.012420878043796558
2018-11-05,7213.44,7204.13,7242.99,7189.63,145070.0,1.02%,0.016190414953153476,0.014064019161483107,67.88919558138029,0.1739118338022743,0.04629193143891534,110.85999999998603,141337.76,-0.2348061253415913,-1.0081490697118232,0.012047192710541067
2018-11-06,7180.11,7213.21,7276.54,7162.17,96520.0,-0.46%,0.008920458600117141,0.007837039458347798,76.97471700911804,0.15324997982024652,0.0414574959858085,66.51410051243839,141457.86000000002,-0.2048099722337496,-1.0452568316595976,0.01209298609447066
2018-11-07,7033.93,7181.26,7185.61,6994.26,98810.0,-2.04%,-0.012085311670342295,-0.011151100419149334,62.83772327685167,0.14971835140228262,0.013373960899569222,70.81039336254808,141559.77000000002,-0.20241245239973155,-1.2039840066003824,0.012958172580264816
2018-11-08,7035.71,7025.08,7036.5,6946.83,111660.0,0.03%,-0.011200743336568102,-0.009336076145365158,43.55063332635063,0.18169278676433218,0.013630404402760322,57.09663498380693,141542.88,-0.19119092494670503,-1.2052587083509088,0.01295505911057299
2018-11-09,6968.82,7039.39,7039.39,6941.99,87360.0,-0.95%,-0.018903238107190433,-0.01604664845599865,21.380872883377005,0.17908694657929583,0.0039936033193585085,69.64393416142448,141519.21,-0.18151973063280538,-1.2268844165807324,0.012999719625744637
2018-11-12,6926.2,6967.65,6967.65,6917.54,120850.0,-0.61%,-0.02268903734767373,-0.018796791927973296,12.960258409193656,0.11680263337262321,0.0012518901227892942,100.2373064689515,141486.89,-0.21542432810738024,-1.0649163918664037,0.012497880536435921
2018-11-13,6843.83,6912.14,6913.51,6820.22,156950.0,-1.19%,-0.03047802477960415,-0.02599204162246408,5.283343307865465,0.02365991522383941,0.0034617651630005587,61.69000000001688,141528.71000000002,-0.07066200259449501,-1.0898646466061535,0.012101258642378857
2018-11-14,6923.08,6867.33,6932.4,6861.09,95920.0,1.16%,-0.01651904611100695,-0.012165921810659569,10.042485375718973,0.09988695318837323,0.015081624932920003,54.29965176924679,141367.77000000002,-0.2663707630613543,-1.0485579950798025,0.012172959399403068
2018-11-15,6952.59,6912.19,6971.63,6898.55,85200.0,0.43%,-0.010551540616417306,-0.0063147885396639975,18.907784011220176,0.07663423191741983,0.019408464829580262,55.731521991648805,141364.34000000003,-0.23572902839378654,-0.9988295645496796,0.01204530581456374
2018-11-16,7083.34,7009.08,7121.85,7009.08,167720.0,1.88%,0.006863588015769121,0.011281499060552593,36.40354721832633,0.08280548593916218,0.038579400664494674,39.29651203394922,141329.91,-0.18411481414100908,-0.9756724832355892,0.012249526590780088
2018-11-19,7270.26,7105.81,7270.26,7099.68,169190.0,2.64%,0.031277138068156095,0.03334125846893959,61.764405095839216,0.1355819543507537,0.0659861412095211,23.378002946094806,141313.57,0.026267187227757508,-0.8985971733108831,0.013560322057500055
2018-11-20,7302.94,7234.81,7311.54,7171.8,111950.0,0.45%,0.03388148115189909,0.0330297268983567,84.8448921334203,0.15034669795679922,0.070777775496978,15.10000000000582,141442.58,-0.007568984203721689,-0.9127571716047163,0.013582932678540313
2018-11-21,7265.45,7262.24,7267.13,7202.94,97650.0,-0.51%,0.025986587249000027,0.02382917908714788,95.83084483139693,0.1633728890766108,0.06528088536733412,70.31220225183743,141594.0,0.1542102950225596,-0.8069314190010042,0.013408268436196516
2018-11-22,7268.38,7260.81,7278.88,7228.35,74860.0,0.04%,0.02507593578922846,0.020656862949375247,93.36142093408233,0.19237706421489642,0.0657104902774397,89.65704850555198,141623.29,0.09441068703550201,-0.7767195686439643,0.013343073690266239
2018-11-23,7340.18,7277.92,7348.14,7264.37,90000.0,0.99%,0.033882047374299944,0.02594470257717861,93.4422817676104,0.2631420665473893,0.07623800991756864,20.225715609403142,141694.05,-0.08693322083849261,-0.7449086725934277,0.013277561314482504
2018-11-26,7397.87,7352.29,7428.29,7332.43,100660.0,0.79%,0.03972992166250501,0.028292799562872412,94.901661127647,0.3156080753300426,0.08469668133872509,32.970000000015716,141904.81,-0.05602149032834284,-0.6523853789241438,0.01203018096325238
2018-11-27,7413.63,7399.89,7413.63,7349.72,100040.0,0.21%,0.037988332699284415,0.02481502657843032,97.02619188160759,0.32857946908049246,0.08700745723744979,170.8764169320144,142335.84000000003,0.05206855643585328,-0.4693225329332287,0.01175274641159831
2018-11-28,7382.43,7420.26,7423.78,7350.28,151930.0,-0.42%,0.03004833614048382,0.016005516212045365,95.01482833664987,0.28249775604923444,0.08243282474758878,48.75999999999476,142685.14,0.17708521419525539,-0.4908198498289633,0.011807280965800271
2018-11-29,7367.85,7409.35,7482.35,7367.85,355130.0,-0.20%,0.02394200085111859,0.010276802204319452,90.91817394954198,0.12964842518633482,0.08029506379559605,183.2630650421647,142958.54,0.1745114065468044,-0.24597969624152638,0.01131401464431378
2018-12-03,7532.9,7468.62,7539.67,7468.62,230770.0,2.24%,0.04061257057964413,0.026577278440555168,91.40814396434773,0.13783226634733253,0.10449516291263322,29.630000000004657,143310.33000000002,0.24392110231920638,-0.29850673103462366,0.011688420586250903
2018-12-04,7703.92,7537.41,7703.92,7522.97,221220.0,2.27%,0.0552817372018266,0.041087072370511575,93.9221089135586,0.22090753420164733,0.12284199740857502,65.79686696114939,143702.94,0.2611333547566093,-0.5872116261776603,0.012418354707928009
2018-12-05,7630.9,7579.96,7634.09,7550.96,182160.0,-0.95%,0.03809017045913889,0.02511371195884061,96.66412107585752,0.2975974894243384,0.10615999014285603,127.5,144193.42,0.26434946245270713,-0.674903277725162,0.012628539680009291
2018-12-06,7535.32,7633.92,7637.18,7535.32,127130.0,-1.25%,0.019315936548658996,0.008941017734980641,88.88959364211087,0.2702161464069937,0.07507975369092659,178.3656129072843,144644.21000000002,0.4973126141783548,-0.8488569978508216,0.0119659482881966
2018-12-07,7461.06,7529.95,7538.19,7449.95,90970.0,-0.99%,0.005600584328434002,-0.0022228051208386473,75.49204741323935,0.20911427094492566,0.05090088567372052,97.1108241184737,145145.6,0.5140432506502194,-0.9326982461993238,0.012319273581538443
2018-12-10,7348.21,7445.51,7445.51,7348.21,66090.0,-1.51%,-0.010351988782411312,-0.016063527470980277,56.231692964001326,0.2011000589610433,0.02459772999804789,247.25,145570.95,0.4336967988567317,-0.9416006505548071,0.012678538850224989
2018-12-11,7451.08,7386.11,7451.08,7379.05,85730.0,1.40%,0.0020743679248963133,-0.0027520944970244876,47.49685906194831,0.2633439138789888,0.034449821878288635,113.99671649885912,145950.34000000003,0.23960857213992834,-1.0755171545989546,0.012737599462440108
2018-12-12,7488.24,7455.98,7488.24,7425.66,145920.0,0.50%,0.004921206913558053,0.001281794205236677,45.77710745173547,0.34563938995575505,0.03595426342111262,223.09391905525254,146475.22000000003,0.17334965828751972,-0.9385747014941064,0.012195255828092269
2018-12-13,7522.92,7514.35,7556.24,7513.56,115610.0,0.46%,0.007117946468093134,0.004641010960314139,54.333515963958256,0.2941743008993131,0.035591524110143095,247.94649050502485,147119.63,0.2562135123726449,-0.8426937491933497,0.012083804630006585
2018-12-14,7524.37,7506.4,7559.27,7503.09,132790.0,0.02%,0.005541009176151028,0.003858353481853316,55.04574577081208,0.26329703992187237,0.026176860876953423,190.8275143084458,147719.47,0.3037755853060752,-0.8467426097894508,0.012117488326659504
2018-12-17,7520.4,7501.27,7538.14,7490.56,109720.0,-0.05%,0.0038363616376038277,0.002659980455265127,52.965513786913256,0.2596746272778917,0.023432917676549744,222.562446419524,148291.25,0.48536503356255406,-0.49045841101410437,0.011638283995433261
2018-12-18,7420.4,7478.36,7482.21,7397.23,115230.0,-1.33%,-0.009575746019639637,-0.009417728834386938,40.12321379105013,0.18295391600560623,0.009824161258319999,49.517772375206,148728.31,0.4477330697174693,-0.41139015935725354,0.01080519004304649
2018-12-19,7579.62,7412.28,7579.62,7406.53,100880.0,2.15%,0.009777499997859058,0.010264248439010285,44.585945479932086,0.18471111213386207,0.031492023227425434,63.30999999999767,148878.45,0.4110117894406206,-0.7748352550906548,0.011714907339276598
2018-12-20,7563.41,7514.07,7584.44,7498.19,99260.0,-0.21%,0.005746335463311889,0.007080254688350721,48.616382258956214,0.16914036576263572,0.02928604381203039,105.58320026218438,149155.13,0.3892724733244904,-0.7443450917957466,0.011638814668315468
2018-12-21,7479.71,7536.87,7548.13,7452.24,127300.0,-1.11%,-0.00488094790095105,-0.0033481642754533483,54.17428054688744,0.13021715569153075,0.017895514689972115,42.029999999998836,149453.09,0.4313950915847758,-0.8557484235651747,0.012002451372173616
2018-12-26,7450.01,7436.73,7453.22,7378.88,49090.0,-0.40%,-0.006434920860218487,-0.006133390682970098,44.23186939843768,0.12182669916470677,0.013853714033757906,68.72553525280851,149664.41999999998,0.5987393446990675,-0.6650451166029248,0.011892764670914392
2018-12-27,7482.66,7465.04,7514.33,7447.22,72000.0,0.44%,-0.0006693859936060623,-0.0015006479550811502,39.57473616746619,0.1109130639444193,0.01829697300430987,48.790991404929564,149774.25,0.6468292089603015,-0.5672822340155985,0.01180940873541847
2018-12-28,7466.02,7497.16,7507.29,7466.02,84870.0,-0.22%,-0.0022320944889135026,-0.003337164503163776,43.87559338529187,0.04212882758284442,0.01603247593631652,38.08271519345496,149859.04,0.7008257275694216,-0.5254254396457401,0.01182053702198084
2019-01-02,7489.2,7496.57,7540.26,7465.76,52920.0,0.31%,0.0005969294635507408,-0.00035805102375822907,52.02718971795787,0.04352028466041136,0.019186985674062088,22.102226115586074,149911.43,0.6159153564597224,-0.5793802104523853,0.011782937844883528
2019-01-03,7680.6,7507.48,7680.6,7490.28,149810.0,2.56%,0.022924193083167815,0.021628338475765233,69.8514159928884,0.26131308764009564,0.04088967431371702,66.35970998298068,150018.2,0.5072533330014205,-0.9203054089054628,0.012990088076720146
2019-01-04,7761.11,7657.18,7801.5,7657.18,165430.0,1.05%,0.030607139405248986,0.027732500018822562,83.37543685077078,0.21908190404874586,0.0518005442560388,30.04999999998836,150330.95,0.5263989184029634,-0.6929046980755724,0.012265823370576261
2019-01-07,7787.66,7800.88,7900.7,7787.66,178610.0,0.34%,0.03120410101043164,0.026589262804063103,89.59343627467712,0.04564577198308226,0.05539865128583196,95.48267657265583,150559.16,0.5908246564106984,-0.25139025104463286,0.011231001398373143
2019-01-08,7702.12,7820.26,7826.08,7702.12,130540.0,-1.10%,0.01815163054403531,0.01264136028881683,76.9083469079734,-0.08907102594564326,0.043806106075718776,61.16519433113655,150642.9,0.5796706381343414,-0.28283260407348676,0.011306910330921693
2019-01-09,7919.67,7775.21,7919.67,7765.91,172180.0,2.82%,0.04301673176542552,0.03480657718410767,80.09402986981463,0.04604229493849726,0.07328890021249837,129.66551536775572,150714.12,0.5841903269959025,-0.417544286714548,0.012447940558154331
2019-01-10,7985.23,7931.87,7992.33,7898.63,183790.0,0.83%,0.0470724121646846,0.03629227904058962,86.92911445322183,0.1400318621302731,0.08217371742052987,198.7100000000064,151098.46999999997,0.4609688831350709,-0.391310479249388,0.012152689589339355
2019-01-11,7904.09,7965.44,7965.44,7855.69,142710.0,-1.02%,0.03175864566809615,0.0208542833822175,94.81946368897222,0.15598687722022672,0.07117746866733163,325.45999999999185,151622.63999999998,0.5671216695436427,-0.358517737318671,0.011798449785486149
2019-01-14,8024.14,7886.4,8024.14,7818.95,135680.0,1.52%,0.043106020179277504,0.029915106219052152,94.81946368897222,0.17309427939803082,0.08744687540656579,55.07118568483995,152178.52,0.5571761100794376,-0.40370963656064296,0.0118558361977652
2019-01-15,8013.42,8009.08,8027.92,7976.43,143930.0,-0.13%,0.03737774356876519,0.022921969683882364,94.46057027621214,0.13950472304997033,0.0859940804024459,309.2018722453039,152751.58,0.6275674275220304,-0.38145418219548866,0.011906093420912544
2019-01-16,7864.7,7983.46,7990.65,7848.7,130160.0,-1.86%,0.014513598603454279,0.0015509851013085522,90.87267348699618,0.12418489898596591,0.06583926015872324,182.5400000000227,153276.76,0.5039892267607303,-0.4767289308291853,0.012875917693738895
2019-01-17,7927.2,7866.42,7937.98,7865.13,216710.0,0.79%,0.018099435434998944,0.006519188735540572,85.09114544612595,0.19226695864605464,0.06445089577050223,98.93655184408483,153618.54,0.4105678325795111,-0.5696271833546498,0.012925702758672948
2019-01-18,8047.12,7932.11,8057.57,7919.5,174370.0,1.51%,0.028176834505953458,0.017253300655927045,85.24724523254741,0.23326624159947917,0.07787016994920808,89.26147599014658,154021.37,0.2493930183800268,-0.7993279779390674,0.013191887886635905
2019-01-21,8007.46,8055.48,8067.08,7964.06,109110.0,-0.49%,0.018078764390123358,0.009163332248613425,90.32493082341894,0.24725569656907118,0.07255791774715499,178.1706465723234,154548.09000000003,0.28198215329870147,-0.6837199233217506,0.012757540338091298
2019-01-22,8008.67,8023.84,8029.8,7979.14,121800.0,0.02%,0.013451569099652599,0.00688949882377734,92.73093875333218,0.2147375170141853,0.06920836070213668,87.12306711969977,155135.15000000002,0.43633660986560485,-0.2618617507004748,0.012085376822846276
2019-01-23,7989.65,7941.05,7989.65,7901.64,110830.0,-0.24%,0.008228245616818189,0.003030685451065859,87.02287083834976,0.23641674415864122,0.04341937893584836,125.11999999999534,155564.2,0.4382195024052988,-0.26451690468211764,0.012090599958526436
2019-01-24,8064.9,8000.65,8068.48,8000.65,107880.0,0.94%,0.014944982755789142,0.01010287163345117,90.00209519599854,0.2954678502705282,0.047101317559321294,192.4228253921712,155990.44,0.3114442000939459,-0.15982322954733297,0.01171467686527006
2019-01-25,8053.2,8075.66,8116.23,8038.94,78770.0,-0.15%,0.01105921116526287,0.0068374875235694445,88.30408411958986,0.2566548999033963,0.045582255275170985,138.9064574099527,156575.63,0.2954312550410406,-0.10853624212296253,0.011639575904655426
2019-01-28,8053.92,8071.12,8143.61,8042.2,108780.0,0.01%,0.00796963295491631,0.005439045661501314,86.685288659448,0.2206692460708504,0.037086445761024815,190.32670299534456,157178.82,0.3476897620657493,-0.11477192675875969,0.011671000500058164
2019-01-29,8050.82,8086.93,8087.39,8014.94,126730.0,-0.04%,0.0064017417995093865,0.0040396230112775405,77.48412596190462,0.24782462490230503,0.029654876933603604,252.13999999999942,157750.08000000002,0.33205919890256175,-0.08663380991800995,0.011628631283230037
2019-01-30,7979.95,8038.77,8046.95,7912.16,125350.0,-0.88%,-0.0024104101429744383,-0.004473339571958853,65.75443737063007,0.24867924916182316,0.020591000070341925,208.4168425728333,158334.88,0.39417292102879103,-0.26961773588516813,0.011968212599818813
2019-01-31,8007.48,7999.41,8099.23,7999.41,139250.0,0.34%,0.0001078572248683494,-0.001175919567890348,59.69321751986695,0.15451043178491247,0.02411193318795999,106.49374145977615,158825.63,0.3784535483323061,0.2490865765468171,0.010759000127893813
2019-02-01,8144.16,8038.65,8165.66,8038.65,110510.0,1.71%,0.016090788338034956,0.013554484067321184,66.95904375308425,0.15769410729467948,0.037644450673359926,139.06843845630493,159152.50999999998,0.35916739124279873,-0.042154305945961035,0.011122448818435679
2019-02-04,8069.48,8131.55,8148.88,8068.74,48070.0,-0.92%,0.00627075878933665,0.0033565318012222733,73.64742254232512,0.21577756839500062,0.028129499152725897,82.07885041542117,159535.56,0.44461893297975935,-0.19567327358929054,0.011418190000093335
2019-02-06,8058.45,8091.45,8213.71,8058.45,91050.0,-0.14%,0.0031640780399076855,0.0013333798337400225,72.7771929028334,0.23440339809167068,0.024579377581807258,67.55999999999767,159817.38,0.4401862449833778,0.010806832032359992,0.01104611752280331
2019-02-07,8100.3,8093.17,8127.08,8087.73,86740.0,0.52%,0.00682413262738694,0.005413106817480541,62.924521172553135,0.16078390873840698,0.025141616170820214,103.02852271051925,160173.71,-0.05118641222387554,-0.42638682776840486,0.009256411622361632
2019-02-08,8070.89,8091.7,8096.47,8035.84,111940.0,-0.36%,0.002956967700766559,0.0013402667018247959,57.78423777746614,0.10835370831730602,0.02141960403156813,47.63390322290735,160354.34,0.1145290351895023,-0.32551611609581554,0.00915752745150434
2019-02-11,8061.54,8088.34,8105.58,8061.54,98240.0,-0.12%,0.0013143955098155224,-5.8711554268385584e-05,56.37730850984306,0.07612070997958807,0.02023630537458042,39.40540152084335,160440.0,0.06807632548018366,-0.04020175754667621,0.008817026520889771
2019-02-12,8009.92,8076.6,8083.53,7984.42,102270.0,-0.64%,-0.005108297359012433,-0.005786802979754249,46.723491524337625,-0.0019076850352958486,0.013703484339959772,36.34999999999127,160597.45,0.17718004679297847,0.32533682074455106,0.008297959568208247
2019-02-13,7920.24,8040.34,8040.43,7889.46,99560.0,-1.12%,-0.01564105011085685,-0.014785318855318039,31.80950771041735,-0.05495715368729568,0.003901407700907254,22.129999999990105,160583.22999999998,0.216425132900181,-0.019016438389431123,0.008662894993141363
2019-02-14,7991.25,7960.19,7996.21,7920.62,94510.0,0.90%,-0.006165853554537817,-0.005047289353156309,25.194154350423755,0.025028729867474266,0.01290202371264953,20.596118566368872,160490.05,0.5122513436677703,-0.4759998581796423,0.00779393435577971
2019-02-15,7908.89,7965.17,7999.84,7908.89,157770.0,-1.03%,-0.01514605573077483,-0.013140050463779274,15.625803135440828,-0.11514152228931537,0.002462779455121173,109.01056187361306,160616.59999999998,0.6454586747405021,-0.3118191325404882,0.007982772746228942
2019-02-18,7910.58,7924.6,7964.05,7910.58,95640.0,0.02%,-0.013678090234623868,-0.010955565493499696,14.632742225649013,-0.2340610773450696,0.0026769892996478706,97.35287902628872,160598.28999999998,0.7026613628411663,0.2926325522925204,0.007138841644429811
2019-02-19,7833.75,7923.36,7938.79,7830.63,143590.0,-0.97%,-0.021365634521100296,-0.01750634131583804,4.440077954907163,-0.28503024048734676,0.000398435374931505,23.699387682738305,160461.75,0.655693604198973,0.10716814696988175,0.007360066192182298
2019-02-20,7939.24,7849.08,7944.59,7848.47,116090.0,1.35%,-0.007826831891155493,-0.0031835412945486366,11.893241423979388,-0.24725871786377623,0.013869892971574404,103.39660487438347,160288.04,0.5646912200718878,-0.47000154878058176,0.008046549541041396
2019-02-21,7931.3,7946.66,7946.66,7892.58,106100.0,-0.10%,-0.008144618860617958,-0.0030026173880190587,18.481779262817206,-0.278051776546927,0.012855926023832063,123.5640422083522,160218.61000000002,0.5416345506215993,-0.47471560834245174,0.008034694866523253
2019-02-22,7962.13,7940.29,7962.13,7894.56,75850.0,0.39%,-0.0026674907549534633,0.0014485255644846075,29.65264000556898,-0.2920107053100253,0.016793029424197033,84.89072747688205,160160.26,0.6098851799769802,-0.16740721553866678,0.007772176791188676
2019-02-26,7988.16,7996.15,7996.15,7945.03,121760.0,0.33%,0.0013215546640135652,0.004642723317061412,33.909366189829896,-0.2244324521478861,0.020117155324667332,107.0095309577817,160057.49,0.5131977856325274,-0.29767731887851356,0.00781691252527055
2019-02-27,7889.12,7962.1,7972.69,7877.63,103090.0,-1.24%,-0.00959160510596969,-0.0063385983129538425,31.726377455817218,-0.22248702710438384,0.007469386243507838,101.69159594354035,159992.44999999998,0.5011347387273971,-0.4689491890334594,0.008263716322856619
2019-02-28,7705.49,7919.99,7919.99,7705.49,199670.0,-2.33%,-0.029207766203964106,-0.0252105879307871,20.284032949882832,-0.3043149357108601,0.0,83.73000000001048,159827.65,0.016949151065394033,-0.13945583151395757,0.0096439551664417
2019-03-01,7641.77,7711.7,7754.45,7587.99,148720.0,-0.83%,-0.033503358556762675,-0.028428061754269218,10.04020116138397,-0.3248647587671668,0.007087515929778592,133.75260937352868,159482.32,0.01247927165187558,-0.12099950760332723,0.009625294663117965
2019-03-04,7675.47,7631.9,7698.44,7595.92,93140.0,0.44%,-0.02584352750511274,-0.020303740426627043,9.347977479081042,-0.25538348879577377,0.011528744766400652,90.8799999999901,159144.14,0.0033886733385820956,-0.15324734440158094,0.009656870669349057
2019-03-05,7670.62,7700.38,7734.71,7667.14,112940.0,-0.06%,-0.023455275766107002,-0.017436718816449162,15.435709185679338,-0.334134174294827,0.010889576818103359,76.71211179247024,158812.13,-0.27922350251697514,0.04148058555625589,0.008559151372825279
2019-03-06,7821.34,7674.56,7821.34,7674.56,174820.0,1.96%,-0.003370829162082015,0.0024435241945979635,30.858547281979963,-0.2208473099245441,0.0307525444814767,50.64999999999418,158338.59,0.03498445361319028,0.17800395429133742,0.009794618965783427
2019-03-07,7881.79,7806.5,7881.79,7795.21,147490.0,0.77%,0.0053335629259022525,0.009604718382424724,48.75294153218207,-0.11582137938593366,0.038719081074171185,81.17954168080826,158090.45,-0.06465092500143829,-0.04826211709647721,0.010010634871897746
2019-03-08,7797.11,7868.5,7884.46,7797.11,79710.0,-1.07%,-0.004453620485286183,-0.0005105023690761577,59.743479785076794,-0.1364688401304634,0.027559340484107107,20.830000000001746,157913.78999999998,0.1202598873591667,-0.13618575054177695,0.01012036647900645
2019-03-11,7708.72,7815.28,7823.8,7708.72,131470.0,-1.13%,-0.013924034325234785,-0.009754622071461425,50.71684940158334,-0.1973609543491006,0.015910669360397218,136.04515242535786,157610.59999999998,0.1862989898406283,-0.30874898042661947,0.01033582898384011
2019-03-12,7747.54,7728.22,7773.61,7728.22,92160.0,0.50%,-0.008177044947046403,-0.0035726846390997553,39.967986410558034,-0.1625852229312573,0.021026648690891814,38.14999999999418,157248.43,0.10660950189445377,-0.44181073002334736,0.01046204761445404
2019-03-13,7766.15,7725.62,7766.15,7724.79,88020.0,0.24%,-0.004218553704933642,-0.00040332210813538586,37.43956618319621,-0.10576683221211743,0.023479208591471505,88.63966289388667,156934.43,-0.014680291871416383,-0.4381674681236003,0.0104492691401127
2019-03-14,7750.42,7741.78,7763.97,7718.77,113340.0,-0.20%,-0.0045864519356441326,-0.0015947118929627796,40.84509342741415,-0.061604887543133056,0.02140619584369514,32.080000000001746,156690.65999999997,-0.107760961157151,-0.21586924348546654,0.010199251698564426
2019-03-15,7798.28,7748.07,7798.28,7701.74,351320.0,0.62%,0.003068117650928409,0.004361004373024994,44.988893244479335,0.045845928022003726,0.027713531514933464,24.937862457561764,156520.84,-0.10223470105057812,-0.12058965242411501,0.01007357606865774
2019-03-18,7873.02,7794.58,7873.02,7760.51,86080.0,0.96%,0.013754101563146727,0.012273115274063006,55.13621013569108,0.14159823123002288,0.037563307279002825,8.929999999993015,156327.87,-0.3001890577871639,-0.06350470674288422,0.010106242121565282
2019-03-19,7843.41,7863.7,7878.8,7843.41,101670.0,-0.38%,0.01036619696537925,0.007132982799124388,67.5155656604951,0.138937327670993,0.033661088114243704,44.79999999998836,156292.0,-0.2394886815548468,-0.1199895388401182,0.010137153175236812
2019-03-20,7858.2,7848.16,7875.62,7823.6,90480.0,0.19%,0.010851036773121294,0.007389090088637043,80.72255918424327,0.2070399631317901,0.03561022088853571,22.370000000009895,156224.83000000002,-0.3913721014748446,0.18962180353855818,0.00990409300535912
2019-03-21,7954.72,7875.78,7954.72,7869.31,138210.0,1.23%,0.0203330762178164,0.016619531705271286,89.35872589423367,0.21895813347617163,0.0472358845274832,43.56872043590098,156249.28,-0.414989165914948,0.22715717295501525,0.009823893489402078
2019-03-22,8013.42,7956.67,8032.4,7951.06,171640.0,0.74%,0.024689650813437575,0.02034466928366359,95.31538140528848,0.23091955605745398,0.04516416812527223,31.34000000001106,156264.76,-0.5081896684881718,0.1582071615735785,0.009950426882086453
2019-03-25,7863.02,7994.34,7994.34,7808.32,89760.0,-1.88%,0.0036939329380762925,0.0004693601880117549,82.48989914959294,0.1868922804302844,0.024556456656798568,30.430357787583418,156346.88,-0.3837709390656049,-0.3960080944122142,0.010804902209446842
2019-03-26,7907.03,7875.3,7910.69,7869.43,78580.0,0.56%,0.008523741598134717,0.004825530932759392,69.85153950524528,0.18265317297644937,0.02665501561984694,94.89048898598558,156247.77000000002,-0.403356657552976,-0.42732605345687347,0.010860834455656911
2019-03-27,7861.05,7915.91,7915.91,7840.64,86100.0,-0.58%,0.002848587993904656,-0.001370370458197064,54.31010527367122,0.19890954225664093,0.020684936131315834,34.93539939212148,156166.64,-0.46193082268553226,-0.17215945432839508,0.01057580219985033
2019-03-28,7876.4,7897.72,7898.47,7856.09,90610.0,0.20%,0.004081354650615268,-5.855607726170123e-05,54.361983104498144,0.28714035729367304,0.02267799224590805,60.60782896017809,156138.57,-0.26457049955899575,-0.09072092385604602,0.009065855479295544
2019-03-29,7920.93,7891.09,7920.93,7887.47,133110.0,0.57%,0.007810614922225182,0.004293442066045647,55.763221032682246,0.3647586060741373,0.02845980259006413,42.293302531812174,156309.47999999998,-0.45630847592384816,0.2631565501372446,0.008837252362478624
2019-04-01,7840.31,7923.16,7923.83,7809.61,93680.0,-1.02%,-0.0032873146810626737,-0.005605051751789337,53.67245307365082,0.32603387091018393,0.01799203816280485,51.25999999999476,156588.64,-0.28010908244953875,-0.20169295634641937,0.009207605877931074
2019-04-02,7879.21,7854.35,7893.5,7854.35,96440.0,0.50%,0.0006306274107755356,-0.0008916673932687632,53.95572491380893,0.3805475143210233,0.023042844863628252,75.96906233404955,156753.48,-0.3663691069338427,-0.19582570483027473,0.009237027588109506
2019-04-03,7895.06,7880.48,7895.06,7860.51,76710.0,0.20%,0.0013297209760178544,0.0007659593598730219,51.34780943164196,0.3545374982419829,0.025100821372832715,7.510000000009313,156962.07,-0.7944037264766008,-0.24771995806279445,0.008183181198406851
2019-04-04,7854.13,7892.62,7897.61,7835.74,132570.0,-0.52%,-0.00436517921827359,-0.003909710759937936,48.85645872282345,0.2701318960915245,0.012063640147361434,81.23000000001048,157035.79,-0.6326900683877871,-0.39048279172269806,0.008091809369418024
2019-04-05,7873.18,7866.41,7886.63,7866.41,99700.0,0.24%,-0.0019517372634770002,-0.001233881353335352,40.61431693850154,0.28780002572709346,0.008306524322773732,96.48771339522477,157008.13,-0.8524608620838163,0.22037190863665623,0.007710760380486247
2019-04-08,7915.63,7879.47,7955.27,7879.47,136680.0,0.54%,0.0027737186515636057,0.003691908334800044,37.08906971460198,0.34050685246422474,0.013743033072415117,42.411838028436534,157084.2,-1.1295710726284156,1.1842258410188764,0.007251265154241371
2019-04-10,8008.53,7976.44,8008.53,7953.14,177900.0,1.17%,0.013164336792315247,0.013504520423487341,55.39390693799853,0.4072708760949597,0.02564059874595304,21.94999999999709,157291.11,-0.9930605123161642,0.8682706252255135,0.007577932932518754
2019-04-11,7955.8,7990.71,7999.52,7955.8,107650.0,-0.66%,0.00648360754249135,0.0059601306415453656,67.68416041889819,0.32421801103020476,0.018887545592393817,122.10024090409635,157552.1,-0.7987659893242974,0.3126875948604497,0.007796458633292217
2019-04-12,7880.82,7970.96,7979.53,7880.82,96390.0,-0.94%,-0.001806007539959464,-0.0031217931079033333,63.79177064902998,0.26825703112008575,0.009284967829187328,49.39000000001397,157741.75,-0.6831398936208122,-0.17362996962200228,0.008127873305718382
2019-04-15,7787.98,7887.78,7914.75,7787.98,115450.0,-1.18%,-0.01289508244273793,-0.01308283510527479,34.0092525007496,0.08480046137196903,0.0,46.074987585188886,157872.15,-0.4633627405073176,-0.6382284878346889,0.008494001051497061
2019-04-16,7826.46,7800.06,7859.72,7799.13,168560.0,0.49%,-0.007293738854522744,-0.007145323293581322,17.88642276248503,0.03678260468647176,0.004940947460060308,35.885623265717896,157861.85,-0.48716779955432865,-0.536669004316888,0.008278053512517133
2019-04-17,7835.15,7832.71,7860.74,7823.86,133850.0,0.11%,-0.0059582459708279155,-0.005221575328850036,12.944910451144962,0.057778856630291815,0.006056769534590494,12.262512509605417,157815.29,-0.5803270053270806,-0.42934827399564446,0.008241326457937388
2019-04-22,7832.43,7840.23,7858.84,7818.04,86810.0,-0.03%,-0.005907223947428892,-0.004729827289394251,19.662963802614875,0.03386760078945669,0.005707513373172598,20.479950936374323,157807.03,-0.5417983123754536,-0.4457277037794878,0.008229262857550983
2019-04-23,7818.93,7827.03,7834.78,7769.72,93640.0,-0.17%,-0.006702139185627579,-0.005433515943413125,20.71598010403706,-0.005272984770231725,0.006333561569786303,45.93348067548355,157781.26,-0.6087054365155583,-0.31524609168499973,0.007695846677015697
2019-04-24,7846.99,7799.06,7846.99,7799.06,171810.0,0.36%,-0.003197886222975485,-0.001446031751398915,24.372255436809724,0.030151718060284733,0.009945017323661537,80.18724553821282,157645.47,-0.6320242742403953,-0.20855025695356533,0.007527816847376522
2019-04-25,7894.45,7848.45,7894.45,7831.62,137320.0,0.60%,0.0026922979919172356,0.004213684519988202,35.064137459347016,0.10486658947357975,0.016053345551705796,89.17193760991891,157479.03999999998,-0.4089332821602115,-0.7781227946165221,0.006411083307868572
2019-04-26,7868.28,7892.9,7899.57,7839.52,108070.0,-0.33%,-0.0003887521057407391,0.0009691538270938729,41.9524587189257,0.07401591426535559,0.012685141806911895,63.94999999998254,157510.47,-0.2509189366397019,-0.7847126037672192,0.0063267702162240515
2019-04-29,7897.02,7861.22,7897.02,7846.33,,0.37%,0.0028721449651743416,0.004187923590089196,48.93569504347949,,0.016384116802149906,25.199999999982538,157471.72,-0.443711501655434,-0.5848434508500824,0.006240223341115604
2019-04-30,7952.72,7891.57,7952.72,7888.87,109870.0,0.71%,0.009217540166127677,0.00992973801096396,57.069078625964956,,0.023552972307882395,10.770000000018626,157507.69,-0.4673031208278296,-0.7018216706303799,0.006415379336075604
2019-05-02,8001.57,7952.52,8040.78,7946.79,135020.0,0.61%,0.014626319876261552,0.0140473766292226,71.82350010782291,,0.029840200161653115,28.1832469526961,157584.01,-0.4656592722002568,-0.7153540167106174,0.0064369403195397995
2019-05-03,7967.98,8004.27,8077.51,7967.98,174130.0,-0.42%,0.01073821441237,0.008397402719309856,75.52619113379764,,0.025517007047872936,15.089999999996508,157664.65,-0.4413606394429189,-0.5048828968277483,0.00604019834027214
2019-05-06,7862.3,7972.86,7974.36,7851.16,125470.0,-1.33%,-0.0018216594657554032,-0.004623883456346961,60.00918882177035,,0.011915487301987706,29.14924586612521,157792.32,-0.4106732530459626,-0.6538346963419333,0.00671981894955
2019-05-07,7910.63,7871.51,7922.05,7861.34,84470.0,0.61%,0.004042777120345642,0.0009206097403998991,46.75807097913073,,0.018135788677069425,46.044293207896466,157775.41,-0.4414892806679668,-0.7408931961476881,0.006850119633661086
2019-05-08,7926.69,7902.64,7926.69,7754.95,148320.0,0.20%,0.004817568742213141,0.0021426259202107405,43.034323979162046,,0.022145855227951153,56.267265358468606,157790.97999999998,-0.5996841377022902,-0.5043283393876568,0.006745203837896857
2019-05-09,7755.62,7857.75,7864.02,7755.62,173410.0,-2.16%,-0.01623690912339472,-0.017280826251508802,33.07724509924694,,8.639643066687378e-05,70.42464052787459,157863.54,-0.8753289003947017,0.1486699802792142,0.008330798368976733
2019-05-10,7742.2,7755.94,7841.65,7719.43,120810.0,-0.17%,-0.017111420692884637,-0.01663166985506267,19.93647834748282,,0.002949699653989935,45.060000000012224,157745.97999999998,-0.8042383041554548,0.17062952550142851,0.008207155515869754
2019-05-14,7646.66,7718.31,7718.31,7577.72,187690.0,-1.23%,-0.027602358898972293,-0.02496334045980618,6.786806965330375,,0.009097723325749645,91.96663979890464,157572.55,-0.7772734628018736,-0.24545105553125746,0.007992060058524705
2019-05-15,7576.71,7671.16,7711.19,7576.71,119560.0,-0.91%,-0.034373110488483224,-0.029145423433199244,6.717569200780105,,0.0,127.65715876493145,157210.68,-0.7270010755486586,-0.39411370299920456,0.008084766569476915
2019-05-16,7475.16,7559.95,7586.12,7475.16,184190.0,-1.34%,-0.04407963646391398,-0.036043459530141944,4.597931131075054,,0.0,145.5899999999965,156831.59,-0.6877709379552066,-0.5975327739837297,0.008312257738227741
2019-05-17,7583.82,7482.47,7636.91,7482.47,138640.0,1.45%,-0.02742468078370669,-0.0180460880412273,6.013115298414561,,0.014536143707960747,159.62646362303894,156425.93,-0.5785611756377488,-0.20059349698707418,0.008849091497807653
2019-05-20,7660.14,7586.95,7660.14,7533.95,86380.0,1.01%,-0.01576057537856824,-0.005803649549855214,16.249688719183236,,0.02474595861493272,35.05302102653077,156221.77,-0.529693043888857,-0.3292515834218115,0.009109242248878251
2019-05-21,7721.56,7662.48,7740.88,7639.59,99520.0,0.80%,-0.006268582736982048,0.0032311598405813037,29.885171965357966,,0.0329625051503915,67.05751871409903,156055.45,-0.5593614569029718,-0.4407268057982785,0.009323265815279454
2019-05-22,7815.07,7731.03,7838.55,7725.43,115020.0,1.21%,0.007040012753332824,0.014593095338996602,42.68227221161567,,0.045471936386645886,70.31492545120659,155941.86,-0.5633937053505367,-0.5771110207630543,0.009753469890957914
2019-05-23,7804.03,7807.5,7821.89,7764.11,84810.0,-0.14%,0.0074491530870347995,0.012395865103655845,50.644973852411404,,0.04399504492211537,86.68893823421402,155924.5,-0.5686176661304068,-0.570912374782635,0.009750935346001372
2019-05-24,7747.09,7770.63,7770.63,7664.52,88450.0,-0.73%,0.0021397483527320783,0.0049959182765768875,55.16720962333071,,0.03637781666211831,88.11444420013821,155909.6,-0.40710815010206786,-0.7546350068403322,0.009840508910886761
2019-05-27,7725.01,7718.8,7742.45,7693.94,72060.0,-0.29%,0.000552778096184213,0.002227589642461784,54.801689521560064,,0.033424033733057266,47.41939496470537,155809.7,-0.29876813406514907,-0.7271215673284086,0.009724857294064079
2019-05-28,7761.29,7728.39,7784.66,7702.9,361830.0,0.47%,0.006642607237932324,0.006228703303832907,57.72541108628112,,0.03827744155309052,41.55999999999767,155640.26,-0.4072238570805681,-0.72371743505777,0.009790955133653908
2019-05-29,7797.75,7778.48,7816.38,7778.48,99810.0,0.47%,0.012581054206248287,0.009425776384562655,67.2203176928048,0.006198191374033943,0.04315492912526289,98.78836438371094,155533.27000000002,-0.41611054869276803,-0.7368012637639403,0.009817813445041105
2019-05-30,7836.55,7810.56,7908.5,7809.11,164210.0,0.50%,0.01685613826434045,0.012078245458599568,76.57442534524023,-0.0602846457698606,0.04834545347524338,41.68258184807225,155434.0,-0.4088813562707385,-0.7005658737551044,0.009743438139061582
2019-05-31,7970.02,7872.77,7970.02,7872.77,153170.0,1.70%,0.031995860928224276,0.024668559703969507,88.7847620522881,-0.012872828918892866,0.06620058968637468,57.8329097484265,155317.83000000002,-0.24462093674982777,-0.7584085593942662,0.010425701552503006
2019-06-03,8084.88,7963.33,8139.74,7951.87,171650.0,1.44%,0.04264258687527563,0.0330258995487096,91.71385721473075,0.07545368434534941,0.0815661470791261,28.102197534879963,155286.28,-0.3476690569027718,-0.8471446637024331,0.010866145838399717
2019-06-04,7945.37,8075.78,8083.37,7945.37,108160.0,-1.73%,0.021183217424688983,0.011905082465286598,87.49937303760777,0.07397860217858537,0.06290300140732774,17.0,155403.18,-0.3850986436803424,-0.8640895405477309,0.011170230101643395
2019-06-06,7959.86,7980.39,7980.39,7937.73,123650.0,0.18%,0.018513434121384988,0.010673177009424203,78.37679023297648,0.055790157163259704,0.0638011244949862,100.07000000000698,155486.25,-0.33937444591149846,-0.8413678086976217,0.011098531350586225
2019-06-07,7983.98,7955.8,7983.98,7921.8,62250.0,0.30%,0.017877001364142026,0.010846928871923386,72.55777599538997,0.0258601166247651,0.05973360587739496,50.83999999999651,155535.48,-0.3517395110265856,-0.8427039172182682,0.0111086577981749
2019-06-10,8045.39,7981.59,8055.05,7967.24,92980.0,0.77%,0.02212030452499763,0.015166572620575153,76.0186768445791,0.11998819392786979,0.05311803382118676,69.33173189417883,155592.77000000002,-0.3411991429908399,-0.8653673932871264,0.00992252296904503
2019-06-11,8030.98,8045.98,8108.26,8030.98,109440.0,-0.18%,0.01743278971600696,0.010632875965552534,77.5125122620353,0.10768374269238525,0.047812517939805635,158.6154431099152,155882.53999999998,-0.34026998835125777,-0.8667372795221366,0.009923696000612348
2019-06-13,8051.76,8032.22,8051.76,7953.28,116880.0,0.26%,0.017885219202925396,0.01056229607897884,79.91196218845728,0.1578756919212032,0.05052371185671115,60.95500619889824,156171.32,-0.4638589805970558,-0.46960989745830073,0.009342251562031558
2019-06-14,7990.2,8058.21,8058.21,7944.82,99290.0,-0.76%,0.008407724754311483,0.001496638651008171,75.71089881177842,0.19852668623682085,0.0424918977313647,95.76921714284698,156576.41999999998,-0.4657203457125042,-0.41118810785657,0.009248173377463118
2019-06-17,7908.99,7991.78,7991.78,7908.99,61310.0,-1.02%,-0.0032960960385729006,-0.00844049018130425,66.08601975959357,0.25964905518518816,0.02795056888928172,115.52999999999884,156989.91,-0.41210844569352373,-0.3939993626472966,0.00897565511435512
2019-06-18,7922.04,7898.44,7935.14,7875.5,76220.0,0.16%,-0.003419024295829274,-0.006586773784991449,55.64546997517173,0.2663044894112745,0.02844902569162268,156.9645794434451,157423.74,-0.3827281464280286,-0.17600506749927236,0.00854582314665455
2019-06-19,8017.01,7941.49,8017.01,7937.96,86840.0,1.20%,0.006215978909994734,0.004184134109689508,54.810392917891555,0.26644825628945423,0.03066537421192838,19.920000000012806,157761.96,-0.3659116908674612,-0.23977774094861148,0.008649018966156365
2019-06-20,8022.42,7984.8,8022.42,7952.86,113300.0,0.07%,0.004871009027958846,0.003940681893072046,60.23609488982066,0.2868067514326806,0.027315532755973523,109.4512791154067,158118.83000000002,-0.2629849597013741,-0.17783982187679692,0.008549458714264609
2019-06-21,8055.47,8032.86,8055.47,7999.02,226000.0,0.41%,0.0070383201398503265,0.006868051859616429,66.32604005910618,0.33813483813301504,0.023206571511678837,30.808630582956706,158419.69,-0.24590964430572332,0.0936451748181586,0.008230302572595475
2019-06-24,8060.58,8067.58,8103.91,8060.58,104360.0,0.06%,0.006862931328841239,0.0064766865256797364,67.66442262898231,0.2806073682548151,0.02350073011237381,37.90757787756755,158660.09000000003,-0.2841982405372081,0.14579329017703513,0.008204230966073785
2019-06-25,8034.09,8074.15,8100.08,8034.09,108340.0,-0.33%,0.004008992740573922,0.002694074971322489,68.87053349728386,0.21566187011267962,0.020137134150212704,19.94000000000233,158916.64,-0.31872650520476414,0.39412581464883756,0.008021035080945375
2019-06-26,8013.57,8025.04,8051.59,7983.14,117900.0,-0.26%,0.0008353528759280177,-5.92768840485378e-05,65.8318521192794,0.19876859914878595,0.017531585296171635,78.14902814494589,159203.64,-0.3235372613490781,0.4100946783164776,0.008012172831694439
2019-06-27,8057.64,8003.37,8057.64,8003.22,108040.0,0.55%,0.005462318346095258,0.004591447713974305,68.56848255714038,0.20028956149445026,0.02312742048123933,18.380000000004657,159492.2,-0.3342480580589411,0.38960175727939195,0.008029097673129752
2019-06-28,7999.71,8032.3,8042.22,7951.34,125840.0,-0.72%,-0.0019063388820143834,-0.0023962597909893513,63.64495617803744,0.20081117026494186,0.015771697035108886,52.95228628198973,159788.55,-0.16057805477527762,0.04390791261835414,0.00824854043893713
2019-07-01,8043.71,8011.47,8043.71,7993.66,77500.0,0.55%,0.0035984010789944865,0.00261196350010448,67.96127627885663,0.27590781785967766,0.021358643895625678,82.53895234584351,159990.51,-0.16725898716381948,0.02830303858797656,0.008261624138400933
2019-07-02,8093.6,8038.22,8093.6,8022.52,122670.0,0.62%,0.009259843989696636,0.0075122393943772145,73.70591297755992,0.2659265234868166,0.027693479779061694,50.72636099701955,160197.66999999998,-0.4813324999546545,0.23344027579660942,0.0074985473517907965
2019-07-03,8092.68,8100.35,8122.39,8092.26,104360.0,-0.01%,0.008777446269850333,0.006172963325764423,85.24001988303371,0.19369560778336,0.02757666179925088,19.739518913759213,160321.24999999997,-0.7578044396887443,0.5325808157624441,0.006779393963070494
2019-07-04,8064.92,8096.28,8112.84,8064.92,71960.0,-0.34%,0.004648692907142008,0.0020129913857090207,86.72497163105196,0.2141835724900199,0.0240518062345248,23.92357549020667,160329.05,-0.1344222677543318,-0.33194040457814245,0.005504811911693894
2019-07-05,8117.94,8072.21,8125.16,8072.21,87420.0,0.66%,0.009376761284521643,0.007093243163603517,87.26559824819431,0.2463616582278363,0.030784077201447477,59.50024537764383,160448.6,-0.1951510796460633,-0.5174690462905436,0.005653538558687755
2019-07-08,8051.52,8108.25,8108.54,8051.52,84910.0,-0.82%,-3.175874425567075e-05,-0.0012952300091143938,78.16429570841724,0.17347300069694108,0.014305942584744746,94.00270194890089,160606.68,-0.07198140979613482,-0.8043650651345833,0.005987542820722223
2019-07-09,8042.04,8045.12,8053.62,8010.69,92060.0,-0.12%,-0.0014308661409782137,-0.002310479632943365,69.98362555210458,0.15916615431236192,0.011406882361966639,35.825114531532314,160674.21999999997,0.04675200045656817,-0.5737587809306022,0.005745612802216113
2019-07-10,8078.21,8051.45,8078.21,8020.87,89540.0,0.45%,0.002564232581196381,0.001768340476687268,61.944036320115146,0.2565987995936097,0.015955801160559085,33.153756473952555,160670.87,-0.09486560227843713,-0.6645410133934777,0.0058143974178318895
2019-07-11,8154.49,8098.37,8154.49,8083.22,92550.0,0.94%,0.0111435573541224,0.009609444104359325,75.05657193265067,0.2477776607941074,0.02554915272142804,50.102483474895266,160718.09999999998,-0.07774074247780274,-0.8650465776149572,0.0061482398252340476
2019-07-12,8141.82,8159.63,8197.52,8141.82,146640.0,-0.16%,0.008846587460351156,0.006757759584662719,83.45452608599004,0.18172801571636482,0.023955710609783958,47.62679042004519,160820.83000000002,-0.09949871799639347,-0.6298655989619153,0.005859658460623999
2019-07-15,8365.29,8153.88,8365.29,8153.88,143720.0,2.74%,0.03350702285638352,0.029386104235199922,92.45809299428595,0.2689018573089078,0.05206040742818201,75.6699999999837,160972.45,1.4627969027302004,3.030746046737767,0.007812723025757303
2019-07-16,8263.57,8354.84,8419.59,8263.57,185340.0,-1.22%,0.018692378799008154,0.01404909502581591,81.35149039595882,0.15645697897311425,0.03926759514748452,212.9954978512319,161428.75,1.089112381401749,2.1557458460678145,0.008502934253468576
2019-07-17,8233.48,8286.86,8311.68,8232.1,87300.0,-0.36%,0.013413926732005643,0.008351415393994067,75.64477665064953,0.08169588079838362,0.035483327338536576,100.0969689392721,161770.28000000003,1.3678109489461923,3.149613397568044,0.008265756964213016
2019-07-18,8258.05,8241.59,8300.49,8241.59,72290.0,0.30%,0.0141347486151915,0.009159719621283318,63.00263670590112,0.01862242573722373,0.03307496190731147,144.0522815456974,161986.75,1.3223163667716484,3.05495798043553,0.008271732593110901
2019-07-19,8270.07,8280.23,8311.92,8264.56,114020.0,0.15%,0.013598280206688821,0.008539675134158592,61.92044008681566,-0.12711402787352166,0.032379233249570274,47.53752183422875,162222.38,1.381504961377387,3.213045956660003,0.008248416145999313
2019-07-22,8246.83,8163.0,8246.83,8163.0,78990.0,-0.28%,0.009395886079241647,0.0042732785129358,61.08574788438667,-0.04180287403039047,0.029478109875678667,57.8301102981966,162436.97999999998,1.413085478032555,3.1814491306466834,0.00829988910289551
2019-07-23,8251.46,8247.93,8264.89,8226.23,95450.0,0.06%,0.008562534087528864,0.00351086157380203,60.02201027145995,0.02345082666400402,0.030056087553007236,184.98689840906397,162623.22999999998,1.3832032528488767,3.2366151940590795,0.008235371198115812
2019-07-24,8161.49,8217.64,8243.83,8161.49,74750.0,-1.09%,-0.0032747055774499244,-0.007110285841754006,51.17062036357703,-0.006064774138395879,0.018824845300467276,78.15507039022371,162840.59999999998,1.1947222137939215,2.577993016567202,0.008646025281039606
2019-07-25,8272.18,8169.92,8272.18,8115.44,99250.0,1.36%,0.008885926971308541,0.00498844368274614,53.23714029510066,-0.010385834534707983,0.03264263128394691,59.53307652053396,162988.52000000002,1.0446259659118944,1.6530169506602492,0.009047957109756241
2019-07-26,8183.99,8210.52,8235.46,8177.04,77790.0,-1.07%,-0.0030203709493412108,-0.00547878485820957,47.73701801581483,-0.044358411756082114,0.021633592112539644,10.595295488720689,163203.06,0.9591966643732986,1.4458097811399444,0.009251481624502024
2019-07-29,8188.52,8190.02,8205.15,8116.06,56340.0,0.06%,-0.0037383510566878927,-0.004601483715754639,49.45955732837629,-0.06617147234439595,0.020901722631086223,136.92711671798892,163387.34,1.0538982098427827,1.6634264286039846,0.009195853681759111
2019-07-30,8150.46,8176.6,8176.6,8120.72,122550.0,-0.46%,-0.00899118216944854,-0.008122229440142677,34.80631437801258,-0.12422380219476949,0.008318467145518715,14.055311314845724,163532.15,1.2160479483803488,1.9522426492541012,0.009188645065819321
2019-07-31,8045.8,8142.16,8142.16,8023.45,108260.0,-1.28%,-0.02079237950915123,-0.018013027020359798,22.55962913730742,-0.10683974607869925,0.0027855847546878667,54.081240417465494,163589.01,1.1126526246904145,1.5327223601287852,0.009654277934431323
2019-08-01,8098.16,8035.75,8098.16,7975.53,93570.0,0.65%,-0.014045735539856491,-0.00971311910807013,17.749158125528265,-0.02303515491221699,0.01537578066912169,89.17360876403758,163542.13,0.9471699207157628,1.1776893706780598,0.009737180766847212
2019-08-02,8129.93,8083.32,8129.93,8006.55,77490.0,0.39%,-0.00814760340795107,-0.004471212340124274,22.67588613643413,-0.01616968444981673,0.019359214998877886,118.27221355838464,163575.37,0.9988030733930319,1.3511068181518082,0.009664337306636793
2019-08-05,7890.02,8102.0,8102.0,7890.02,128730.0,-2.95%,-0.03427299282989288,-0.02898651625577586,20.795237880766916,-0.037337714198670977,0.0,113.77744240401796,163587.36,-0.018022306990652416,1.3649872570704806,0.011609298070933536
2019-08-06,7766.75,7832.69,7832.69,7720.02,168650.0,-1.56%,-0.04546608129960822,-0.03778975019567299,14.221663599124776,-0.06965331970094105,0.006053093126701687,133.87307363604276,163425.86,0.07127024977436355,0.8583764451925577,0.012064759728100265
2019-08-07,7917.39,7792.31,7917.39,7792.31,99010.0,1.94%,-0.024033782662348138,-0.015561016016842098,13.746691445627073,-0.06488125362555183,0.025565995943015677,172.83915076406262,163150.57,0.10979591109094816,0.2992975249839178,0.01289686299475663
2019-08-08,7914.16,7931.91,7959.34,7910.46,140300.0,-0.04%,-0.021365139589288394,-0.012718549388440066,25.466724286349535,-0.16095013371744463,0.025147603244551103,116.80716664985022,162989.75,0.2060410059220536,0.544861109663,0.012666078261538139
2019-08-09,7854.39,7918.54,7941.96,7854.39,104300.0,-0.76%,-0.025377776320256017,-0.01637008238980889,30.94686525360794,-0.14425666473647408,0.01740539532281003,32.23520609291454,162749.41999999998,0.2689107051262081,0.4884795972722942,0.012740255073485711
2019-08-13,7788.45,7849.43,7850.87,7622.27,235490.0,-0.84%,-0.029577607812769663,-0.02020316735945628,28.355043456945452,-0.15488532375376216,0.02180190415716045,210.33594044024454,162461.99,-0.11987802658162003,0.5689331567905378,0.010793970496127757
2019-08-14,7858.65,7775.84,7892.43,7751.19,149690.0,0.90%,-0.01818464137370678,-0.008591734588837918,28.758740568575323,-0.036808202595608776,0.031011758964192976,33.37778312317609,161885.15000000002,-0.3063214347235513,0.5201428719796528,0.010938362160302533
2019-08-15,7828.86,7719.02,7828.86,7624.2,198030.0,-0.38%,-0.018021596098679163,-0.009428304304265837,31.877303247511502,0.08797796991737566,0.027103474424285578,68.01501999622471,161480.23,-0.304172473382031,0.5181255329739618,0.010939268467355476
2019-08-16,7795.98,7802.56,7885.94,7777.07,167320.0,-0.42%,-0.01873457216343587,-0.010641642564858703,33.28807768170439,0.052132632673024155,0.022789798839453222,163.25000000001455,161075.61,-0.21536874000361705,0.5706444358512268,0.010868840024963392
2019-08-19,7938.35,7813.92,7938.35,7765.15,214010.0,1.83%,0.0014376807519733384,0.007536347595967995,40.17107657318154,0.17112459719885176,0.04146796164397219,148.08119499470556,160613.53999999998,-0.08296006635467063,0.09998111136169197,0.01182436904859876
2019-08-20,7886.91,7917.59,7917.59,7845.15,123610.0,-0.65%,-0.0026831343518152325,0.001686363955363535,45.90842658334842,0.14440670014214826,0.03471931589933175,32.90000000000873,160281.82,-0.03741397617312239,0.053598190189216854,0.011866358057862132
2019-08-22,7848.83,7842.09,7848.83,7755.42,267970.0,-0.48%,-0.005729534587627958,-0.002148017220461729,50.85051890331346,0.22342943144528632,0.02972342884731182,178.75157196680755,159921.9,0.03121784592569516,0.05725139508834998,0.01186246077386086
2019-08-23,7889.41,7806.05,7889.41,7747.39,159380.0,0.52%,0.001302352465929899,0.00309012886346165,49.38440122968972,0.30052155578952516,0.035047302181633475,41.43687903770384,159519.27000000002,-0.14383529229780032,0.1254628261499251,0.011802593251345266
2019-08-27,7747.38,7832.42,7832.42,7723.94,282700.0,-1.80%,-0.013301823516338686,-0.012762816017425207,41.109793650515904,0.19467590714261965,0.016413745511507684,140.44017131310477,159247.19,0.009140252613733359,0.09996437403388247,0.011774897333196237
2019-08-28,7847.5,7762.58,7847.5,7734.42,180190.0,1.29%,-0.00016390158951779915,6.879218330481179e-05,48.507011600796396,0.2660097885576702,0.029548940145127312,237.84192526812117,158722.38999999998,-0.15275543958921795,-0.11282725399396654,0.01216349625064788
2019-08-29,7892.81,7851.26,7892.81,7800.97,132330.0,0.58%,0.004456632530390436,0.005091158219393578,57.72048711881566,0.29036602734947076,0.0354933635255639,8.160000000003492,158385.9,-0.2006479134804898,-0.19478497745911616,0.012277253717214586
2019-08-30,7979.66,7918.44,7986.26,7903.01,235790.0,1.10%,0.014934859519289974,0.014052566832651152,81.7563239386567,0.3386170164195126,0.04688760697272589,56.0192236111585,158090.19,-0.3211668276711427,-0.33818850444656556,0.012578978249597125
2019-09-02,7918.53,7954.15,7956.68,7918.53,88800.0,-0.77%,0.00711973604349224,0.005325307777821023,86.61378979362162,0.3340854623534698,0.038867686397884,44.87635899338455,157919.39,-0.36282541546982705,-0.17065823426700533,0.012373615144190891
2019-09-03,7804.71,7914.92,7920.91,7804.71,105550.0,-1.44%,-0.006908274341989769,-0.008153984615670228,76.56712180737557,0.271765377968596,0.023935126937250924,103.05991326437695,157792.12,-0.16601532277387362,-0.4066320452479646,0.012610028199966252
2019-09-04,7840.86,7838.77,7852.16,7794.58,101240.0,0.46%,-0.0027834696785311503,-0.003253526330325407,63.78517079861933,0.2649300904835297,0.028417407728023904,49.429999999993015,157498.66999999998,-0.17186455216604826,-0.41793883877887117,0.01262784557448351
2019-09-05,7898.19,7861.83,7916.96,7854.16,230760.0,0.73%,0.0041471883156591295,0.003431554386971146,61.87948962944949,0.3223926371551342,0.03593688518139605,65.91863648467023,157209.59999999998,0.12748096340553167,-0.9573057685488906,0.010935789531801318
2019-09-06,7933.47,7915.62,7969.34,7915.62,104930.0,0.45%,0.0076752868899197,0.006755770792659606,71.79731236286752,0.3266376224340165,0.0271273469239793,63.60635500091619,157217.77000000002,0.04645571740913322,-0.8003030174984644,0.010320024929162012
2019-09-09,7960.12,7952.88,7961.01,7927.89,52750.0,0.34%,0.00955685524881482,0.008651548666492247,81.86203280348087,0.31626104691432694,0.03057765855250045,81.09000000001106,157384.49,-0.07127635804046564,-0.6752852261435276,0.009407425480487133
2019-09-10,7929.48,7933.22,7938.33,7893.74,77710.0,-0.38%,0.005751696943571726,0.004010589849953844,82.75515909321942,0.37407107796910216,0.026610771186725942,59.743645687217324,157427.21999999997,-0.018806225986948012,-0.7208593814356825,0.009452632605028313
2019-09-11,7967.9,7931.38,7967.9,7921.59,107450.0,0.48%,0.009883771196241776,0.007450511792342814,87.1302226288501,0.43955345384508476,0.031584916506342625,61.51246377767392,157442.53999999998,-0.18722971870243793,-0.5948178297949127,0.009327370774794628
2019-09-12,7944.43,7947.25,7960.24,7937.99,110120.0,-0.29%,0.00603838199186015,0.003560732187210824,85.13647453491909,0.40779159073889815,0.028546311856384267,9.521582674965181,157556.05,-0.24110227571903634,-0.40295215760796665,0.009123233524289417
2019-09-13,7992.32,7950.16,7995.13,7941.53,92760.0,0.60%,0.011161661546959084,0.007987714947932949,92.00618946642125,0.4170754137325687,0.03474651537945662,66.02999999999884,157712.03,-0.2276902599742232,-0.3153938483981875,0.009009483976154111
2019-09-16,7996.9,7981.61,7996.9,7911.69,85700.0,0.06%,0.009464877201486453,0.006993860904608005,94.33921782872692,0.3946589982493996,0.033936610631437075,43.40740776606494,157845.7,-0.30021862904151214,-0.21244069855308956,0.008942953811765839
2019-09-17,7932.23,7969.67,7969.67,7910.25,76710.0,-0.81%,0.0005370676215976442,-0.001322454571417453,88.99987033166592,0.4388202834415245,0.017659707129826063,31.65999999998894,158013.74,-0.2635889918635247,-0.38051950261534895,0.009104973839732659
2019-09-18,7915.29,7932.69,7932.69,7892.95,76240.0,-0.21%,-0.0018018433515962025,-0.0032430189000842917,75.89956504547254,0.38531375744826774,0.015486402089657177,75.32563033099366,158149.99,-0.5042734020256352,-0.41747837851687564,0.008150983428959303
2019-09-19,7911.32,7911.88,7919.85,7885.18,62610.0,-0.05%,-0.0016879420798002831,-0.0034374501756875885,61.7997891129564,0.39914482892398195,0.014977073812828886,58.04734519699971,158126.93,-0.6184371669981937,-0.1720936070047574,0.008013697715172052
2019-09-20,7871.11,7902.33,7906.25,7864.11,168890.0,-0.51%,-0.006337246016238501,-0.007609404324325295,51.72993277975487,0.26442092915310633,0.009818360963643935,48.2717044071422,158151.34000000003,-0.6136870590025367,-0.18631899764468152,0.008022269327925052
2019-09-23,7867.51,7872.12,7877.44,7823.13,88400.0,-0.05%,-0.007353836429026861,-0.007165370371149132,43.85791485435619,0.23007889443175236,0.009356501569039036,37.19028353836429,158173.62,-0.5382592496968358,-0.15690265061007436,0.007935975750653633
2019-09-24,7893.94,7865.38,7893.94,7850.27,171660.0,0.34%,-0.004495370457529678,-0.003295833417357692,38.20744621070838,0.3822697045798004,0.009051364351608563,18.28082409404564,158151.72,-0.35280934048190454,-0.22928560120833286,0.006749833937324762
2019-09-25,7896.24,7890.0,7896.24,7790.29,109750.0,0.03%,-0.004187825741048746,-0.002445419151252961,42.69210415531876,0.3631863451475706,0.013600263918287999,24.639999999984866,158298.28,-0.5525968531067824,-0.040623852231297164,0.006134358203259535
2019-09-26,7896.48,7893.67,7905.74,7865.1,92460.0,0.00%,-0.0038256270969198587,-0.0018608214749011088,47.808602204404885,0.3330452095512998,0.013631071500547425,27.14010959570439,158347.02000000002,-0.48383000807145327,0.08865280741963044,0.005998919777478534
2019-09-27,7819.22,7908.39,7908.39,7808.19,167330.0,-0.98%,-0.012318290797340105,-0.009831337954299916,38.89292225287583,0.1921063273832038,0.0037135973115250257,30.377850025861175,158350.69,-0.6062419233351565,-0.35971648707731907,0.005796882843436805
2019-09-30,7779.07,7825.2,7825.2,7775.51,156940.0,-0.51%,-0.016054539429200036,-0.012620494284046461,22.33553302391155,0.16588155304156815,0.000457847781045808,56.34968033491946,158190.25,-0.6497329240670086,-0.14942457958829136,0.005670237782897614
2019-10-01,7739.86,7785.24,7792.58,7710.55,119390.0,-0.50%,-0.018992915907087668,-0.014827364859557443,8.615324656736187,0.1965773892379686,0.003801285252024757,35.55853399161441,158050.78999999998,-0.20493328280131148,-0.8998062965051208,0.004821079635809504
2019-10-02,7610.68,7721.56,7721.56,7610.68,136650.0,-1.67%,-0.03244260442742819,-0.02666086113615337,3.947915851095876,0.10697688553130795,0.0,16.119999999995343,157985.94,-0.7249692750177279,0.4089203984855483,0.00588788263027901
2019-10-03,7545.55,7587.69,7587.69,7514.05,116770.0,-0.86%,-0.03681500135855448,-0.029690453003093666,5.586496885064438,0.06215574147879021,0.004192146711826512,162.22742863030618,157755.76,-0.6647934631538783,0.17750802078079309,0.005708411455655787
2019-10-04,7704.6,7570.43,7704.6,7570.43,137060.0,2.11%,-0.013884228916532734,-0.007035308811205102,16.115299207758326,0.1392893967672442,0.025359160505985478,138.5799999999872,157403.12,0.8963206577330605,2.352920428459557,0.007626010104697692
2019-10-07,7683.22,7697.42,7715.85,7655.46,88830.0,-0.28%,-0.014376900929856043,-0.007576177417365705,29.585106201834407,0.11160676797863997,0.022513824102847343,90.29000000000815,157174.25,1.0361681505672609,2.737076510409941,0.007545978587072069
2019-10-08,7756.72,7706.77,7792.55,7691.05,167360.0,0.96%,-0.0035002356492538924,0.002583667860009485,47.34398258131546,0.10832082322421129,0.03229549976377587,112.83299561740878,156897.34999999998,0.7875643983732408,1.6018470858866651,0.007935018272202523
2019-10-09,7681.25,7742.46,7742.46,7676.47,66040.0,-0.97%,-0.011108050957534256,-0.005410492928317132,47.53659156366746,0.03874833190192659,0.022251648578329904,12.587665896731485,156724.59,0.9502845057448341,1.7443931878085674,0.00803176510163853
2019-10-10,7765.03,7711.22,7765.03,7706.78,97200.0,1.09%,0.0006539986378786756,0.00548100800991561,55.281979578974095,0.10197367859868862,0.03340142799156241,56.50890372468453,156437.94,0.7274671927321047,0.7535595450177999,0.008510768449320923
2019-10-11,7849.94,7766.72,7874.16,7749.55,78790.0,1.09%,0.011759702011934962,0.014899116101996974,63.74110327805099,0.08720503287577762,0.044701592350330305,57.647214253043096,156258.54,0.6835042267580215,0.3815363358592374,0.008793314559952066
2019-10-14,7884.29,7854.04,7908.34,7853.92,119820.0,0.44%,0.016277276529375294,0.017138076151551166,80.903957667664,0.054685007263795875,0.049273028526560216,87.67612414155356,156116.16,0.6115422326063464,0.22083647600473055,0.008866779106793605
2019-10-15,7840.31,7887.46,7887.46,7816.08,153200.0,-0.56%,0.0111289799884337,0.010034452566838157,87.26733275853319,0.04061717824677873,0.04341999321271488,94.45131150761563,156003.55,0.6103802985182593,0.2998850742524666,0.008773611982759702
2019-10-16,7915.3,7838.83,7915.3,7814.47,169380.0,0.96%,0.020623156113964997,0.016877999489815443,92.20807763182364,0.10386116310603359,0.0533999640673139,19.105801696735323,155911.63,0.43288794027552174,-0.1373079427696764,0.009047846382548191
2019-10-17,7930.55,7913.55,7930.55,7894.58,77560.0,0.19%,0.02154207560708866,0.015788899000599595,94.2452367669186,0.12166104774288357,0.05542949541192832,19.115214266892213,155911.64,0.3908836144142955,-0.17077078181392968,0.009056500663148278
2019-10-18,7885.23,7934.09,7934.09,7885.23,122620.0,-0.57%,0.014713234447254794,0.007885520837718152,96.12259149922227,0.11993350769814742,0.04939812750780197,16.89054771042192,155930.87,0.39474285908094714,-0.18692199600970572,0.009076837283685336
2019-10-21,7891.13,7874.8,7891.95,7849.79,61590.0,0.07%,0.014062479920839957,0.006577062530566181,92.71339237532929,0.12256194359448135,0.05018332324112827,3.591035832978929,155944.99,0.37434536670182256,-0.19728715876764413,0.009076743831039282
2019-10-22,7955.24,7884.99,7955.24,7884.02,106000.0,0.81%,0.01907796951111721,0.01176855028984507,92.71339237532929,0.0979909537262715,0.05871533992986466,22.284298294157004,155968.61,0.30917700938141945,-0.38133387183377465,0.00922565489229446
2019-10-23,7933.76,7929.09,7933.76,7890.65,74330.0,-0.27%,0.012728972104069345,0.006860606437119231,94.73014236931152,0.08415607574530072,0.04799331081589816,61.607333096977484,156029.91,0.3542032822526005,-0.3886680897765906,0.009252184758956937
2019-10-24,7950.98,7927.6,7968.14,7914.58,86550.0,0.22%,0.01265222594553716,0.007053268753157989,96.30999519667121,0.07602159770679652,0.03860251376141989,47.966121135795746,156067.43,0.3180295858570627,-0.41503523274857157,0.009261545651727179
2019-10-25,7922.5,7985.52,7985.52,7917.16,170340.0,-0.36%,0.006833285782250285,0.0022466928374203247,89.5128210608787,0.0701832707193138,0.03204988751340131,18.413851903926112,156121.93,0.3133008187127768,-0.2453906104778798,0.00900337857216108
2019-10-28,7946.53,7935.01,7954.71,7912.87,87990.0,0.30%,0.008150098539184109,0.0039691515306447805,87.16811905427285,0.15638607532275864,0.035180232580860664,116.37326003627024,156225.21000000002,0.19819107352721146,-0.18827038067479673,0.00890979627152323
2019-10-29,7991.19,7947.56,7991.19,7928.73,141750.0,0.56%,0.010976488944079935,0.00776279157113786,88.99746535080614,0.23264186936135473,0.03690386906074909,22.56201522321694,156392.67,0.042338467506178035,-0.14301214019229924,0.008841534486192418
2019-10-30,8020.06,8020.77,8020.77,7965.77,104260.0,0.36%,0.012295949917871044,0.009440892841093142,95.70737945169465,0.3429718744399429,0.03490654296055903,105.20000000001164,156644.0,0.37938717260728155,-0.16001779009979522,0.007721202521707796
2019-10-31,7977.12,8020.43,8020.68,7967.54,133680.0,-0.54%,0.005722856819433792,0.0031191994654709114,92.8599042888962,0.3098180967117662,0.020813951553976102,253.95485019231336,157053.38,0.4614518988733342,-0.06824068629743385,0.007506675501460552
2019-11-04,8059.65,8002.47,8059.82,8002.47,109170.0,1.03%,0.014525773571283183,0.01132819222164866,92.83680803184843,0.3008414453726553,0.03137512844761057,83.00999999999476,157484.95,-0.15798750018111973,-1.1682405799001876,0.006439886943102776
2019-11-05,8216.68,8055.88,8216.68,8055.56,133340.0,1.95%,0.030803993551018746,0.026354370092043056,92.92406806675245,0.35706201428585316,0.05146990134967567,163.40411071941008,157840.0,0.12971790430542401,-0.5317021218522804,0.00737647621604178
2019-11-06,8025.88,8216.92,8216.92,8025.88,153710.0,-2.32%,0.005870920671581526,0.001608137981883093,82.63154923637421,0.2689400313737608,0.02243244723744204,95.39999999999418,158373.46,-0.6612014115176587,0.9674453059765957,0.00931874103838695
2019-11-07,8073.81,8083.04,8083.04,8020.91,92700.0,0.60%,0.010581873398744904,0.006003195405349018,69.66106465466372,0.3192746381509469,0.028538343063954634,58.84092336493424,158642.62,-0.8962445919234688,1.7791204316096936,0.00895516964506928
2019-11-08,8065.76,8044.9,8065.76,7989.48,245310.0,-0.10%,0.007947404224339738,0.003724639963381214,55.93658921907778,0.36090076820534756,0.02751283792305275,60.41140660958234,159035.18,-0.797800571251337,1.9163678440046619,0.0087628642127813
2019-11-11,8009.38,8055.24,8059.58,8002.77,105420.0,-0.70%,-0.00015354635914124803,-0.003410766428564722,52.50092840573992,0.3042749752760886,0.015900517756170032,81.93000000000757,159335.90999999997,-0.6119701756803745,1.707719229513219,0.008710784229749616
2019-11-12,8012.34,8009.97,8012.34,7962.72,96770.0,0.04%,-0.0002930333983211792,-0.003071073444471911,44.59361938844853,0.3413238687108003,0.015422050147959993,70.81510381271188,159495.34999999998,-0.551355473163289,1.7266820335176511,0.008676079707678025
2019-11-13,7947.47,7988.78,7988.78,7914.45,95090.0,-0.81%,-0.008508069241178107,-0.010038516333448957,28.777997252363164,0.36599958586542974,0.004372623333885223,22.851357033062513,159623.4,-0.5215293503063655,1.4944923773980756,0.008791646951382666
2019-11-14,7933.71,7926.07,7933.71,7881.24,106820.0,-0.17%,-0.010072362294887805,-0.010405478448788901,21.435998590709346,0.3487921820006754,0.006657581801848472,56.61999999999534,159730.56,-0.423942899645307,1.8122894007649046,0.008552851286610033
2019-11-15,7932.96,7938.59,7946.42,7905.53,120530.0,-0.01%,-0.010258211782747214,-0.00915643209726263,14.139398774054861,0.3269142502231891,0.006562419111713418,38.20999999999185,159748.97,-0.3895286704609893,1.8153029665447615,0.008542701146018052
2019-11-18,7880.94,7925.19,7925.19,7859.04,67040.0,-0.66%,-0.01617333329172132,-0.013448300466803764,12.385952886093463,0.3784496307996,0.0027865998900628622,40.61999999999534,159751.38,-0.37836306623844784,1.744360008142733,0.008574654121051422
2019-11-19,7912.14,7882.26,7912.14,7882.26,296700.0,0.40%,-0.011581728577050168,-0.00791395423936583,12.121425419878117,0.43721462515844634,0.006756550418371756,44.91000000000349,159747.09,-0.42469548491994447,1.6797835653159643,0.008619185723142356
2019-11-20,7898.06,7896.56,7898.06,7851.85,120520.0,-0.18%,-0.012265388906605711,-0.007908178280162185,11.204863906051829,0.44042925118133336,0.005885237237084258,65.9200000000128,159768.1,-0.3205014413591597,1.9947713158778262,0.008420242159454035
2019-11-21,7818.89,7882.04,7882.04,7744.18,139310.0,-1.00%,-0.020782345673722277,-0.014928643400051952,14.432945025568038,0.4054206184140158,0.009647244769620545,87.62242318655551,159710.92,-0.23638742219224174,1.448707579433158,0.00868401098955687
2019-11-22,7824.59,7754.51,7824.59,7708.09,141840.0,0.07%,-0.018003612824478037,-0.011549817702369401,17.119040672856546,0.43860014330005825,0.015113990625433798,8.229999999995925,159596.05,-0.21405838107689923,1.4796067557983221,0.008664954987567529
2019-11-25,7771.62,7787.48,7803.87,7750.23,151390.0,-0.68%,-0.020744494861060305,-0.014982424266990847,17.061593847608304,0.48452250454651014,0.00824198990930305,103.34496980186864,159469.65999999997,-0.16756453810865246,1.3081755700208868,0.008748412049817744
2019-11-26,7707.8,7760.38,7817.2,7707.8,934870.0,-0.82%,-0.02599768732533871,-0.019285046864362543,11.793722854391453,0.08374915760450564,0.0,16.25999999998021,159318.78,-0.0013939691173453595,1.1269519135457244,0.008841529755493523
2019-11-27,7836.89,7747.43,7842.52,7744.03,239670.0,1.67%,-0.007562828718107346,-0.0015618435366716384,16.182731511073076,0.10111712305859334,0.016747969589247274,85.6833504285814,159080.05,0.16600592986228105,0.5715485436804069,0.009627503128267269
2019-11-28,7768.66,7808.58,7826.82,7748.95,157260.0,-0.87%,-0.013552255239990397,-0.008098611651808455,17.78775805394123,0.05042477483104482,0.007895897662108471,43.98159595572129,158925.75,0.323758825781761,0.5232192751640268,0.009715219147004172
2019-11-29,7738.96,7754.7,7773.83,7712.39,114960.0,-0.38%,-0.014907392396947064,-0.00959040822181395,21.198366403145474,0.06999583819032008,0.004042658086613541,188.77146490504546,158674.35,0.30458941124186567,0.5491551746433103,0.009689635036610219
2019-12-02,7877.19,7769.26,7877.19,7753.76,112890.0,1.79%,0.003921533642094042,0.007736754856324376,29.272613402940635,0.071128400867522,0.02197643945094572,61.07095691427762,158436.19,0.4169161642320144,0.3022294046466638,0.0102985934031754
2019-12-03,7855.18,7858.96,7888.46,7829.35,123620.0,-0.28%,0.001958224483609763,0.0047708573754375785,44.093575973463224,0.030140565537697804,0.019120890526479684,208.86796114289402,158253.73,0.3586951146130084,1.0719299544198515,0.009089621987522849
2019-12-04,7815.93,7848.53,7848.53,7772.05,250620.0,-0.50%,-0.001977292737008648,0.00015795636996688596,55.787876405305575,0.08070243486943694,0.014028646306339047,31.303387995551205,157892.23,1.3337766987235171,1.157769019725957,0.007675732445183933
2019-12-05,7790.91,7789.74,7817.97,7777.07,171450.0,-0.32%,-0.0038815405904193217,-0.002354239722415257,48.4363430109841,0.04723011213715046,0.010782583876073545,55.46430906122651,157682.28000000003,1.5737528468316317,1.9077407690436905,0.007490372977923729
2019-12-06,7801.72,7796.44,7811.19,7760.75,152380.0,0.14%,-0.001777212527237083,-0.0006364383830133328,43.169389020722406,0.007826754323659178,0.012185059290588763,154.55830983391152,157399.38,1.5090836477297807,1.7276775567938634,0.0075219892506623665
2019-12-09,7779.8,7825.13,7838.49,7779.8,171610.0,-0.28%,-0.0033764555817659588,-0.0028344083341211687,40.67879748975463,-0.01640475403681193,0.009341186849684735,33.91722292661007,157135.34,1.5037381032719628,1.7917097305261223,0.0074228120883756766
2019-12-10,7736.18,7760.17,7777.45,7735.61,117860.0,-0.56%,-0.007494204774884322,-0.007238103208927836,33.171543279839504,-0.07214927674194183,0.0036819844832507473,100.26840743155611,156905.76,1.5903149540621773,1.936003464281514,0.0074668439042522555
2019-12-11,7786.41,7752.23,7801.1,7751.53,254800.0,0.65%,-0.0007525769113437098,-0.0006522865617930594,32.3548980833199,-0.040242382581418754,0.010198759697968249,118.86378376392614,156629.6,1.3580142975062086,1.2379547684256211,0.0075241550040281435
2019-12-12,7741.07,7744.15,7787.74,7720.5,327840.0,-0.58%,-0.005810015235534383,-0.005600118611703272,25.879183733717024,-0.0942793276191032,0.0043164067567917595,21.020000000004075,156468.53999999998,1.3866284601509982,1.2279828884251067,0.0076004279326616405
2019-12-13,7877.63,7818.4,7884.17,7804.98,390140.0,1.76%,0.010745518026825673,0.010361729761794933,51.97793276504658,-0.024422330658352927,0.022033524481693857,107.45344753167417,156275.9,1.161616189841368,0.1420628184112407,0.008692500887994996
2019-12-16,7701.6,7882.76,7892.29,7701.6,248010.0,-2.23%,-0.01178399813102818,-0.010654087884113143,37.47370751688249,-0.07226815737724822,0.0,110.26019412193665,156220.57,0.4490094042937146,0.29871912042222926,0.009919598295153743
2019-12-17,7730.45,7708.07,7730.45,7631.08,239090.0,0.37%,-0.007113559431968352,-0.005875507537055768,44.01583404228353,-0.08581456253379052,0.013021747904621612,106.04683267731251,156041.22999999998,0.45220756037792137,0.30757909347817014,0.00991399111768591
2019-12-18,7733.67,7751.29,7751.29,7682.94,200350.0,0.04%,-0.006381032003355217,-0.004571063213776964,25.77236706098543,-0.08939566886126074,0.013443706526468095,32.36133782254083,155859.53999999998,0.4177437499287011,0.2819845504469649,0.009918395583978463
2019-12-19,7653.94,7751.21,7751.21,7617.75,194650.0,-1.03%,-0.015856845706274925,-0.012640807932922795,30.166383719152986,-0.10980309021764424,0.004750746611532224,139.54581463514802,155695.15,0.41645827428761373,0.27114862932771233,0.009932255087650449
2019-12-20,7773.12,7643.99,7773.12,7469.41,303840.0,1.56%,0.00042352465732602737,0.002804883658662947,41.4254638531196,-0.07278909054390402,0.040660507322532846,113.38000000000466,155530.2,0.3332998546604423,-0.27455955176499236,0.010601631133486566
2019-12-23,7872.6,7745.96,7872.6,7745.26,124410.0,1.28%,0.013064659295557985,0.013846468790421585,60.11510380661003,-0.041094151402075244,0.05397882831441848,98.7507978055847,155478.73,0.13683659132714085,-0.527137519604632,0.010870379702252084
2019-12-26,7842.28,7794.53,7842.28,7772.97,96260.0,-0.39%,0.008918651831101597,0.008708483721787126,85.11240383402702,0.20859032810487935,0.049919605430683266,102.61503563268505,155579.71000000002,0.10676695138101681,-0.42640428119214135,0.010724944331457957
2019-12-27,7815.26,7848.39,7891.99,7815.26,177830.0,-0.34%,0.005217568020353158,0.0045042697187515435,88.43407113129025,0.11260746272076802,0.04630218450988771,94.95268354366317,155714.19,0.22448465444656066,-0.017263290505358686,0.010088029428266929
2020-01-02,7742.53,7721.26,7742.53,7643.98,101150.0,-0.93%,-0.003595297727090275,-0.004294940300182999,78.18135956614958,0.16039538393240133,0.036565137005466285,105.37768541284125,155692.56,0.22429774947310666,-0.03825764756188299,0.010115850176180753
2020-01-03,7839.79,7737.7,7890.94,7737.7,118850.0,1.26%,0.00836526437728426,0.007015878675411182,77.9850863917266,0.17442816807687225,0.04958624576773803,80.60030532033457,155666.43,0.060056158888286255,-0.3462710973074836,0.010457851901447292
2020-01-06,7797.87,7802.86,7802.86,7697.89,102130.0,-0.53%,0.0024053280826736747,0.0012348634668976365,76.6143271534872,0.16961987497130118,0.04397402204457916,126.68882175158434,155767.26,0.13367015064684162,0.007897973511600487,0.009714481132248447
2020-01-07,7840.7,7787.32,7840.7,7781.21,248660.0,0.55%,0.0074088785216124735,0.005674615860364236,84.35253499810823,0.23050053328282058,0.049708076006003146,75.56217360602777,155687.94,0.013246164065343978,-0.085515935658385,0.009786189694391921
2020-01-08,7736.24,7762.48,7767.62,7721.29,122370.0,-1.33%,-0.005968555864992718,-0.006929018863032008,76.19025097742464,0.21735291565083814,0.03572303568822704,77.36774369595783,155673.46000000002,0.024099321629612848,-0.35738279652581983,0.010177130180702461
2020-01-09,7797.64,7736.63,7797.64,7736.63,135550.0,0.79%,0.0026568344717822403,0.0006966296493631357,76.17212132677516,0.26928126697593796,0.04394322978655617,116.24700811252319,155593.77000000002,-0.11302275947440181,-0.473065954963654,0.010323099721468627
2020-01-10,7776.77,7794.9,7794.9,7729.05,102250.0,-0.27%,-0.0007166402056815623,-0.0019781360399086776,71.15006640737634,0.2598266066721912,0.04114916706942055,122.44861801334775,155600.5,-0.05321977846012564,-0.4923960933337912,0.010336283632999634
2020-01-13,7776.77,7794.9,7794.9,7729.05,102290.0,0.00%,-0.001141292989543571,-0.0018828843237055312,74.36202586557873,0.32335538155782245,0.04114916706942055,140.44585897630316,155575.55,-0.09446937129857962,-0.4694798986309361,0.010316726905836775
2020-01-14,7793.25,7761.59,7793.25,7684.28,187120.0,0.21%,0.0004285763014360312,0.00010228455967811073,74.03410794011403,0.3973107646571865,0.043355499296463866,137.82749782174824,155572.52000000002,-0.2033518192289387,-0.3741232122150673,0.010238860740340368
2020-01-15,7664.4,7784.14,7784.14,7664.4,132870.0,-1.65%,-0.016206405436840942,-0.014316117672304302,65.17030305898693,0.3458271329863123,0.02610514083441661,101.25877623326923,155629.59000000003,-0.062316930912156426,-0.6464422789556847,0.010799034921708237
2020-01-16,7653.18,7674.48,7679.28,7614.73,121390.0,-0.15%,-0.016565139301517186,-0.013433339181317314,45.548200667569375,0.4101537082224896,0.005049423945432173,126.89924162677342,155507.58000000002,-0.1202094035509662,-0.5849106098784698,0.010734715619823728
2020-01-17,7722.58,7691.87,7722.58,7648.94,109350.0,0.91%,-0.006278902999891805,-0.0034676980078985837,32.96969956371826,0.3782189925789343,0.014163338686992233,67.0994116063683,155419.69,-0.27843650854961716,-0.537055746931463,0.010125408888002943
2020-01-20,7552.6,7727.45,7727.45,7513.95,149250.0,-2.20%,-0.025557006118722355,-0.021719757411300302,20.996714110421024,0.44016412511123776,0.005143765928706013,111.34414129176231,155264.64,-0.26280600188598574,-0.567492525014917,0.010088377064155335
2020-01-21,7466.65,7570.2,7586.59,7442.13,152780.0,-1.14%,-0.03354139667941219,-0.028085117619318867,18.19520967929915,0.33893060087580235,0.0032947556680680834,42.485998895029,155115.64,-0.08302454277643431,-0.7504156023346349,0.010284628562556512
2020-01-22,7468.73,7469.14,7478.1,7425.86,140500.0,0.03%,-0.03081877112913427,-0.023457687084605522,8.301630402390629,0.3434903226358994,0.005773068708540141,48.820000000006985,154851.84,-0.08107949985067332,-0.7494069168130779,0.010283191585689426
2020-01-23,7616.35,7503.64,7616.35,7495.6,119120.0,1.98%,-0.009611686312558572,-0.0025934645884693507,20.20000461974844,0.4257062022837655,0.02565224768579002,123.0565361724722,154586.90000000002,-0.07004086273147742,-0.6843608688353018,0.011121344335425769
2020-01-24,7623.41,7622.12,7635.62,7581.12,106110.0,0.09%,-0.007084707152630151,-0.0005021350855261009,34.25248231136857,0.36491918657487143,0.026602979318220407,124.25601837103656,154549.31,-0.051051606564330186,-0.40566150310243465,0.010493590980618485
2020-01-27,7587.63,7616.9,7624.37,7580.67,88020.0,-0.47%,-0.009412679673468382,-0.003622559013235775,45.68399005465047,0.2994551780014286,0.02178468217822588,133.85759758727417,154399.59999999998,0.06889276149535445,-0.08208796377741123,0.010007809636019414
2020-01-28,7468.7,7563.12,7563.12,7468.7,101520.0,-1.57%,-0.022500609056895837,-0.015948635661743964,34.218668448492544,0.22333957604645635,0.005769028772425032,80.0813613041568,154114.63,0.10874877125246421,-0.39212074792113016,0.01047403904094239
2020-01-29,7462.31,7472.53,7472.53,7423.69,120490.0,-0.09%,-0.020265614887952914,-0.013701031971445253,21.813016814868107,0.32510518789073095,0.005202264641977346,128.50411841657183,153741.05,0.07085677880363295,-0.3988628221610746,0.01047625130984893
2020-01-30,7392.68,7466.45,7484.65,7392.68,147910.0,-0.93%,-0.02589872642853732,-0.019031944004533993,7.308919409592572,0.22379835278215615,0.0,32.52602463780022,153388.1,0.07102853220062107,-0.3995396869123753,0.010477128981876329
2020-01-31,7200.79,7413.17,7446.26,7200.79,219420.0,-2.60%,-0.046011640030789155,-0.03788250329708605,3.4679381841366506,0.11991311942214516,0.0,91.74499931876773,153038.25,-0.051386794118407936,-0.2194724745377017,0.0111296962013846
2020-02-03,7137.03,7206.22,7219.61,7129.19,128940.0,-0.89%,-0.04855040667685932,-0.03936689046798081,0.399012647275897,0.04600169111119934,0.0010997041739664879,127.60999999998603,152399.25,-0.0063246160701253456,-0.2660753731377641,0.011176541712298
2020-02-04,7226.9,7172.41,7276.4,7158.2,132800.0,1.26%,-0.03253925194163233,-0.022458068856639375,5.8431339323359035,-0.03863740755630537,0.013705624341615253,310.2685851203612,151738.41,0.03527404274068568,-0.4395724669638539,0.01161021062711677
2020-02-05,7352.85,7291.44,7352.85,7281.42,137650.0,1.74%,-0.01284349967745236,-0.003316292204942029,18.304828401853097,0.03028619283584091,0.03137242800374247,80.56999999999243,151124.61,-0.04934590630784048,-0.5689338582230383,0.012325218545062392
2020-02-06,7506.51,7373.59,7506.51,7373.59,141090.0,2.09%,0.009878617923695189,0.016447015645666693,38.92900522626737,0.03232045218661904,0.052926068739927064,59.43865997484751,150741.22000000003,0.08117457416506645,-0.6684129156896645,0.013209975719554835
2020-02-07,7507.2,7447.33,7507.2,7429.61,96740.0,0.01%,0.01041226236986112,0.01518195798743452,58.3655847948956,0.051661862270320144,0.053022853928707224,11.689999999987776,150450.09000000003,0.0490190562225324,-0.6747385976372269,0.013215007075410465
2020-02-10,7430.86,7510.84,7510.84,7414.01,119560.0,-1.02%,0.0004817182212874635,0.004840163712745398,65.75987568696178,0.00461199101951585,0.0423147650714878,85.03083895671377,150180.52000000002,0.15096860220237945,-0.7385142020376119,0.013342008829469534
2020-02-11,7439.4,7444.66,7444.66,7403.23,104850.0,0.11%,0.0019141412693591084,0.005775240418274956,65.15477624416668,-0.037605566989465995,0.043512657118129835,64.65000000000873,149834.61,0.16169439521117468,-0.7265595878159781,0.013327285386791008
2020-02-12,7383.1,7435.25,7440.31,7383.1,139770.0,-0.76%,-0.003432049384796611,-0.001078431280328864,56.98648710911022,-0.0401821489360964,0.03561554678722278,60.707856894171655,149480.76,0.13772655771749173,-0.5705354239815033,0.012966978146014089
2020-02-13,7403.12,7390.01,7403.12,7332.91,119250.0,0.27%,0.001397113868065269,0.0017279418975639123,55.5702610269808,-0.0029259734890071365,0.03842371994574423,7.899999999994179,149199.46,0.08931278652460767,-0.6062970605005824,0.013006025220592094
2020-02-14,7282.0,7405.15,7405.15,7282.0,145070.0,-1.64%,-0.01206907996583112,-0.01268750976678963,46.89062343665112,-0.10033350678364514,0.021434412605078616,143.78693422736563,148949.4,0.27958142171790384,-0.5947677311702728,0.013152492904416295
2020-02-17,7326.85,7305.66,7348.04,7292.95,92810.0,0.62%,-0.004616134053231627,-0.005813846874170363,47.44184768465549,-0.05689391326760525,0.027725449875792448,147.47990454862838,148508.82,0.19364291024941455,-0.4993207694081505,0.012484007334473902
2020-02-18,7322.89,7329.03,7346.0,7311.5,92430.0,-0.05%,-0.0038063521732802333,-0.0056686846798931325,45.919857740107034,-0.03039779498417606,0.027169987053227748,43.129999999990105,148283.07,0.09692774952193277,-0.3680994344737192,0.012263191294527638
2020-02-19,7396.94,7319.99,7396.94,7319.99,114220.0,1.01%,0.006225633144714164,0.003549084644974085,57.56670596969307,-0.020946929430712805,0.03755686129840838,100.63000000000466,148139.31,0.00710452650784134,-0.5455136605509106,0.012507633796153215
2020-02-20,7413.0,7426.91,7472.99,7413.0,99220.0,0.22%,0.006335290920612179,0.004604415933138392,65.09105201100486,-0.11031313102461737,0.03980957163436525,28.839999999996508,148067.52,-0.04064320641809098,-0.2378872550573159,0.011599870011200962
2020-02-21,7369.78,7430.57,7431.03,7366.8,183290.0,-0.58%,-0.0017848055463646224,-0.0013149455366460374,68.17290457567587,-0.19598795134252253,0.02955771003883657,30.778538934092246,147864.16999999998,0.045526532442076086,-0.26539065444098586,0.011630323251046744
2020-02-24,7187.44,7267.86,7270.47,7180.1,120680.0,-2.47%,-0.02611042727227158,-0.02257110120812823,45.52735920372885,-0.2095519869131871,0.0010222698848204393,21.44000000000233,147610.53999999998,-0.045355398059423645,-0.5397703226947157,0.012721402346312544
2020-02-26,6909.84,7101.88,7101.88,6879.09,225470.0,-3.86%,-0.059693175269221875,-0.05224021871753371,22.36185444152686,-0.2228781473550883,0.004470067988643847,160.327286688894,147210.34999999998,-0.526475638191721,0.023761992155323597,0.014821618861679618
2020-02-27,6967.84,6890.02,6979.57,6890.02,215970.0,0.84%,-0.04680953517217945,-0.03758507075005306,7.044992072355317,-0.18305029209075968,0.012901415739581834,180.11000000000058,146651.49,-0.5683269245624143,-0.0739177455518818,0.015059920809754962
2020-02-28,6787.91,6858.91,6858.91,6769.97,247890.0,-2.58%,-0.06485108339351614,-0.053334950577555905,7.112395926879103,-0.1766811921548221,0.00264993788746473,35.98888927237273,146157.02000000002,-0.48024892331906227,-0.5028725756478125,0.015838148924577432
2020-03-02,6749.28,6759.37,6866.13,6700.75,155330.0,-0.57%,-0.06389448162902515,-0.04972174359442789,7.584690600053001,-0.12551634503786116,0.007242472857515911,197.54694509427046,145552.25,-0.6079702924109661,-0.0003362174273999763,0.014994579419271726
2020-03-03,6790.54,6854.9,6886.11,6790.54,170540.0,0.61%,-0.0520783966342585,-0.03632479409339964,6.777669182151925,-0.14609287766465487,0.013399992538148709,149.00323571255822,145100.74,-0.7368585955054556,0.08377223686749202,0.015066898922461883
2020-03-04,6867.26,6791.14,6867.26,6710.18,171160.0,1.13%,-0.03641254109634416,-0.01994144893962343,13.157826582409633,-0.09244853420575751,0.024849457150319026,43.294745723876886,144754.25,-0.7459497357555601,0.10760013160707471,0.01500187686090675
2020-03-05,6884.77,6899.02,6941.2,6872.97,175260.0,0.25%,-0.028910596542245953,-0.012897100726939325,19.006181152664162,-0.17735009740366287,0.02746259747043248,76.86818425096472,144394.61,-0.8399531264422457,0.3443789051020807,0.014318067885354129
2020-03-06,6770.38,6871.14,6871.14,6745.32,227000.0,-1.66%,-0.040097333811873685,-0.023335147793308506,18.135985358610508,-0.2643476937601902,0.010391374099914205,259.1182615302682,143926.53,-0.9513734920063865,0.13803625741957015,0.013426505454747339
2020-03-09,6312.61,6575.54,6575.54,6312.61,242820.0,-6.76%,-0.09571159376276472,-0.0762121568215404,10.94866880762462,-0.35950517193330506,0.0,298.9189239121737,143190.40000000002,-1.6120266420366813,2.4833444707181886,0.019306781995252587
2020-03-10,6318.38,6165.82,6387.53,6103.75,240030.0,0.09%,-0.08548531485391153,-0.06326122920765555,8.230581999830676,-0.28508973616075584,0.03516362891664962,521.9207033661462,141995.81,-1.667386156619161,2.5569531892050286,0.019413481436546722
2020-03-11,6353.26,6384.28,6495.71,6336.68,192180.0,0.55%,-0.0704064461667879,-0.047627729072016574,11.299212215048767,-0.3460432517666398,0.04087814867909076,360.1900000000023,140883.33000000002,-1.6563225036040823,2.494095322879173,0.01954478283624619
2020-03-12,5736.27,6235.85,6235.85,5697.13,265190.0,-9.71%,-0.1457124450936731,-0.12081886230925351,12.051658530676356,-0.358482482503396,0.0068701258352890536,278.6946985503363,139797.19,-1.8353192678345391,2.7412775637077065,0.027963028035027135
2020-03-13,5793.94,5362.92,5878.4,5097.9,334700.0,1.01%,-0.12241257465672306,-0.0949505985963252,17.505829799154082,-0.2991367400689128,0.1365346515231762,920.8800000000047,138150.36,-1.8081228791736184,2.6510162260543524,0.02821545930241849
2020-03-16,5335.37,5506.96,5533.17,5335.37,246600.0,-7.91%,-0.17534645687981526,-0.1439979304881468,15.381630152773395,-0.31779988353624333,0.046581925891053234,298.38789172727195,136541.18,-1.441365027923932,0.8669215031578323,0.031991666270976556
2020-03-17,5335.37,5506.96,5533.17,5335.37,246600.0,0.00%,-0.16075830099553748,-0.12270755072048477,18.83590800592496,-0.373045980812289,0.046581925891053234,791.178613883887,134594.55,-1.4469385178727157,0.8913360567983193,0.03180716523623643
2020-03-19,4623.42,4673.58,4751.72,4039.15,306470.0,-13.34%,-0.25307170331077894,-0.20973107951462114,14.867700197524284,-0.29952702916970464,0.14465172127799164,694.3060962191079,132603.06999999998,-1.4555097203535114,1.0538505377849203,0.04110109123431756
2020-03-20,4778.76,4761.89,4936.2,4677.66,217930.0,3.36%,-0.20965211771206033,-0.15603687933776558,19.412986408690045,-0.33002105821496625,0.18311030786180263,1450.3087005747134,129903.59999999999,-1.3152064931826473,0.8760279267550501,0.04237878900991858
2020-03-23,4743.37,4527.29,4743.37,4509.22,217810.0,-0.74%,-0.19646409829182385,-0.13576959109993061,23.29502707855943,-0.24912765172706444,0.1743485634353762,651.8600000000006,127285.42,-1.3077297960539112,0.8909853833037569,0.04216029081282139
2020-03-24,4774.27,4817.06,4864.86,4771.78,250230.0,0.65%,-0.17100445840826126,-0.10561272946537244,25.027710296744278,-0.2611824494554264,0.18199868784273926,894.3157001839542,124615.79000000001,-1.3101978134582106,0.8588930782994662,0.0424859473877911
2020-03-25,5027.76,5006.76,5073.58,4964.0,446810.0,5.31%,-0.1066063037828255,-0.04059940810695663,27.88775750475241,-0.20709440401410384,0.24475694143569812,577.739999999998,122020.28,-1.099164247425652,0.6422399331683022,0.04553838918039903
2020-03-26,5401.58,5128.27,5401.58,5076.26,262190.0,7.44%,-0.021766065056295417,0.03669766643639944,35.835183942673815,-0.11749152970467576,0.3373061163858732,745.5603226049685,119860.6,-0.8679706789573788,0.5626200388818932,0.04950606195349448
2020-03-27,5266.62,5493.58,5641.94,5266.62,275100.0,-2.50%,-0.027285926910179826,0.017438554584176248,43.52295475904412,-0.20489088260086202,0.30389314583513855,73.68000000000029,118352.34,-0.7750923410770523,0.48357990559765973,0.04937953076720322
2020-03-30,5131.16,5234.99,5234.99,4984.79,272500.0,-2.57%,-0.03729975249107045,-0.0014464031200984522,46.985252473381315,-0.16436151633281515,0.2703563868635727,599.610116997712,116651.12,-0.7754553129424239,0.484304557267615,0.049378102224359496
2020-03-31,5321.23,5227.37,5340.09,5226.27,294470.0,3.70%,0.011882799768222756,0.03577712321841989,48.34574599180925,-0.10820189473378335,0.3174133171583129,118.15000000000146,114994.37,-0.7993072486695585,0.3371116175904669,0.050606023471959714
2020-04-01,5408.52,5321.79,5408.52,5290.85,163840.0,1.64%,0.041851111290900515,0.04869158830181654,52.993487917479456,-0.04211706275976853,0.3390242996670092,232.25107707458483,113566.32,-0.813508885222041,0.3139768687627029,0.05083615410165587
2020-04-02,5342.31,5280.13,5342.31,5247.57,131180.0,-1.22%,0.0347057593083253,0.03182437323125627,61.79348164938791,-0.05043500821479478,0.32263223698055293,164.18000000000757,112184.3,-0.7579609629349634,0.30190129786707764,0.05058814271685561
2020-04-03,5346.97,5370.85,5372.7,5315.4,123290.0,0.09%,0.04205189797806735,0.027857965923333523,71.59561890843331,-0.025301743443421256,0.32378594506269887,486.9356339002747,110659.35,-0.7542251850630145,0.3025418779201412,0.05056551056246203
2020-04-06,5570.81,5380.51,5570.81,5345.94,220350.0,4.19%,0.08212867244837302,0.058955081252326715,82.67045766157447,0.04676615756025289,0.37920354530037265,151.33000000000175,109121.55,-0.8124588465970223,0.20108071120933912,0.051914466293120604
2020-04-07,5650.01,5694.68,5713.63,5597.98,231090.0,1.42%,0.09274275043830503,0.06051689278413965,91.1197304199115,0.09135600002926683,0.39881163116002133,93.7801745139457,107921.98000000001,-1.0565768052754634,0.868702470957389,0.050195925235706824
2020-04-08,5510.83,5593.71,5593.71,5498.54,186880.0,-2.46%,0.0529165790960527,0.025656244469127985,91.64153506275717,0.038789359106342014,0.22212489077933648,310.8013476764779,107259.38,-0.9705073540850175,0.7084417514595645,0.05038150461304036
2020-04-13,5610.98,5551.96,5610.98,5521.49,169070.0,1.82%,0.06001234440956656,0.03461373975385765,90.27988213776048,0.10502841862877454,0.24433494041098,122.4048548873755,106451.82999999999,-0.9910772950506663,0.6952327020246374,0.05060687345938216
2020-04-14,5780.88,5657.76,5780.88,5640.85,205020.0,3.03%,0.0770307062726156,0.05331567188316644,91.54634496004958,0.19623700560732885,0.21147244843643262,162.6432703771256,105709.54999999999,-1.2755801722799218,2.0537570190367322,0.046219849877350665
2020-04-15,5946.05,5824.76,5946.05,5807.68,279230.0,2.86%,0.09079375661970526,0.06839207292706666,97.15905159649401,0.20210488691523693,0.19783440773569705,140.3188143208498,105754.16,-1.2966475711524212,2.0065521864434848,0.04658542795162502
2020-04-16,5525.6,5828.76,5828.76,5525.6,251790.0,-7.07%,0.007093149581031003,-0.008923172755694403,85.42017768345715,0.20079194051265897,0.10849203276366716,274.4608491446783,105906.26999999999,-1.304341371453746,2.1924847675165857,0.04584076580420925
2020-04-17,5789.97,5704.4,5789.97,5694.94,197250.0,4.78%,0.04996817437489259,0.031016449270505658,80.00783693624344,0.2972850999521698,0.16152736624812686,257.6274966106893,106096.5,-1.3254128691365243,2.037731338984404,0.046923004627888384
2020-04-20,5733.65,5813.93,5816.9,5704.2,121520.0,-0.97%,0.03350282616082072,0.01570087284039655,72.64250393580649,0.253204528683725,0.1502289966076805,535.4845486099481,106551.1,-0.39494932159756924,0.02312225523723832,0.034085077758619235
2020-04-21,5592.25,5704.3,5704.3,5571.08,139160.0,-2.47%,0.0020662981700001084,-0.010387133585444375,70.83769020615004,0.24700985448338514,0.07002699822244153,15.210000000006403,107661.33,-0.19400723102079953,-0.19952716559351025,0.034571450669550266
2020-04-22,5573.75,5517.67,5577.91,5461.94,113870.0,-0.33%,-0.004466298506632421,-0.013498718057181416,58.48287942432929,0.227070217479104,0.06215829421999141,106.37538868698861,108474.82,-0.21065309014231776,-0.16800150293639948,0.034484529107869206
2020-04-23,5599.55,5631.84,5672.08,5599.55,82030.0,0.46%,-0.0022897000659636213,-0.0089509372917079,49.31230588485099,0.2733917893323973,0.0670748555998301,1.680000000000291,109305.20000000001,-0.20215346667925577,-0.1731813325942202,0.034493285741840914
2020-04-24,5464.98,5622.76,5622.76,5464.98,135670.0,-2.40%,-0.027784794910255078,-0.02939148488583686,40.269737195195766,0.2412930141896391,0.028140873687775132,233.4357968851119,110130.48000000001,-0.03999446053162207,-0.06721746770718795,0.03355168671439459
2020-04-27,5450.45,5493.21,5493.21,5390.97,86640.0,-0.27%,-0.03164298977560352,-0.028042856128218427,30.508602243418384,0.18540579151869807,0.01954941507012803,158.59371977663247,110567.70000000001,-0.37987324265366007,-0.033628096454168865,0.029286859419988563
2020-04-28,5574.98,5470.83,5574.98,5466.47,126700.0,2.28%,-0.009570715572180324,-0.004567908225550844,24.761234300376174,0.30697117200640883,0.034133003893547786,126.08552885205214,110616.57,-0.5832159434406787,0.21600089268099953,0.029016944854434082
2020-04-29,5643.97,5589.27,5656.01,5556.23,127370.0,1.24%,0.002762637425951479,0.007387924692839227,32.04811091535927,0.33498035902882123,0.04693032979222663,126.88999999999942,110924.93000000001,-0.7794474705904354,0.7032922786407312,0.02825532078976382
2020-04-30,5700.71,5695.13,5716.88,5654.96,161310.0,1.01%,0.010408826581634188,0.015767896161231778,44.84338593836321,0.3118599782203542,0.05745533735116311,70.33019099084139,111437.74,-0.799592765347181,0.9808459437415191,0.0272800241810464
2020-05-04,5572.09,5601.39,5601.39,5502.05,135580.0,-2.26%,-0.011901625456877974,-0.005498583054697764,44.669837380797965,0.2810306541727436,0.03359692226074341,219.06628506548674,111817.22,-0.5968879732826395,0.5731581012615701,0.027720962477984078
2020-05-05,5671.67,5610.0,5703.96,5603.4,263900.0,1.79%,0.00715008066370654,0.011492923952778723,46.333261271648524,0.2589752313960855,0.05206855167066406,271.1998886592202,111980.79000000001,-0.7459293556939921,0.7172267973064921,0.027732529928151537
2020-05-06,5639.27,5689.78,5702.58,5594.81,269230.0,-0.57%,0.005308476486730746,0.005526612120286986,46.63850294637931,0.23116105413997173,0.04605850153126435,94.43000000000757,112310.15000000001,-0.705686511865449,0.6452950718442918,0.02780268305457533
2020-05-07,5653.16,5661.95,5670.34,5599.82,171870.0,0.25%,0.00615035891607544,0.006957909107217659,56.28101377597533,0.19613687327301957,0.048635032285469885,135.6081419169128,112602.45000000001,-0.7807118210793343,1.039784051056854,0.026259801422930284
2020-05-08,5621.94,5674.47,5696.31,5621.94,174590.0,-0.55%,0.0027358055720539615,0.0013175648489424155,57.50032481775714,0.15484163157457598,0.042843866688184004,148.76761138192956,112684.79999999999,-0.6855847816770992,1.014551235244154,0.02611003284229592
2020-05-11,5667.93,5641.53,5681.68,5627.19,116760.0,0.82%,0.011785782137970841,0.008040660750577905,66.92159996530094,0.21712223250602483,0.0513747989693877,176.24584322657503,112656.73,-0.8834854845995203,1.5720460983721445,0.02549925613067161
2020-05-12,5651.67,5667.42,5668.36,5633.82,129960.0,-0.29%,0.008119397417020884,0.003964101509800161,73.06638173326279,0.1696329135202146,0.04835864417720741,119.2100000000064,112813.83,-0.8002953450566044,1.6220637459893128,0.025217184778031237
2020-05-13,5626.25,5656.19,5661.18,5607.77,144210.0,-0.45%,0.0029142350604070976,-0.001027066900057356,79.05454471070748,0.09557060043696268,0.04364335175302399,159.90000000000873,112854.52,-0.7778685493368566,2.021799713366482,0.024248207602379872
2020-05-14,5654.7,5612.97,5654.7,5556.81,86890.0,0.51%,0.0072783122631728675,0.0029606879025821926,77.7014104098268,0.0382778590372477,0.04892069516246604,160.34446921317453,112699.89,-0.8331694163560986,2.570497045968626,0.023286235089787347
2020-05-15,5541.95,5659.12,5664.25,5541.95,121280.0,-1.99%,-0.013771829272230087,-0.015363486879592818,66.47949843003686,0.08491083780823637,0.028006091668104173,15.005959663641933,112408.54,0.770051416376776,0.9806222301986254,0.01747112969465966
2020-05-18,5479.35,5557.99,5557.99,5466.88,81340.0,-1.13%,-0.025270001235075463,-0.023246469769024312,44.130116825541684,-0.003437899838065175,0.0023561823260715067,6.830000000001746,112424.89,-0.032269120599890275,-0.7172831546587659,0.013567869936549766
2020-05-19,5555.85,5543.59,5571.4,5537.02,115470.0,1.40%,-0.011420998669174807,-0.008064012188263171,29.019079095289026,0.021350241164483537,0.016274364902833106,42.196447641270176,112114.26999999999,-0.19325590061835607,-0.8259267616285828,0.013947624654277254
2020-05-20,5581.96,5568.4,5581.96,5518.52,71720.0,0.47%,-0.00599171950622313,-0.0024982058420315516,28.92118818471047,0.08323090211162658,0.02105039803324747,72.02878160778914,111936.47,-0.27704598397955915,-0.5443254623677856,0.012884011132321224
2020-05-21,5604.49,5582.27,5613.9,5557.08,101500.0,0.40%,-0.0007567278993938591,0.0017932884730607831,46.55456610989259,0.06962520925908569,0.025171578670100617,66.56068357048271,111926.18,-0.36180818146361404,-0.5112670855248926,0.012889814067902274
2020-05-22,5539.19,5600.96,5600.96,5535.65,116470.0,-1.17%,-0.011985315720419772,-0.008235170862398252,44.85865046960229,0.06078380277374304,0.013226922851791056,69.53750958759612,111956.92,-0.19528458583696973,-0.7155771084373832,0.01311770026385583
2020-05-25,5539.19,5539.19,5539.19,5539.19,,0.00%,-0.01031485421194555,-0.0066417172086190674,39.74092680958243,,0.013226922851791056,94.00606895302109,111896.56,-0.15360015582078612,-0.47056142178970983,0.01188780945081309
2020-05-26,5496.83,5526.99,5533.65,5396.13,129610.0,-0.76%,-0.01609472212682919,-0.01187338001441612,31.575206947496735,,0.018661522239086126,31.13022585637304,111970.76999999999,-0.10203846818344466,-0.5742372169726973,0.012014573482573466
2020-05-27,5523.78,5499.97,5523.78,5423.78,135990.0,0.49%,-0.009632570012094499,-0.005527888507695399,35.58328435739185,,0.023655842242495943,22.559305629547165,112017.15,-0.3487902059313458,-0.5332902669392583,0.010873051028173585
2020-05-28,5570.22,5533.22,5574.22,5492.09,158360.0,0.84%,-0.0006443398054369511,0.003008340254735193,45.67919327393421,,0.032262009996052755,28.64074832237207,111965.95,-0.37517232622919544,-0.4512015533516922,0.010661749259504825
2020-05-29,5838.84,5600.72,5838.84,5600.72,484210.0,4.82%,0.04525954912692129,0.04473007890812812,67.83034702612737,,0.08204213019330521,80.96954983202014,111892.2,1.2701024663041467,2.84215512744703,0.015144054011429165
2020-06-01,5930.17,5791.32,5931.65,5750.0,192530.0,1.56%,0.05784212254485929,0.052430654684371976,86.89672962461339,,0.0989672228059739,99.17338833894433,112030.33,1.3778683149816537,2.986190979970363,0.01436445115701823
2020-06-02,6025.17,5933.43,6043.09,5930.05,221110.0,1.60%,0.06935310336277027,0.058786360890150456,98.98458517432312,,0.11657243246548915,57.80999999999767,112388.41,1.4056877535919412,3.1565023911949357,0.014270691065413467
2020-06-03,6245.65,6064.67,6245.65,6062.05,227710.0,3.66%,0.10024154224648887,0.08203421754764398,98.98458517432312,,0.15743134431527772,64.28914385529549,112741.91,1.1091833931747825,1.3222193638534607,0.015930940089274107
2020-06-04,6517.49,6231.56,6517.49,6231.56,330140.0,4.35%,0.13420664084631848,0.10761541258224577,99.07670747289892,,0.20780818846098956,195.06999999999243,113348.29,0.9248419743500484,0.22402326665821048,0.018058317583175592
2020-06-05,6465.13,6452.64,6465.13,6299.83,219590.0,-0.80%,0.11147511431348804,0.08110773534568878,98.44355663361159,,0.1981049381686505,457.15394686196055,114212.62,0.9171123691913018,0.1921248427396307,0.01816054244803209
2020-06-08,6514.0,6487.76,6551.26,6430.72,264930.0,0.76%,0.10685355673012861,0.07260420324664871,97.36835297688032,,0.20716142865349796,173.92999999999302,115055.81,0.9225664519870139,0.1994955257639175,0.01815924649143121
2020-06-09,6583.84,6527.36,6583.84,6438.97,252480.0,1.07%,0.10528060835079382,0.0677256495581555,97.36835297688032,,0.2201040375231879,384.9138844110397,115901.87999999999,0.8378190615162833,0.1564875918062958,0.01801895040691043
2020-06-10,6439.37,6551.32,6551.32,6349.2,221000.0,-2.19%,0.0703121150740833,0.03351012895454335,94.87021511833446,,0.19333114658097558,260.02999999999884,116834.04999999999,0.659731372218526,-0.03621647252650906,0.01903965912197446
2020-06-11,6476.24,6398.19,6476.24,6263.2,211130.0,0.57%,0.06459673071106378,0.02929776817860672,92.9256019286414,,0.20016382110883163,207.6655149979266,117647.16999999998,0.6546623795780504,-0.03915576763789952,0.019036759934482842
2020-06-15,6163.82,6340.32,6340.32,6163.82,211040.0,-4.82%,0.005862300684632369,-0.022025690821623912,81.13765144690201,,0.14226677266856053,198.17492653603202,118468.70999999999,-0.13355474727792474,0.6939334008258786,0.02196883657333123
2020-06-16,6281.75,6226.96,6316.23,6197.29,163550.0,1.91%,0.015813139680327493,-0.006547968113862514,76.51193452633805,,0.1581867258627747,153.91481467065216,119090.57999999999,-0.3140288291114092,0.8622742938229733,0.021792995729085274
2020-06-17,6282.01,6348.88,6352.9,6278.02,240200.0,0.00%,0.007035542980544765,-0.008556647096960945,70.316271638391,,0.14382866995988777,246.00134498685117,119892.97999999998,-0.21956590609952603,0.8334788979227108,0.021783991622735137
2020-06-18,6348.45,6258.88,6348.45,6205.25,162170.0,1.06%,0.00869768713498847,-0.0003916482249444567,74.12316860343522,,0.13350604922224277,277.1800000000003,120619.13999999998,-0.2601732523793009,0.8357737496220885,0.021799679642133012
2020-06-19,6315.07,6293.18,6375.03,6260.18,335170.0,-0.53%,-0.002000041540539999,-0.006093285492036732,72.05919926356454,,0.09827304347826082,223.98269083306639,121385.63,-0.19803501621853703,0.7114867553381838,0.021957485147351935
2020-06-22,6347.43,6316.2,6347.43,6249.47,226800.0,0.51%,-0.001588667296890516,-0.0014131660635836795,69.2213693215363,,0.0703838922100151,221.27000000000407,122096.21,-0.2984067605274483,1.0078968397294936,0.02155581534695476
2020-06-23,6297.78,6324.52,6324.52,6258.37,219520.0,-0.78%,-0.012423101181780116,-0.00798085074678135,58.928149024372736,0.5516151744063972,0.038886185366336395,269.98627509663226,122904.45,-0.25014961907023237,0.8501973273721837,0.021760518027645108
2020-06-24,6188.83,6304.33,6306.21,6188.83,209530.0,-1.73%,-0.028889879435618448,-0.021274521448389375,38.32390929579946,0.4846618856341976,0.004057548727899293,171.6200000000099,123663.04,-0.222204011670034,0.5988664277047455,0.022197251855280174
2020-06-25,6118.26,6156.79,6162.22,6109.22,253370.0,-1.14%,-0.03564815825992616,-0.027210641762476204,17.678779518882074,0.40977084961962007,0.0014797306366442792,316.86471269682903,124355.04,-0.12637120750320308,0.3763676764461388,0.02254336979974545
2020-06-26,6191.84,6137.61,6191.84,6092.01,151480.0,1.20%,-0.021038481766359238,-0.012316630824948766,9.385607941718158,0.41213961372480856,0.016387038104008354,74.10000000000582,124949.51999999999,-0.14910611900291576,0.35729164718614204,0.022583567077547228
2020-06-29,6105.18,6125.57,6125.57,6040.43,188500.0,-1.40%,-0.030262694964265403,-0.02156762948299298,11.372614017784086,0.35347100701339085,0.01071943553687403,143.7095060609903,125571.14,-0.25479862217252414,0.5763542713838157,0.02059273086406676
2020-06-30,6207.72,6134.49,6207.72,6131.22,152310.0,1.68%,-0.00974969734087241,-0.0032603316740287503,21.652659426721073,0.34834606540905616,0.027695048200210903,107.89328544327785,125837.48000000001,-0.2578607815756021,0.5549524763083231,0.020633253254077714
2020-07-01,6209.71,6223.54,6223.54,6139.44,104920.0,0.03%,-0.006833337731619674,-0.0016770557019635585,27.834309784740032,0.3391138376020832,0.028024494944896262,102.88596432619055,126115.03,-0.16452641990591055,0.6825120718118676,0.020388708167011316
2020-07-02,6364.08,6211.51,6382.6,6183.03,164440.0,2.49%,0.0191621255673489,0.020697980192977045,55.39163950684824,0.322222288659027,0.053580622571571826,123.62642806691763,126299.57,-0.3153684130612057,0.9147032290515154,0.019480628251576933
2020-07-03,6372.66,6383.37,6398.79,6322.92,114800.0,0.13%,0.0181040289843395,0.01927892867523004,75.37951675247844,0.26689111302596175,0.05500105124966261,86.14189943287987,126418.0,-0.9851196883322123,1.2901971156700682,0.016738547513549355
2020-07-06,6328.41,6378.29,6381.06,6299.98,118980.0,-0.69%,0.010496543979448422,0.01071257936672781,89.21882222191475,0.20933663648256423,0.0476754138364321,111.55681338677513,126273.17,-0.9975174691282582,1.3256517625003728,0.016716159044166137
2020-07-07,6267.4,6349.12,6349.61,6267.4,121790.0,-0.96%,0.0009214853001533989,0.0008679155854223576,78.80157755701897,0.15886267132717927,0.037575139518212994,140.85022511732484,126136.45,-0.8567534090619359,1.1463634800243296,0.016698661300830052
2020-07-08,6285.5,6265.43,6287.74,6227.74,347410.0,0.29%,0.004533454216313326,0.0032484773057153155,70.69427391449935,0.1726216571505091,0.04057161493469831,32.32219161292953,125889.85,-0.840539827150679,1.2671222350130718,0.016480097337656353
2020-07-09,6192.58,6282.43,6282.43,6192.58,99980.0,-1.48%,-0.008930994503950728,-0.010223008220410503,58.05986531234881,0.15806449353358862,0.025188604122554126,52.437370015499276,125591.51000000001,-0.8957376826703095,1.656328340478698,0.016101738398034554
2020-07-10,6197.38,6157.47,6197.38,6098.53,121490.0,0.08%,-0.006458573736309128,-0.008377963633718124,51.54686162890203,0.137707887564621,0.025983249536870687,192.89195162059028,125344.72,-0.8678318084967444,1.6959929772256261,0.016017344851953687
2020-07-13,6172.57,6187.78,6187.78,6151.11,124850.0,-0.40%,-0.009015147796865483,-0.010974187903594269,41.042527067753056,0.20513976441023984,0.021875926051622054,35.68468237482458,125065.86,0.47719059492563914,-0.6353165146388773,0.011807943284048363
2020-07-14,6172.81,6158.4,6178.68,6135.29,122800.0,0.00%,-0.008794521144999075,-0.009752866712099717,39.20359415113294,0.21329723058806666,0.021915658322337998,42.64190317591806,125074.61,0.5877056035600152,-0.12259010132216686,0.010930564141471689
2020-07-15,6016.51,6166.32,6166.32,6010.88,204800.0,-2.53%,-0.03276375146625065,-0.030449467859057878,25.08846977699841,0.22237680775538687,0.0009366349020443112,71.67668839257865,124965.67000000001,0.3058457213469282,-0.20092865340451116,0.012220694226525273
2020-07-16,6147.66,6034.76,6147.66,6034.76,103030.0,2.18%,-0.011177942322493148,-0.007765981774588451,24.550876899754044,0.20918431453560976,0.022755403534923297,124.44163369262263,124700.17000000001,0.3991813162944782,-0.3664398130435851,0.013061378431727272
2020-07-17,6088.75,6116.2,6141.23,6032.3,93360.0,-0.96%,-0.020468437692978906,-0.014551000183673715,18.928789323984095,0.2303858977190501,0.012954841886712077,76.45331426373804,124499.38,0.42952222897759684,-0.4112537274831607,0.013161842272894145
2020-07-20,6150.7,6112.58,6150.7,6070.19,80340.0,1.02%,-0.009853424390387331,-0.003120191268002452,30.459814561796957,0.1939983581186795,0.02326115310902891,90.86803718192672,124273.06,0.38466797214524673,-0.5532152299351796,0.013347619534273705
2020-07-21,6136.31,6114.09,6152.06,6095.74,99410.0,-0.23%,-0.011335508874560222,-0.0038250178745220915,29.484502418946004,0.2024162748846973,0.020867160881601413,52.901740332744275,124076.33,0.33399892212259075,-0.5269053801502421,0.013266751556002748
2020-07-22,6064.26,6138.38,6149.2,6064.26,135140.0,-1.17%,-0.01956105250394079,-0.012477712996937056,27.380062385604948,0.23322632816682481,0.00888056324531518,100.65091852536719,123914.86000000002,0.3659173302517904,-0.43229504570168054,0.012966891764169554
2020-07-23,6029.01,6076.9,6076.9,5915.83,120890.0,-0.58%,-0.021376385002408627,-0.014876048053620585,23.47449857426024,0.3223144201674388,0.019131719471316838,51.48186201600586,123790.29000000001,0.34077665081728736,-0.34320936939974045,0.012788433688882347
2020-07-24,6003.26,6002.2,6024.65,5968.72,61820.0,-0.43%,-0.021868682695429995,-0.015707292398092775,19.414684697562475,0.28201451645885434,0.014778991282711013,63.76891924606018,123701.04000000001,0.5124420955861417,0.006568834167950399,0.012452548603539379
2020-07-27,5860.94,5985.24,5985.24,5858.28,108710.0,-2.37%,-0.04051860749238989,-0.033197239663888226,15.034170882452875,0.21286911762626975,0.000454058187727431,63.79409377050681,123512.45999999999,0.3352127655002894,-0.12168989131567454,0.013137121933433115
2020-07-28,5927.11,5849.83,5939.6,5799.11,105060.0,1.13%,-0.025602558012960307,-0.018366947557602004,15.752749994130511,0.19099291510224037,0.022072352481673913,86.20352934595154,123268.22,0.3201949609123739,0.049850630136317964,0.01277621078553776
2020-07-29,5966.27,5923.1,5966.27,5870.83,96060.0,0.66%,-0.01655129410595611,-0.009331108394510542,23.02479951122278,0.20173478355931848,0.02882511281903616,62.155755447345356,122987.61,0.2516841589367335,-0.09945201061524145,0.012918862388265565
2020-07-30,5928.45,5968.13,5968.13,5928.45,120640.0,-0.63%,-0.01968130485689361,-0.012589104356669828,33.910867908039656,0.10349857978111915,0.022303422421716464,56.913813189097,122744.17,0.08186428381676379,0.1383179306014477,0.011297106682691025
2020-08-03,5715.92,5816.23,5816.23,5695.53,161960.0,-3.58%,-0.04969933958737376,-0.04092541877084074,26.489778662576892,0.045486313133356084,0.0035800004564983993,102.54000000000087,122308.54000000001,-0.2925937784720227,0.24536643079803389,0.013338244570495318
2020-08-04,5775.5,5691.74,5802.49,5691.74,130800.0,1.04%,-0.03524194120914219,-0.02571133061923343,18.38236634417503,0.08534480325445175,0.01471606222350287,323.9864255665955,121651.8,-0.3783582248403023,0.011198480488659346,0.013786028638281843
2020-08-05,5833.58,5812.22,5888.85,5803.58,161800.0,1.01%,-0.023408506174746803,-0.012517683246801239,17.56095286615175,0.11242787959419659,0.02492032313492889,84.24189571341628,121098.89000000001,-0.5075030801887263,-0.06991427463161193,0.014097230821089938
2020-08-06,5902.58,5860.36,5902.58,5819.37,151550.0,1.18%,-0.008952942722849749,0.0007621521691706659,31.421852281056896,0.05091798400884732,0.037043153763172625,93.81323336917094,120665.07,-0.5070953306091243,-0.21761037794253246,0.014447334930881581
2020-08-07,5846.02,5906.87,5906.87,5834.86,129440.0,-0.96%,-0.015583731086550381,-0.006359163050459664,36.71069400996412,0.05468173587471416,0.027105946511963065,134.76511840272738,120282.15,-0.557375434414621,-0.060515923578074116,0.014270520965489409
2020-08-10,5930.92,5853.12,5930.92,5832.6,89900.0,1.45%,0.001359742200114759,0.008245869111955639,43.75941374116561,0.042251207575992156,0.04202229898062812,87.4625487144983,119935.59,-0.5597674939137737,-0.243208230169075,0.014772919197730034
2020-08-11,5953.94,5934.91,5984.35,5913.59,136880.0,0.39%,0.007462130954475988,0.011446838991708048,47.59726940094276,0.04119114651601367,0.046066756387326165,27.28112302995732,119669.13,-0.6321947186912351,-0.21525926524235794,0.014824303134298281
2020-08-12,5995.0,5980.49,5995.0,5966.97,112700.0,0.69%,0.015259742223458798,0.016461386061424343,62.670700928793075,0.05098278361724566,0.053280719077118815,133.74685841524658,119450.5,-0.6774054257730314,-0.23789384753542464,0.01494535475283421
2020-08-13,6097.78,6015.26,6097.78,6010.6,110730.0,1.71%,0.031807310055069406,0.029399120102022253,78.68419878535663,0.18321708832699937,0.0713384659172766,57.41975004758321,119272.69,-0.8550399069776854,0.33823107324744006,0.014366400282854125
2020-08-14,6076.91,6069.67,6076.91,6014.78,251850.0,-0.34%,0.027361367317257145,0.02203175493132391,91.1987406576386,0.23264842450501025,0.06767174888522667,36.997731199062876,119353.96,-0.9466283977123789,0.5324632355831684,0.013504483076890346
2020-08-17,6068.78,6081.11,6081.11,6012.14,119380.0,-0.13%,0.023418321352908465,0.017158338287925675,95.90598627393035,0.25970612576633084,0.06624336318946403,54.52313041943026,119283.20999999999,-1.06078293343583,0.8296579731947795,0.01333715837395402
2020-08-18,6156.45,6098.08,6156.45,6058.98,134990.0,1.44%,0.03534254835846096,0.02665479922383454,95.90598627393035,0.27563592098975004,0.08164638581523402,50.224417240033105,119263.23999999999,-1.0185902875160036,0.7219533217972942,0.013542616081932728
2020-08-19,6042.12,6167.13,6167.13,6042.12,115530.0,-1.86%,0.015190470446972368,0.005446731217195809,88.85384747680466,0.2115538644109973,0.06155938254382669,53.69306003450165,119268.98999999999,-0.8365429789207756,0.05568570915565463,0.014170473845189146
2020-08-20,6005.4,6058.35,6064.09,5962.64,73510.0,-0.61%,0.008089840757113964,-0.0018527317298150485,79.89440249058666,0.26633507356389957,0.05510792833123085,116.42017832339644,119174.79999999999,-0.9074547896468422,0.26586490433680865,0.01399318982335652
2020-08-24,5943.58,5997.55,5997.55,5925.8,626450.0,-1.03%,-0.005003553809846959,-0.011829308067277168,64.21955306870849,0.09977955033593588,0.04424657486111455,100.83680643863292,119115.94,-0.8499695613097027,0.10550646143392894,0.014119834615541504
2020-08-25,5953.44,5934.26,5962.89,5893.14,80690.0,0.17%,-0.005469026865457867,-0.009750338945724796,53.392084449894774,0.11382828884894841,0.025821992632133903,78.61423430544936,119030.51,-0.9168807766731055,0.19795037028524476,0.014101332433551968
2020-08-26,5931.33,5935.83,5935.83,5895.7,118090.0,-0.37%,-0.010316879061549402,-0.012226407306549884,42.13045292265983,0.17812558088976166,0.019239195995442812,110.5502697818736,118980.69,-1.0888872093682451,1.1251803159470022,0.01302372201072949
2020-08-27,5921.55,5930.04,5950.53,5919.74,116160.0,-0.16%,-0.012172078240086556,-0.01228456112250969,33.33515019077002,0.11532434505152696,0.01525048863285667,61.560499346528964,119051.07999999999,-1.0255233901041465,1.1824391105528722,0.012788087253057514
2020-08-28,5884.18,5917.71,5931.39,5872.26,203010.0,-0.63%,-0.018852238969869185,-0.01610353022216862,24.734269190995636,0.042358641417489705,0.00884339745568013,58.01418808937547,119045.51999999999,-0.889293913697393,1.0118091507775624,0.012764697135996053
2020-09-01,5799.24,5922.06,5946.22,5799.24,149350.0,-1.44%,-0.03149647439988451,-0.02600680307440223,14.002730198587082,0.03293241003849339,0.0,134.00885957042883,118963.43,-0.790350878089177,0.5990197987181634,0.013080280521097054
2020-09-02,5738.39,5820.7,5820.7,5703.59,140780.0,-1.05%,-0.03918822352436753,-0.030812810957387592,7.642029926818267,0.049048865446517265,0.006101420333509277,10.004638172219625,118834.22,0.02970423624675704,-1.1114525074078978,0.010501274850019652
2020-09-03,5772.86,5751.14,5775.97,5723.46,121130.0,0.60%,-0.03084192358476547,-0.020589124358152248,7.483712300988052,0.06183814317972293,0.012144982370752372,23.167180963132388,118856.69,0.05479413824411511,-1.0210014140121406,0.010320934589087796
2020-09-04,5785.09,5750.16,5785.09,5695.78,92770.0,0.21%,-0.02513333041242984,-0.014692096333900593,13.799613436025732,0.10899058241671358,0.015680029776431043,25.78813733958499,118854.05,0.1275954766501239,-0.8550932474771087,0.010064427737836733
2020-09-07,5935.85,5787.7,5935.85,5772.01,115590.0,2.61%,0.001973033917036659,0.010948094513059224,28.274608572216362,0.0984471679069042,0.0421487487227387,23.77738342569922,118805.56000000001,0.5040771413491077,-0.31141596624471024,0.011388283803586035
2020-09-08,6034.03,5917.54,6034.03,5908.47,141550.0,1.65%,0.01897277931899385,0.025111772417483497,47.214030621265216,0.1737254261840229,0.05938607179350326,56.98258201293917,118838.83000000002,0.298112513612028,-0.6137359454388078,0.011684257212491668
2020-09-09,5932.84,6000.16,6000.16,5932.84,120370.0,-1.68%,0.004594345179420948,0.007666015861949667,57.66274177009305,0.10377160038568793,0.04162028730042249,47.55863907809621,119026.84,0.41841868506288743,-0.4740247391600825,0.011961450489666573
2020-09-10,5902.39,5955.55,5973.59,5902.39,117560.0,-0.51%,0.0011302375558471709,0.0025695344603204875,59.3841878297686,0.05975626188551079,0.036274224074665906,45.71283868821991,119028.76000000001,0.5260789906518175,-0.4164574501501561,0.011980636499484575
2020-09-11,5967.96,5906.94,5967.96,5888.36,92180.0,1.11%,0.012711215737951956,0.012051494489035385,62.285904429410515,0.05341310121847285,0.04778625578937394,31.89978104744746,118977.20999999999,0.4848700677039621,-0.5576178145177675,0.012150877763523226
2020-09-14,5997.14,5954.23,5997.14,5934.47,105410.0,0.49%,0.01700258090570704,0.014611966084971865,75.21924730691485,0.05175458283241138,0.05290934692000052,6.095281460082771,118950.17,0.5538625544046948,-0.1589741768391133,0.011525434724791709
2020-09-15,6018.21,5989.44,6018.21,5947.85,102730.0,0.35%,0.01977558748338491,0.015397529390007868,88.29465385562962,0.0027794902322268423,0.05660857687621367,106.58483711623751,118849.53,0.4618795350582205,-0.2406230857270275,0.011545714965201482
2020-09-16,5946.62,5996.99,5996.99,5943.92,84450.0,-1.19%,0.007458340064632484,0.0023015393266865073,86.1916728258193,-0.050670704302614236,0.04403962231687322,80.24938628756078,118790.83,0.5178274922428172,-0.3631921525966235,0.011827702258754512
2020-09-17,5943.52,5946.05,5946.05,5886.33,92820.0,-0.05%,0.006665511711343747,0.0008585574752540989,80.9076127124909,-0.06923614600776663,0.04349535972246132,75.55321777920888,118668.67,0.6666935880746608,0.16796882094146115,0.011262283098657849
2020-09-18,5908.9,5945.25,5952.1,5886.37,170590.0,-0.58%,0.0005026423798641331,-0.005077032165494777,70.13550135501364,-0.04630677712499885,0.037417175522930994,31.99508031695992,118455.73999999999,0.8293766693892352,0.45747425417122445,0.01059832951882204
2020-09-21,5909.32,5913.6,5925.31,5879.76,60420.0,0.01%,-0.0007565846050977464,-0.005082001548373565,66.45971914264605,-0.036161058563386375,0.03749091432604489,107.72623139888823,118322.51999999999,0.7606767108841975,0.4431912186306559,0.010534143334396907
2020-09-22,5894.28,5893.19,5894.28,5837.03,78640.0,-0.25%,-0.005172936964528122,-0.007179276646386056,61.60729243656075,0.12649463095532815,0.03485036290025247,19.396079866422976,118226.44,0.7393933365657159,0.5964545620158863,0.010304782213435648
2020-09-23,5892.72,5900.88,5903.58,5876.78,83050.0,-0.03%,-0.006871286439793883,-0.006723534505862923,60.01281103720135,0.10768734471795342,0.03457647591725813,57.292743386514076,118177.14,0.7700982202244743,0.6406412857501191,0.010293857344503578
2020-09-24,5845.8,5888.2,5888.2,5845.8,102000.0,-0.80%,-0.015498454340801488,-0.012686550526979116,48.35652836033751,0.023920434356786414,0.012784108135640784,37.72420790966144,118116.41999999998,0.7893748117006519,0.5618542260091202,0.010407695187277733
2020-09-25,5838.66,5842.81,5880.18,5829.66,89260.0,-0.12%,-0.015549955866620304,-0.011685391563002006,30.262985839196546,0.04410425371093661,0.0015438293142310186,66.79523368055564,118030.88999999998,0.7834685777366207,0.5575023924934657,0.010406028221481458
2020-09-28,5861.39,5870.52,5872.19,5846.23,77060.0,0.39%,-0.00965836850823225,-0.006279252044745698,16.464725767928766,0.10943479623446332,0.005442856015616773,56.888880939255465,117948.0,0.6547090493487161,0.46496331733825746,0.010364108498683206
2020-09-29,5841.6,5878.28,5878.32,5841.6,91540.0,-0.34%,-0.011914072151353306,-0.007908613361719222,9.188247574550026,0.14027109873473467,0.002048146890213239,40.4679169753638,117925.20999999999,0.7544864703131471,0.8189579042769588,0.009843388520214841
2020-09-30,5864.23,5863.5,5878.53,5849.5,98140.0,0.39%,-0.007628760182931735,-0.002986002308625539,13.831874834261606,0.17195455863895093,0.005930019932551763,25.78658983163913,117967.57,0.6837041786867044,1.0141479277020382,0.009524952247930558
2020-10-01,5944.87,5881.9,5944.87,5857.38,77240.0,1.38%,0.00629835881396625,0.009910027098166675,28.590117563864624,0.16092066805357014,0.019762730588061748,5.718327025842152,118093.41,0.5971377096960907,0.4997711731835026,0.009884358093197652
2020-10-02,5999.4,5942.15,5999.4,5924.86,164010.0,0.92%,0.015500996741366586,0.017060161928295958,56.48722708388569,0.18987335723354296,0.029116620866396974,12.93757781163688,118265.42000000001,0.4869383412120225,0.23928593010115273,0.010031772637816213
2020-10-05,5938.95,6005.58,6010.76,5938.95,181370.0,-1.01%,0.006233067643742101,0.006104375654700454,70.4916320375941,0.044618324380956115,0.018747233972478662,28.62999999999738,118479.73000000001,0.08249172359788245,-0.4715344053684949,0.008596828468062723
2020-10-06,5910.64,5938.41,5949.67,5850.85,152040.0,-0.48%,0.0018727689132952098,0.001116715875851724,65.0291223922401,-0.0067986842763055515,0.013891033096269847,25.530000000006112,118482.82999999999,0.003424512006284471,-0.376543658098087,0.0077230257209153315
2020-10-07,5867.88,5904.91,5904.91,5845.68,175920.0,-0.72%,-0.004463476373338234,-0.005413499714341849,42.055954353027865,0.02812200033026544,0.006556128487767769,33.411145192059436,118359.44,0.3835920952468559,-0.5754831529577293,0.006954623348048704
2020-10-08,5942.66,5888.45,5942.66,5825.48,189540.0,1.27%,0.007811281077231016,0.006159285845726397,43.02160253640924,0.16261081779105405,0.020115080645715083,32.900000000001455,118294.48000000001,0.25650444526489846,-0.8411447668203573,0.007461876331384503
2020-10-09,5931.61,5943.71,5943.71,5908.52,175230.0,-0.19%,0.005665779671713016,0.00349528888840198,47.21001769236613,0.14093930828096654,0.018218241243640028,7.369999999995343,118334.75,0.3970697436696876,-0.4650661201493582,0.007030212627532909
2020-10-12,5937.05,5935.4,5954.47,5910.73,146600.0,0.09%,0.006066998428661533,0.003535998456906586,60.2475532527346,0.10692436945689683,0.019152069872353975,43.720000000001164,118298.4,0.48028910913839806,-0.2839068958716604,0.00693184532640981
2020-10-13,5923.23,5938.61,5946.07,5920.77,128620.0,-0.23%,0.003354589350470457,0.0007042300318292312,56.75194300518131,0.02046476856109043,0.01677973317220212,16.369999999995343,118238.31,0.6109195430942924,-0.10805751084794091,0.006877551516505766
2020-10-14,5925.3,5923.92,5933.83,5913.01,133810.0,0.03%,0.0027406857722108015,0.0005609451282125066,55.61672423719062,0.060584855821674166,0.017135068698201802,42.71250556260292,118143.33,0.7640056800464337,0.07400082391971274,0.006360886477413366
2020-10-15,5938.33,5930.43,5950.5,5919.55,152750.0,0.22%,0.003736456432034251,0.0021018395757042116,55.84700633275764,0.038445918527548875,0.01937179425558072,40.69958628224046,118122.01,0.6936415492592897,-0.028628521824567876,0.006381813798904626
2020-10-16,5898.47,5921.34,5939.62,5898.47,140600.0,-0.67%,-0.0034470848817499205,-0.004226807125488529,51.392487046632276,0.004095494507840407,0.012529439634159022,45.698873700932374,118116.81999999999,0.6791547458872298,-0.06451712684471111,0.006427192959342768
2020-10-19,6019.26,5913.78,6019.26,5913.78,112230.0,2.05%,0.014784829052521676,0.01387384463165779,66.76741508347736,0.0409702912846092,0.03326421170444335,38.205805151834454,118106.39,0.9152844082085558,0.22784115192554566,0.007901374429552495
2020-10-20,6112.71,6022.61,6133.0,6018.33,183300.0,1.55%,0.027465123214739443,0.02544261291847226,77.59882840089944,0.054346617917416844,0.04930580827674295,55.71472660521737,118216.33,0.6853308612382056,-0.4721256562780689,0.008491598775358798
2020-10-21,6278.59,6146.04,6290.68,6146.04,287420.0,2.71%,0.05113574941571849,0.04556920484336347,96.93439098322693,0.12868925553140378,0.07778071506553977,41.225120296523144,118434.76000000001,0.810012910377573,-0.22501442188866116,0.010175230605276253
2020-10-22,6344.63,6309.87,6344.63,6241.31,258340.0,1.05%,0.05782481718618393,0.047923174277195335,96.93439098322693,0.2415312007888881,0.08911711996264696,195.87829770809557,118820.63,0.6796200119550073,-0.3422688911814715,0.009942260304929942
2020-10-23,6484.06,6370.92,6484.45,6370.92,203820.0,2.20%,0.07409883425810651,0.05960575037406151,99.11397817597809,0.3157286982458436,0.11305162836367147,217.45454672677874,119319.45999999999,0.4838124510955525,-0.8084791576744905,0.01061322206482317
2020-10-26,6491.19,6496.19,6517.26,6453.2,141850.0,0.11%,0.0679439689560969,0.05037026450300099,98.72409253273348,0.31353623919067425,0.1142755618421143,305.0467692213986,119964.86,0.5158195635509504,-0.8115220001208163,0.010651151162458903
2020-10-27,6415.08,6467.45,6467.45,6381.19,150490.0,-1.17%,0.04867870582914943,0.030564376572056767,93.80056193051888,0.3260823946423181,0.10121054402384017,257.8999999999942,120594.66,0.40092572661195547,-0.8560700918363193,0.011155371631560496
2020-10-28,6377.79,6413.6,6415.03,6377.79,128990.0,-0.58%,0.03731250864048943,0.018888808182636285,86.30724002603684,0.28330040790508815,0.0812617509286306,281.5168869799084,121168.14,0.4632619017207869,-0.9261757284731305,0.011403040575911863
2020-10-29,6249.39,6326.31,6326.31,6248.48,164490.0,-2.01%,0.012690305975756922,-0.003767349158842325,73.13364549953239,0.20540994120899456,0.05949339404964339,197.9800000000032,121681.70000000001,0.34806952367240224,-0.6238883900168113,0.012393919993139577
2020-10-30,6324.0,6233.6,6328.38,6202.9,147360.0,1.19%,0.02021121192947429,0.004860259775792651,67.64653598151232,0.19839980062200493,0.07214243693703618,41.34694668291928,121986.22,0.32110065452401876,-0.695758562502061,0.012486525996595197
2020-11-03,6335.56,6282.89,6358.42,6250.87,92460.0,0.18%,0.01724285836836229,0.003786930280837418,65.37166620878384,0.27561209837058753,0.07410226719810394,133.97177120473438,122310.82,0.2629461875229784,-0.5437546530066717,0.012123317856272688
2020-11-04,6464.05,6374.47,6464.05,6334.09,126940.0,2.03%,0.031499966204321266,0.019066510046260077,76.93509375824864,0.30706072861179756,0.09588588227116522,33.44549291115006,122707.43,0.0779771407147124,-0.7672492909470283,0.012532223874950718
2020-11-05,6644.77,6477.16,6702.75,6477.16,202370.0,2.80%,0.0518685361922353,0.0392967962884831,84.94275647426258,0.34815721310412995,0.1265243359718707,230.72781081167685,123260.84,-0.009245790613765811,-0.8089297072344848,0.013239776464148695
2020-11-06,6685.69,6686.13,6709.73,6571.0,196130.0,0.62%,0.04900872238230729,0.037720570193159976,93.72391250201547,0.32870653917043574,0.13052734460869359,317.0246708210973,124037.73000000001,0.06134875152189766,-0.7514685708954469,0.013153183674798594
2020-11-09,6685.85,6665.08,6685.85,6619.59,148710.0,0.00%,0.04125488245182945,0.031076923592112147,95.43897194609319,0.3603336722645464,0.11091448956770407,321.57395179086484,124780.76000000001,0.04647909928177405,-0.7216514008871902,0.013100668478303218
2020-11-10,7035.48,6792.58,7035.48,6792.58,273850.0,5.23%,0.08457297178375686,0.07145704096686144,97.84194935031393,0.41905832235616025,0.14471757424292708,283.57886952029867,125535.0,0.7084369453696587,0.6053562133022368,0.016603153933720607
2020-11-11,7024.26,6968.93,7079.18,6944.11,296450.0,-0.16%,0.07402475704933721,0.05820101037583107,96.75957838567216,0.444084483275012,0.13241548308049472,669.974947964475,126633.43,0.7077437746829558,0.6178845579622219,0.016578431092544286
2020-11-12,7024.26,6968.93,7079.18,6944.11,296450.0,0.00%,0.06611139918364249,0.04800958656264779,95.82173125789325,0.4330137959151646,0.13241548308049472,378.36302704394785,127734.45999999999,0.7088797995429297,0.6133501409990445,0.016587865386958188
2020-11-13,6969.88,6933.89,6972.66,6917.02,191250.0,-0.77%,0.05231547360673374,0.032069577621655646,91.66400389525421,0.46582930506646897,0.12364861596994962,334.7454731321662,128833.42000000001,0.7101290366853036,0.4520425485485453,0.0169372778945584
2020-11-16,6918.05,6991.39,6991.39,6857.89,174120.0,-0.74%,0.039703991589850475,0.018469470133446957,87.62381887068064,0.4943690341483558,0.11529284689419475,348.429999999993,129864.97,0.7068257872707244,0.4372961455347726,0.016971507882353114
2020-11-17,6959.14,6950.52,6971.6,6921.12,172030.0,0.59%,0.03980643378627363,0.01841604024528312,85.14668066523642,0.480115630219406,0.12191716777636279,386.58914090671817,130884.55,0.8506382568360833,0.7681048938536881,0.01672472468558741
2020-11-18,7051.78,6971.9,7051.78,6970.49,181960.0,1.33%,0.0461233482416847,0.024793521800779553,88.26212321784514,0.4968463879639175,0.1368521175579165,268.7299999999959,131824.43,0.8747967204958483,0.8341353708927532,0.016675465848058055
2020-11-19,6997.62,7008.96,7012.54,6974.65,181320.0,-0.77%,0.02992302701870749,0.011888667665136762,91.28893352200971,0.45712589351330957,0.12812071772880432,269.33771245307645,132763.5,1.1259439048245088,1.5298269320533695,0.016309053930281755
2020-11-20,7169.79,7024.23,7169.79,7021.18,226730.0,2.46%,0.045962858998868115,0.029333479359813463,95.85520609850732,0.45248519100719253,0.14700673666225664,48.69000000001688,133482.53000000003,0.9725168452932846,0.9065708048656869,0.01683024641235351
2020-11-23,7178.62,7163.98,7263.71,7158.68,414390.0,0.12%,0.03813107095975558,0.024250834376601436,93.84642344728104,0.31054637237140803,0.13333091256991925,353.66427335721926,134307.69,1.1880804827642752,1.5215371379099292,0.016445836959988743
2020-11-24,7108.67,7211.13,7228.12,7016.11,210480.0,-0.97%,0.021215373100665322,0.010546019795488153,90.37846657980886,0.2918377677237763,0.09749797750866124,81.90999999998894,135002.25,1.1834909454923999,1.3726963868292854,0.016764739130837602
2020-11-25,7001.51,7125.44,7146.13,6994.79,268280.0,-1.51%,0.0021525274356766775,-0.005451345727796616,77.76135407962842,0.2316168660016732,0.0655166641302694,266.999902008705,135619.73,1.1383858985610087,1.2808476735712029,0.01695296917032928
2020-11-26,6927.75,6987.32,6987.32,6843.11,186610.0,-1.05%,-0.010852943714122648,-0.014833117591191406,63.42642721270598,0.2672795965484312,0.046552732117850174,112.95999999999185,136206.16,1.1198808803270408,1.1883608094846405,0.017136300809160565
2020-11-27,6791.46,6885.07,6909.03,6791.46,594660.0,-1.97%,-0.03135578897223831,-0.030310970802310315,36.663559838307236,0.1474790166511221,0.0,241.41966452553442,136756.12,1.1311734461426017,1.1988549773812505,0.017102133764559258
2020-12-01,7009.56,6740.3,7009.56,6740.3,172430.0,3.21%,1.5183576058342399e-05,0.0008627365047853649,33.095145377469244,0.15435028335946638,0.03994777680518674,120.84999999999127,137298.19,0.9671560159127996,0.38155774162123546,0.018139671558213583
2020-12-02,7080.62,7019.25,7080.62,6988.27,149630.0,1.01%,0.00957309654032512,0.009641133474848214,38.821064430051685,0.17314018941064035,0.05049033425811903,282.52635465974777,137983.75,0.8963054617523316,0.2859619790651884,0.018150803110281093
2020-12-03,7194.13,7077.63,7194.13,7022.86,256080.0,1.60%,0.023986112853601603,0.022315544481899846,67.72319978601864,0.19541433107301545,0.06733083097191518,61.34999999999127,138728.81,0.9376055505985016,0.4275403879225408,0.017995693469688656
2020-12-04,7134.56,7184.57,7196.96,7097.35,176210.0,-0.83%,0.013809733863861163,0.011761877281365584,75.68381702043654,0.16651301618404146,0.05849294541785977,112.65137523210863,139458.89,1.210560395243641,1.2097683152789829,0.017432754913347427
2020-12-07,7203.67,7173.7,7203.67,7142.3,150480.0,0.97%,0.020671219024039098,0.018360408256262336,83.52024862599752,0.17285012313570156,0.06874619824043439,119.25326361890731,139948.68,1.1723971106875792,1.1191168704527987,0.01747669475581907
2020-12-09,7102.66,7197.07,7247.34,7102.66,226230.0,-1.40%,0.004899729566943336,0.0032322111855695246,77.69498735853988,0.09194002538972902,0.05376021838790553,242.25901110657819,140466.65999999997,1.1555369677913385,0.9605888039544261,0.01791651804513056
2020-12-10,7154.43,7114.69,7166.85,7114.69,127980.0,0.73%,0.011175301006864376,0.008902905086190373,78.96040707412293,0.05038097989086544,0.06144088542053026,154.77806412059,140883.47,0.6040727276422744,-0.3797089105816327,0.013769357872336631
2020-12-11,7246.16,7183.88,7304.9,7181.22,167300.0,1.28%,0.021576762733351237,0.018567416822378696,79.31610883838454,0.04143411763375186,0.07505007195525416,72.593571340719,141002.41999999998,0.4488384761119258,-0.6348950881266933,0.014005643050651145
2020-12-14,7281.35,7244.38,7311.21,7214.94,176260.0,0.49%,0.02538596984463645,0.019915725277162153,87.82915260032455,0.04518592685804911,0.08027090782309396,161.23053867056487,141224.32,0.3950989320247775,-0.6728245739341814,0.014017642815492743
2020-12-15,7227.73,7281.91,7290.6,7214.14,203830.0,-0.74%,0.017332456904620604,0.010016040496057232,89.91455270808812,-0.0236569559504382,0.0723157722950016,54.15449746953596,141481.41,0.39407209926714126,-0.6679218183957745,0.01400422841111131
2020-12-16,7299.7,7242.47,7299.7,7202.49,138990.0,1.00%,0.025492976840466662,0.0163783808269185,92.71046808311877,0.011795682025673616,0.08299333857543427,219.62061529851738,141739.26,0.23445648765042607,-0.7096928032257153,0.013933127193847199
2020-12-17,7298.02,7271.65,7298.02,7236.82,111070.0,-0.02%,0.022215507874795665,0.012764198481255727,93.68376801947768,0.017508248283990537,0.08274409150928004,108.8183368084114,142120.91,0.30173449272522285,-0.6818836185027188,0.013927798848615789
2020-12-18,7272.8,7266.96,7286.67,7222.01,149700.0,-0.35%,0.015178442792570405,0.006779589555814619,96.31523941310077,-0.004857356583565348,0.0790024182899871,11.791228291965487,142459.78999999998,0.47114643101531445,-0.4807446564650659,0.01374439286158863
2020-12-21,7224.89,7244.85,7251.02,7157.88,127100.0,-0.66%,0.004151482553210527,-0.0009742895954831841,91.94735889486383,-0.0008428314441737632,0.07189442606412179,75.45771814597003,142680.81,0.4679778649346805,-0.46594025056103927,0.013707541296845356
2020-12-22,7202.39,7206.33,7206.54,7081.14,172670.0,-0.31%,-0.0008883000137432041,-0.0042207949617018795,81.48525380184807,-0.016519463610705044,0.030639915172138436,118.39707304498864,142908.08000000002,0.6121729525317674,0.11862858646040753,0.012627337065957926
2020-12-23,7204.38,7169.05,7206.46,7075.18,99910.0,0.03%,-0.0018362765714563872,-0.0038646175907452026,71.37829714241353,0.07365221657692628,0.025847019590309425,86.56438180552286,142940.68000000002,0.6240710392441763,0.13009710576183098,0.012625443264014814
2020-12-28,7122.25,7142.95,7142.95,7058.66,89300.0,-1.14%,-0.01251290047169111,-0.013485818325822341,51.47792833842741,0.09529880195292655,0.009008792037015545,104.48507740342711,142966.44,0.6178775897811062,0.09182590156743986,0.012699669679918165
2020-12-29,7139.71,7123.12,7173.27,7120.82,118120.0,0.25%,-0.010142588433725617,-0.00973620623209934,40.07436728457426,0.15809576458968075,0.011482349341093094,107.31182594819826,142980.02000000002,0.5836151564442801,0.3057750306128324,0.012186583379413864
2021-01-04,7197.5,7149.64,7207.79,7137.91,136510.0,0.81%,-0.0020695432694188888,-0.001437069126842257,37.41569326206039,0.17834899518954705,0.019669455675723174,77.79488343152298,143118.22,0.4366001307231926,0.3382201284679818,0.011964594247600335
2021-01-05,7134.18,7186.72,7186.72,7104.0,123320.0,-0.88%,-0.011157512329280224,-0.008787216317538728,38.990298950702936,0.38835981500645517,0.010698914524853222,187.97779469926428,143387.97,0.7363531702225765,0.5266606913714744,0.011147993968227795
2021-01-06,7047.85,7126.91,7127.01,6928.9,112060.0,-1.21%,-0.02209151714324765,-0.017746117911440405,38.6639120723446,0.3463790036050761,0.017167227121188174,80.98845034270762,143730.69,0.04846074606124379,-1.2779858006562417,0.009181749140934992
2021-01-07,7119.61,7054.39,7126.07,7028.06,92750.0,1.02%,-0.010894058648621576,-0.006129800229921598,36.96669536801036,0.329664949264194,0.027523849384462187,84.03171170978386,143768.98,0.04857699978602923,-1.2785901310512813,0.009184245991739429
2021-01-08,7289.88,7141.35,7289.88,7134.75,159050.0,2.39%,0.012675319696025561,0.015902382364477996,59.449589552470876,0.30691355010478133,0.05209773557130287,57.38459629869654,143807.97,0.41273708705372275,-0.49673872146322884,0.010025097488392967
2021-01-11,7304.79,7292.99,7432.4,7285.08,121250.0,0.20%,0.013971233799616217,0.0159762242873732,73.96356216262114,0.2971496604624197,0.054249592287376115,150.0414778257481,143903.72,0.32118402013516467,-0.3861636638945134,0.009801174826007545
2021-01-12,7258.11,7326.54,7326.54,7253.81,101990.0,-0.64%,0.007907248387067304,0.008474463231593099,79.1304646689285,0.21512811443476976,0.047512592186349935,69.69000000000233,144073.95,0.5218077778177065,-0.18563943997178223,0.009729697015913934
2021-01-13,7242.85,7259.46,7284.6,7233.99,104130.0,-0.21%,0.006338849312915104,0.005577675788638093,67.46441575637216,0.285316364309586,0.04531022240182435,37.10727340746704,144128.39,0.6388946103224014,0.0626589571012337,0.009145976552660346
2021-01-14,7273.15,7183.95,7308.44,7180.88,122650.0,0.42%,0.010545293372848314,0.008367242742718684,65.36974511751085,0.28123525591747733,0.04968321089927694,16.05999999999767,144268.58000000002,0.6944360270868173,0.21587198999153356,0.009059856871912629
2021-01-15,7238.46,7282.26,7297.41,7238.46,90710.0,-0.48%,0.005589971571353282,0.00279386722704563,64.06885137371742,0.2508371424730034,0.04467664420037819,31.055358777145244,144387.30000000002,0.9457151827879063,0.9488868716018537,0.008683786526613944
2021-01-18,7203.44,7230.05,7230.05,7157.63,85710.0,-0.48%,0.0007144546884897814,-0.002153869803318422,61.45978152929499,0.24210738446593585,0.039622450894081306,29.17340028765092,144379.6,1.1043258529975728,1.211236462389758,0.008667963820340312
2021-01-19,7198.45,7158.73,7198.45,7137.56,73630.0,-0.07%,8.008317535843383e-05,-0.0028479175535448117,56.51439920556115,0.3435932102076439,0.0389022788610025,32.45000000001164,144301.69,1.071698160523492,1.3124406057565796,0.008517058384556523
2021-01-20,7143.3,7164.06,7172.16,7082.75,103590.0,-0.77%,-0.007789165888160111,-0.009489074239117067,50.2144985104271,0.30433295744416156,0.030942862503427752,58.683422949960544,144272.41,1.3386220898647296,2.1532530060907185,0.008323541048342067
2021-01-21,7140.29,7161.07,7161.07,7112.33,77870.0,-0.04%,-0.008212964816801668,-0.008823662665982059,46.033763654419175,0.2647687893945686,0.030508450114736876,82.73810077778245,144116.01,1.3425550107790254,2.1617536448076624,0.008322659944036553
2021-01-22,7045.83,7116.76,7116.76,7007.2,110170.0,-1.32%,-0.01985856743712429,-0.019147808298703398,35.92982456140363,0.2164040110485491,0.016875694554691265,27.549999530094162,143958.28,1.1843440016687148,1.6899994332861308,0.00874689545633356
2021-01-25,7071.5,7026.77,7071.5,7012.76,82850.0,0.36%,-0.015674577746058845,-0.013430208326357709,31.176431645150714,0.23322517038356222,0.020580467318044766,68.33995968799049,143731.31,1.030108029573976,1.4454165670685422,0.008735804458987103
2021-01-26,6977.16,7039.17,7039.17,6961.06,114690.0,-1.33%,-0.028123265664956796,-0.022830197183071575,18.32032566141763,0.13176158553606496,0.0023128661439492625,10.520000000004075,143577.91999999998,0.9371112702408438,1.0643167430342775,0.00915316043251893
2021-01-27,6863.61,6947.52,6949.48,6824.88,120010.0,-1.63%,-0.04149871292823343,-0.03303719689473951,12.70421326602399,0.0641113199005466,0.00567482505186898,150.40046454850696,143352.69,0.8590334004673336,0.7556520395532145,0.009710776459914458
2021-01-28,6851.84,6808.72,6918.3,6770.75,82270.0,-0.17%,-0.03894310928921125,-0.029060928463510077,7.348872119327058,0.04684663268029287,0.011976516634050902,105.02000000000407,143011.91999999998,0.8137979918403219,0.9096990672431926,0.009475683385319508
2021-01-29,6612.62,6826.65,6827.38,6612.62,175330.0,-3.49%,-0.06601987215373271,-0.05371853705731456,6.210274362576835,-0.01933455033794746,0.0,48.92769802555162,142741.51,-0.2527306449189075,1.476878304854937,0.011937984477428646
2021-02-01,6814.76,6634.59,6814.76,6634.59,107300.0,3.06%,-0.033144617108338756,-0.019830510285515548,13.76878028810333,-0.014509698523644983,0.030568821435376647,361.70000000001164,142214.42,0.35972309035302935,1.1900817134740853,0.013993321147610772
2021-02-02,6867.88,6838.26,6917.92,6837.31,80810.0,0.78%,-0.02189135166637532,-0.00875912436852533,21.91179711228007,-0.008280075029926948,0.03860194597602769,21.039999999993597,141831.68,0.1966513115174559,1.0096720815518072,0.014100209105369056
2021-02-03,6859.46,6895.43,6913.3,6819.42,105550.0,-0.12%,-0.01896196288433986,-0.006875765352226507,33.927159486146515,-0.026306016750723207,0.03732862314785972,58.28033027514332,141565.38,0.10713379581205416,1.2138298945318926,0.013890428896827288
2021-02-04,6903.75,6858.04,6903.75,6809.41,79210.0,0.65%,-0.009239918572186133,0.001243159971652289,39.960921926408766,-0.027101517895281594,0.044026422204814446,56.86999999999534,141376.99,0.13049493573370166,1.369576778596393,0.013753201080068726
2021-02-05,7019.18,6899.15,7019.18,6843.83,96060.0,1.67%,0.009231728620104658,0.016980017092117515,50.865654459760776,-0.058881535683168194,0.06148243812588662,150.84096692104742,141161.13,-0.011785386330521515,1.6785562084353955,0.013134977806492164
2021-02-08,7024.48,6997.28,7032.12,6965.93,102240.0,0.08%,0.011801555748476793,0.01638318070230896,63.385922544247,0.02358911262193356,0.06228393586808249,2.029999999998836,140890.43,0.0023399911386817315,1.7020801941734733,0.013118213730885788
2021-02-09,7065.55,7014.79,7091.92,7014.79,101540.0,0.58%,0.018532009183475976,0.019905431575683887,75.19650286346881,0.0841200128087917,0.068494787240156,105.92204397574912,140610.12,-0.12765151213694823,1.6286944453326528,0.013181634052258875
2021-02-10,7082.15,7076.38,7159.11,7073.78,115750.0,0.23%,0.021536523319599987,0.019453518354175286,80.70264544255998,0.07112723849828892,0.07100513865910936,89.77999999998428,140417.56,-0.17777184995992296,1.6078877856978977,0.013204242015334213
2021-02-11,6991.01,7059.48,7076.01,6991.01,132190.0,-1.29%,0.008960264398878618,0.005211940901940225,79.24703474669155,-0.02097442500198178,0.05722240201312042,60.20991344658769,140256.86,-0.014380225150331044,1.3495285980474199,0.01339845136349909
2021-02-15,6959.21,6996.58,7026.4,6959.21,79140.0,-0.45%,0.005534784575013336,5.8890830688092525e-05,72.85952167468763,-0.015383196416937495,0.05241341555994449,31.660000000003492,139974.72,-0.01681157276751708,1.3526760740623187,0.013396044169252256
2021-02-16,7044.06,6969.93,7044.06,6969.93,92300.0,1.22%,0.017092486805839566,0.009869084877598187,70.53620987270288,0.01889868732361141,0.06524494073453495,81.75025443384679,139695.47,-0.14806222844016376,1.0128598558356625,0.013735087785764884
2021-02-17,6966.43,6991.36,6995.6,6916.71,88260.0,-1.10%,0.00481793255018061,-0.002037617815746758,69.03694486632888,-0.005973061494835991,0.05350526720120019,79.73687290080872,139536.09000000003,-0.048116263988951836,0.8082574452112654,0.013914782902792184
2021-02-18,6849.64,6954.37,6972.26,6849.64,111350.0,-1.68%,-0.012005129188921826,-0.017202813157299275,62.35368747217103,-0.0780058866356706,0.035843583934960795,93.43516630007939,139304.07,-0.0076699189783247705,0.5056242041484444,0.014269759489737455
2021-02-19,6926.41,6858.72,6926.41,6841.48,103240.0,1.12%,-0.004151314771288443,-0.0060648961310945165,54.58307548413503,-0.03294046070687642,0.0439846320571429,26.570000000006985,139010.41,-0.0899517647337774,0.266464049057054,0.014571211621052226
2021-02-22,6810.34,6901.93,6907.47,6810.34,78870.0,-1.68%,-0.020794899432112036,-0.020003094774530248,33.0909681400923,-0.05608449421079021,0.00013657570920245528,200.04859456170956,138796.53,-0.08308584291554416,0.15475115474819745,0.01474209708758714
2021-02-23,6814.67,6808.13,6814.67,6736.42,111810.0,0.06%,-0.019636579016432343,-0.016733239668771507,24.804651988175085,-0.041365829896310116,0.01161596218763082,4.960000000006403,138561.03999999998,-0.05455150571090539,0.18624291850803898,0.014701137033667832
2021-02-24,6755.95,6808.42,6808.42,6735.84,84960.0,-0.86%,-0.027049207393715496,-0.02153098801935565,7.843143898375348,-0.027548348380848377,0.0029855222214303892,261.79000000000815,138304.21,-0.08468004646678678,0.3122623450148754,0.014542110193745213
2021-02-26,6794.86,6718.06,6827.17,6681.14,198570.0,0.58%,-0.02034829894646922,-0.013057539567839718,15.685259225949757,0.04686946748463736,0.01702104730629793,40.5800000000163,138083.0,-0.2624059249537466,0.6326608678891223,0.014195099454060223
2021-03-01,6872.97,6828.7,6874.4,6798.81,107460.0,1.15%,-0.007592483858687657,-0.0004922043203872397,22.89257025610279,0.0905771132858272,0.02871216588785745,109.3300000000163,138014.25,-0.3600937914729404,0.4758429640627533,0.014436347007833361
2021-03-02,6919.54,6862.64,6919.54,6848.81,113350.0,0.68%,0.0002144491655841113,0.006397601461830761,37.93473788452554,0.23139031998904427,0.0356825332203785,130.46000000002095,138035.38,0.21844712378075345,-0.015558386771600485,0.011873704636832029
2021-03-03,6942.76,6918.74,6942.76,6871.18,80080.0,0.34%,0.0048448258037837024,0.00929127225935473,48.249192766631175,0.2212477157394063,0.039157988008034536,72.59597602616708,138342.30000000002,-0.459208250381791,-0.8239475330007591,0.009856143457275089
2021-03-04,6882.49,6911.17,6921.1,6839.34,87510.0,-0.87%,-0.0018178740487189407,0.001049558170336244,51.86824193069388,0.23231120882290693,0.030137072415785247,48.45999999999185,138470.30000000002,-0.25836205972595544,-0.9943989504226285,0.009944456111535742
2021-03-05,6881.37,6864.58,6896.25,6829.21,77540.0,-0.02%,-0.0008454616073104679,0.0011517603939327765,53.63301904338069,0.26422089191581494,0.0299694363536761,63.06999999997788,138484.91,-0.2750664371265528,-0.9845875180768067,0.009939535139418167
2021-03-08,6756.92,6879.77,6879.77,6745.75,106260.0,-1.81%,-0.016852596088420164,-0.01446360902494386,42.34801303851839,0.1796638586173534,0.011342375702350159,41.15999999998894,138506.82,-0.15522838315464843,-1.1300296940064565,0.01061897871603705
2021-03-09,6766.83,6738.83,6769.38,6668.33,92580.0,0.15%,-0.012565615724134416,-0.010981046928895188,35.38334886814338,0.17601868267198653,0.014771314557018024,104.72808129595843,138359.99,-0.27777659593384424,-1.1386535819566614,0.009793442428303456
2021-03-10,6808.32,6752.9,6808.32,6727.1,113980.0,0.61%,-0.004871320161277088,-0.004050955353671166,32.3460186331662,0.19204173039786165,0.020993262181085787,71.05183732286186,138107.64,-0.32261176423000265,-1.1924340683994321,0.009939480535458796
2021-03-11,6719.18,6782.57,6782.57,6705.67,58970.0,-1.31%,-0.016560865406599987,-0.014737243420393386,31.56224545231204,0.16147217124074212,0.0076255974134454,69.48000000001048,137891.48,-0.12005395897342047,-1.3278528132044458,0.010102131089883622
2021-03-12,6728.55,6734.4,6749.13,6693.91,60800.0,0.14%,-0.013148114682611348,-0.01135730872494706,28.84430945787858,0.2207863869890937,0.009030746828666286,122.80937991346111,137545.11,-0.10909971964666552,-1.31735747705273,0.0100804300709817
2021-03-15,6552.46,6694.09,6694.09,6489.79,126880.0,-2.62%,-0.03637125884495989,-0.03219220464701655,18.102777897982797,0.26350589636768573,0.009656706919638398,76.7100000000064,137191.51,-0.3657193979292459,-0.9280182722172485,0.011178870000187347
2021-03-16,6559.08,6529.1,6610.53,6519.18,74770.0,0.10%,-0.032800905991577055,-0.026600349743721764,17.025279053241785,0.29947259042122465,0.010676770742967025,234.4368340165823,136752.96,-0.435904339805937,-0.9108403830625798,0.011211958072032548
2021-03-17,6566.83,6574.31,6593.53,6548.54,88590.0,0.12%,-0.02972533818754112,-0.021292525449877777,15.379973655356162,0.24466158265694746,0.01187095422193938,38.29000000000815,136352.83,-0.493070628300901,-0.8118591156298467,0.010690250022818799
2021-03-18,6630.85,6581.47,6675.84,6577.64,94190.0,0.97%,-0.018567336394675213,-0.009050141427985662,21.148567601975163,0.2362643681008596,0.021735680199205274,65.35624278839335,135875.59999999998,-0.6426780946530024,-0.6929884762569429,0.010922086316447036
2021-03-19,6436.1,6628.74,6638.93,6436.1,149880.0,-2.94%,-0.042972118913306316,-0.031978408259921466,16.04962801068509,0.21256964440282292,0.0,103.36000000000058,135540.02000000002,-0.820590324082395,-0.4003913728758568,0.012094895524788927
2021-03-22,6395.17,6381.59,6444.58,6325.64,77080.0,-0.64%,-0.043732405565878485,-0.03172816185974539,14.135995883510882,0.169911021089188,0.010991773164454465,230.01291651517835,135126.48,-0.7893607424895346,-0.3690811290468283,0.011634965860758087
2021-03-23,6446.35,6381.82,6446.35,6381.82,83560.0,0.80%,-0.030941528285577728,-0.019201710663477693,10.512858392598163,0.25118188386766555,0.019082654087175372,14.34000000001106,134595.24,-1.0121002674509028,0.09516111832411811,0.011513440596245915
2021-03-24,6497.01,6427.72,6497.01,6393.14,83840.0,0.79%,-0.019266587036155507,-0.00837244687750431,20.52378237453562,0.24050057591028923,0.027091329889149536,117.54892963228093,134231.25,-1.0129510073561154,0.02651234070101527,0.011734057481325047
2021-03-25,6581.0,6498.51,6603.55,6498.51,125590.0,1.29%,-0.003360389162596209,0.005339726568777585,32.129181250530024,0.29035106999489724,0.04036903775744425,31.989999999990687,133913.59000000003,-1.0811011703026228,0.14915503680159015,0.012108308354440794
2021-03-26,6544.63,6567.89,6576.6,6526.29,104300.0,-0.55%,-0.006587059032209529,0.0009776334235614894,40.49514136648427,0.23184360585724215,0.03461942190829699,161.91174370919973,133738.64,-0.9715748145524594,0.028071088687891432,0.012027624605243738
2021-03-29,6607.78,6469.26,6653.52,6432.07,107050.0,0.96%,0.004731121320608512,0.010229231853536967,49.968485774922755,0.21061904396707887,0.04460260147589799,43.29000000000815,133488.41,-0.9996494901642722,0.061051565639590244,0.011926829878107873
2021-03-30,6545.55,6586.93,6603.06,6504.18,82150.0,-0.94%,-0.001882572523808112,0.0013503343469280684,50.65004339710334,0.14653934744895541,0.03476486173731035,72.31993424881807,133223.22,-0.8419236880658845,-0.13800513050046215,0.011856508663502744
2021-03-31,6443.09,6554.43,6557.04,6443.09,114920.0,-1.57%,-0.014543049092445528,-0.012010552893962618,44.77145264290068,0.04179623546160084,0.01856729121480195,65.3576751422557,132849.23,-0.6219261156120023,-0.5356023411441102,0.012104254621667542
2021-04-05,6495.15,6447.4,6500.35,6446.04,77840.0,0.81%,-0.004041026910424407,-0.003150729556664681,40.622598374748414,0.07256221165755658,0.026797288495709413,169.41841531098223,132349.56,-0.7496971048423758,-0.4768948431965292,0.012316504468897408
2021-04-06,6590.11,6521.26,6590.11,6518.49,78840.0,1.46%,0.010103493918787804,0.010005374344554672,49.75325872684812,0.09129273523285827,0.04180920823821769,39.75999999998021,131962.22,-0.6943090635187644,-0.5854856550646752,0.012913437862434353
2021-04-07,6651.71,6591.05,6651.71,6578.12,133690.0,0.93%,0.018512363322287912,0.01679668612843436,71.54519900705138,0.2051736356648052,0.05154735331128545,88.78560535326102,131670.96000000002,-0.9369113444038595,-0.07960912363171291,0.012576475296414825
2021-04-08,6545.17,6648.71,6648.71,6542.27,93580.0,-1.60%,0.0024363943114552424,0.0002179617320848186,77.10546354464113,0.11369815953031244,0.03470478876445699,132.3351278516838,131565.75,-0.7259765636543819,-0.578163604354907,0.01301722994731723
2021-04-12,6518.64,6562.11,6566.67,6504.59,93670.0,-0.41%,-0.0003997920643136283,-0.003620642474722465,71.55322875504244,0.02839678248613293,0.03051074673866992,117.07128148966622,131344.09,-0.6365992223392757,-0.6075577583336589,0.012898238943114397
2021-04-13,6457.79,6520.03,6520.03,6431.71,129720.0,-0.93%,-0.009966036696574638,-0.011643408457717904,53.95147142952592,0.019881082582876936,0.02089116674360217,61.087674955157865,131054.41,-0.6787050495141738,-0.48438289317514105,0.012756135016420417
2021-04-14,6523.21,6474.25,6523.21,6453.26,117880.0,1.01%,-0.0013368371406491948,-0.0016393859112715135,50.40213064236614,0.06956873038242212,0.022155121893127717,55.58245669850166,130793.01999999999,-0.699541020513396,-0.554119533985677,0.013021830018025307
2021-04-15,6539.96,6505.13,6539.96,6464.49,140460.0,0.26%,0.00020362505025083063,0.0007604193466841145,49.57673751106836,0.16147415327130019,0.022965240867554863,134.3199999999997,130587.68,-0.8388213945409316,0.01025762774748884,0.011667608176249141
2021-04-16,6494.81,6533.56,6533.56,6490.68,85320.0,-0.69%,-0.006677620151498933,-0.005259214444891702,45.624534498867774,0.13182808891187986,0.009810765721713256,127.48329072471725,130575.18,-0.7255538024945727,-0.18830066471963347,0.011764255747016717
2021-04-19,6459.76,6503.77,6503.77,6459.76,131570.0,-0.54%,-0.010727940513705682,-0.009034585875610453,32.49351604373364,0.07450345596392849,0.004361204096577765,82.55000000000291,130510.91,-0.6357817513545343,-0.3063543571563052,0.011808815999439582
2021-04-20,6500.42,6464.65,6500.42,6459.44,105610.0,0.63%,-0.004019452103818309,-0.0021972462949628,24.0235637106834,0.12027361706761697,0.010683006541028751,114.03068286914913,130403.84,-0.640386298035059,-0.24663475311226923,0.011671551804185226
2021-04-21,6439.39,6492.52,6494.78,6439.39,139960.0,-0.94%,-0.011548739342113316,-0.00979676459911561,15.704609869489808,0.12554892135992782,0.0011940836884748055,59.19000000000233,130273.41,-0.11186270130771012,-1.3904222566011244,0.009816530618370987
2021-04-22,6415.53,6451.23,6451.65,6374.33,146030.0,-0.37%,-0.013805364692778738,-0.011457299077602194,16.44038041279417,0.11998663111184787,0.006463424391269328,55.900000000001455,130276.70000000001,-0.14396977524193977,-1.3434520005903932,0.009742681722018353
2021-04-23,6378.07,6423.3,6424.55,6371.43,125690.0,-0.58%,-0.018863259880373275,-0.01465296438863443,6.904412828432473,0.03752204522426798,0.0010421522327012018,76.26000000000204,130297.06,0.03125075633033599,-1.3178291991949183,0.009650724645259285
2021-04-26,6389.38,6417.77,6417.77,6348.56,107570.0,0.18%,-0.015979833659593403,-0.010637150890580278,10.22920353610287,0.008339463300695613,0.0064298045541035615,103.53106156791242,130228.78,0.09578640643408215,-1.2112726695377767,0.009467915272336945
2021-04-27,6356.47,6387.15,6397.74,6356.47,139850.0,-0.52%,-0.01852568939049606,-0.012947959060171292,6.147870021482729,-0.08548310518726365,0.001245951837897075,36.91000000000349,130121.15,0.224687495686487,-1.023071638135687,0.00893723504528141
2021-04-28,6469.14,6381.74,6469.14,6375.29,139170.0,1.77%,0.0008865289375112461,0.004699857433018522,18.749265754170036,-0.011087743962569369,0.018993283516261943,23.172779545637354,129896.62,0.21626182570892433,-1.0389333206466367,0.009875804859797242
2021-04-29,6487.51,6453.26,6487.51,6420.94,118700.0,0.28%,0.004368679094389846,0.007050268693422419,35.49630091140235,0.013237058284547248,0.021886853081643683,10.831310167263549,129821.13,0.2812247002862683,-0.8579609247141828,0.009620347923074
2021-04-30,6370.87,6475.61,6476.11,6370.87,116890.0,-1.80%,-0.012074679967759041,-0.009242489699550627,38.511950247156044,-0.031239810144368895,0.003514182743803239,36.82517369763366,129700.86,0.14238247563851758,-0.8756008483770592,0.010193899510145238
2021-05-03,6369.28,6392.97,6419.52,6369.28,77770.0,-0.02%,-0.011351999804864727,-0.007855156499334536,28.72936679140905,-0.015590934344569478,0.003263732247942737,64.86669407330393,129526.18,0.10193510524460755,-0.6680880209483955,0.009618192899265063
2021-05-04,6359.15,6391.83,6397.19,6356.14,90430.0,-0.16%,-0.01112565692181282,-0.007717108135040239,9.338209683036988,-0.07609356158163456,0.0016680948120517463,36.23643973588016,129452.37,0.22594805181515118,-0.4553279913228354,0.009403139845812761
2021-05-05,6299.69,6352.55,6354.81,6299.69,109920.0,-0.94%,-0.01775052241649273,-0.014308636329999527,5.452803901079562,-0.1556312628233959,0.0,69.35000000000582,129316.37,0.34848033721023297,-0.13139384473118154,0.008814545941996021
2021-05-06,6282.78,6310.37,6322.17,6233.33,107260.0,-0.27%,-0.018068388647856044,-0.014265591429453484,7.9393107899397775,-0.20986293825963342,0.007933159322545064,174.37413817838174,129025.95,0.4846113008756515,0.41460056537247514,0.008384026567600922
2021-05-07,6258.71,6278.7,6305.99,6257.5,86860.0,-0.38%,-0.01962990449714949,-0.015164379385439283,9.262477308546176,-0.2078955085786987,0.004071659931368965,9.160000000003492,128657.01999999999,0.6236480410251063,0.8724685265066623,0.007796347342667916
2021-05-10,6317.41,6279.79,6321.51,6279.79,88740.0,0.94%,-0.00840465962832663,-0.004536334042889465,19.98218152222629,-0.15517389169518378,0.0134887772667258,137.32248717291606,128370.56,0.4368589450906654,0.20046417567794217,0.008197119377274943
2021-05-11,6326.83,6298.92,6341.12,6281.61,128680.0,0.15%,-0.005671254485533421,-0.00212687343101548,26.148827700225514,-0.10317274959819714,0.015000008021394664,76.06999999999243,128169.33,0.31259639873350936,0.3454979068399089,0.00801024693118331
2021-05-12,6236.4,6310.33,6310.33,6221.93,199330.0,-1.43%,-0.017908433461726218,-0.013765640092640254,24.797506876021345,-0.20525581910164328,0.0023256449365388785,15.987085412919885,128038.37,0.39157693696436646,0.526161330238184,0.00808648784600243
2021-05-14,6269.36,6262.31,6269.36,6080.94,286070.0,0.53%,-0.011509243185666321,-0.006862093895669154,29.525737007390443,-0.1359282085828869,0.030985341082135343,79.77999999999884,127751.56,0.3561060006987292,0.35251691743611957,0.0081931926797903
2021-05-17,6283.58,6226.83,6283.58,6188.74,139270.0,0.23%,-0.008085272302039467,-0.0033722384317357093,33.87787040365196,-0.05257917756770033,0.033323795334274035,46.408802014501106,127480.95999999999,0.2059673339393061,0.3284332630195479,0.008165551413920193
2021-05-18,6244.74,6230.54,6258.77,6210.0,124210.0,-0.62%,-0.012973007757792955,-0.007642601403292354,45.49114133687517,0.01876590412174601,0.0269366249296984,20.410000000003492,127269.73,0.21510109500556673,0.30139820711664767,0.008186506937832749
2021-05-20,6197.64,6253.02,6253.02,6197.64,110970.0,-0.75%,-0.017405676643004055,-0.012424275240999302,39.61105508686499,-0.06510926097117237,0.019191111900462878,78.25201914327819,127054.70999999999,0.41713838695030425,0.5724685145374906,0.008062697276652904
2021-05-21,6199.25,6201.88,6218.41,6172.18,115680.0,0.03%,-0.013931493350787803,-0.009892145956998648,32.97694103919435,-0.00330130863250174,0.019455873598489774,108.17000000000553,126751.93,0.29431210923022866,0.7317210843689521,0.007906598201384011
2021-05-24,6164.89,6195.87,6209.05,6156.2,165100.0,-0.55%,-0.017096628607473945,-0.012816360390397253,27.812429603095833,-0.04997698302401229,0.013805431397119644,63.458546473076375,126511.79000000001,0.3215831089044616,0.6867489765332175,0.007939663944765944
2021-05-25,6196.71,6173.25,6203.0,6164.9,176350.0,0.52%,-0.010077919019265066,-0.006120780661654654,30.446953049558825,0.03177887462220649,0.019038175018993846,34.661356163622095,126261.15,0.14266737162675475,0.47236351483785244,0.008037280219035745
2021-05-26,6341.24,6223.67,6377.1,6213.44,235770.0,2.33%,0.013217760530422408,0.015291799819826691,49.764508577489174,0.0713346664910737,0.04280588198535098,62.68999999999505,126079.79000000001,0.6182960253220597,0.5413005133882236,0.009748915690891601
2021-05-27,6665.14,6374.31,6665.14,6365.76,1270000.0,5.11%,0.06054781355117739,0.05796746258858009,74.83293159912851,0.4132880996224039,0.09607067328406477,14.549999999995634,126031.65,1.7672400726461153,3.721074033469068,0.014987055825374676
2021-05-28,6674.51,6622.18,6688.07,6597.5,301770.0,0.14%,0.05733124936846839,0.05078401326630215,95.21940703713119,0.414532190471601,0.09761155347692967,110.55886137521672,126340.32,2.0415085509158257,4.946490564780702,0.014551165422853347
2021-05-31,6628.49,6656.88,6687.64,6588.04,122390.0,-0.69%,0.04566584773949163,0.03666502848741341,95.9843855516941,0.3792022577315796,0.09004364456810957,88.75,126545.69,2.0828798187304103,4.970909521425717,0.014672019718808996
2021-06-01,6627.43,6619.02,6644.82,6576.64,79090.0,-0.02%,0.041859068559059534,0.030302735534012568,92.65506014637181,0.42152865817333285,0.08986932941288694,79.9767201238781,126686.67,2.354455332052287,5.855006891738663,0.013971954848097282
2021-06-02,6841.69,6631.72,6841.69,6631.72,226850.0,3.23%,0.06935933666975276,0.053122058845540505,93.39954650020047,0.47958234403115824,0.12510401352422487,26.830000000001746,126943.23,1.8007122536866953,2.8000404860138275,0.015502951222310128
2021-06-03,6791.87,6835.24,6835.24,6760.19,138950.0,-0.73%,0.05502973929765849,0.037068702855777194,94.48774108607881,0.4872381312630856,0.11691120122875745,242.49873930080673,127415.64,1.787645296926423,2.7196721238094614,0.01565656105611599
2021-06-04,6796.34,6789.03,6810.76,6761.91,110600.0,0.07%,0.04958704306242052,0.030227087025103672,95.61183130683726,0.5239953686009177,0.10398297651148442,12.860000000000582,127848.36,1.8144157278464157,2.8595871088111835,0.015384799210508296
2021-06-07,6763.92,6801.36,6801.36,6758.09,88820.0,-0.48%,0.03907460959077127,0.019365299161605235,91.83010825714534,0.507937934977805,0.09871674084662621,176.94035319596853,128345.01,1.8108306476032967,2.8315814672749084,0.015438842271751047
2021-06-08,6809.72,6781.04,6809.72,6767.34,83220.0,0.68%,0.03966506010326856,0.02011488759285575,92.45843605790516,0.5479187441939061,0.10615639517884416,28.369999999995343,128826.15,1.7451054949632627,2.7180350223412377,0.015344503284681805
2021-06-09,6902.54,6811.46,6922.87,6805.0,184070.0,1.36%,0.045797064058229656,0.02678772551479006,93.7797620420742,0.5472288995999846,0.12123387804164909,128.7135193516777,129377.16,1.6780734188014939,2.4782425361872953,0.01544713280293368
2021-06-10,6875.71,6923.95,6925.14,6872.72,164090.0,-0.39%,0.03416129316438948,0.017239310970314566,95.41870845553096,0.4936433373979685,0.11687567005620354,5.749999999992724,129962.29000000001,1.6901201962897419,2.4579693870638284,0.01554965231890469
2021-06-11,6907.79,6890.03,6910.33,6872.59,120670.0,0.47%,0.030759589056426312,0.016786486935002627,96.21258947993677,0.5589909635980256,0.1205031711787702,154.43485860227756,130511.17,1.820429001482925,2.8010887398258335,0.014923002503111448
2021-06-14,6917.49,6898.2,6917.49,6871.71,108330.0,0.14%,0.024337693777746392,0.01391925553947211,96.73820164506385,0.5397137647071479,0.11331082299016329,47.84606357894419,131182.56,1.8505681828818898,2.8610022958233783,0.014947444416842365
2021-06-15,6976.73,6908.81,6976.73,6893.45,118010.0,0.86%,0.026212087766497968,0.018153177659813533,98.88097828129902,0.5372945235410674,0.09597754235158085,136.81829794193405,131830.69,1.784971793564589,2.696321979490963,0.014952404214385014
2021-06-16,6973.35,6957.95,7001.21,6957.95,153400.0,-0.05%,0.02240417025962961,0.014209846607706982,97.45439188136174,0.5096537473615385,0.060321075807707285,169.58163525004784,132523.84,1.8132719216704747,2.8108428067316584,0.01477438760281392
2021-06-17,6887.92,6968.56,6974.56,6878.47,111490.0,-1.23%,0.00762677585675985,0.00047759927961005456,88.91819959017364,0.5148429084749587,0.047331159984429695,302.92183393650055,133252.45,1.7156978538002345,2.6115877369047373,0.015030702062792037
2021-06-18,6851.38,6878.99,6896.36,6800.7,167070.0,-0.53%,-4.753769342946665e-05,-0.0051303498685696895,77.15492537547799,0.5060461677757356,0.04177513137407548,41.321346783471355,133942.72999999998,1.7046334383460309,2.5308535186541814,0.015181589543761972
2021-06-21,6827.17,6840.22,6849.45,6783.19,120710.0,-0.35%,-0.005651472551699513,-0.008174664278455116,63.641315369419004,0.5483823894583891,0.02947199218302338,236.7865253266801,134594.86,1.716037505584229,2.575872076603871,0.015113815903327003
2021-06-22,6870.41,6834.19,6910.17,6834.19,77060.0,0.63%,0.0003473654411322472,-0.001978699358473793,54.60227392917519,0.5314920202318301,0.016620080525710623,145.10000000002037,135257.14,1.703435656536063,2.545684751068224,0.01511584415081578
2021-06-23,6918.41,6871.83,6918.96,6871.83,80890.0,0.70%,0.006012325860043115,0.00401414622529835,55.013129585134386,0.5390348377341891,0.02372267904097159,82.34175240869764,135930.84000000003,1.9920305297533751,3.822993495178525,0.014519086069516997
2021-06-24,6886.0,6917.9,6919.13,6886.0,109640.0,-0.47%,0.00036796240764868087,-0.0008620420189309777,54.91801031040908,0.25627083173267584,0.018926945335146446,48.570000000006985,136508.01,1.5746011867080858,3.2248322616955747,0.009625850384166487
2021-06-25,6950.51,6894.27,6950.51,6894.27,92570.0,0.94%,0.007788400264180702,0.007191808603241997,65.62530427888747,0.22973332489824674,0.027066764784981996,10.266288092067748,136728.87,1.4033236306751837,2.6235443235098987,0.00977760585773848
2021-06-28,6937.96,6949.53,6954.61,6901.89,139890.0,-0.18%,0.0046344061031384064,0.004574204406193945,67.30735620459335,0.25820871651894234,0.022816698338097626,93.89479274196842,137004.87,1.4431585744477784,2.858016859170199,0.009596480246378063
2021-06-29,6956.65,6939.25,6956.65,6921.07,119300.0,0.27%,0.006777311131114838,0.0062955305217350255,76.29056594158858,0.2861034544784579,0.025572039114340014,205.10016825173759,137314.34000000003,1.4062818472428895,2.8138854884973057,0.009578749974122568
2021-06-30,6901.91,6941.16,6957.56,6901.91,140520.0,-0.79%,-0.001415200414039766,-0.0014704015769673978,68.33470935388192,0.14504607631401764,0.017502089724746064,54.31413195761182,137643.56,0.1061000342916241,-0.837223309825891,0.006797147757958377
2021-07-01,6964.01,6949.98,7002.23,6946.21,108650.0,0.90%,0.006984514547112805,0.006498098871771944,72.1887867246774,0.1393911528379826,0.02665707432638635,15.186847437664648,137703.78000000003,-0.07746398926885852,-0.8438144112242956,0.006795971018843429
2021-07-02,7002.26,6976.27,7002.26,6963.44,156270.0,0.55%,0.011629676877285718,0.0103411525813676,79.00161735183703,0.18217806944155132,0.03229601411725171,44.77299412199698,137875.91999999998,-0.17128255144508336,-0.8966393977286384,0.006858593483554364
2021-07-05,7036.38,6993.68,7037.14,6992.7,89910.0,0.49%,0.01593369602344454,0.013030459461520243,94.0839535677183,0.24413091969555717,0.0373260958339661,29.45999999999185,138081.84,-0.35138188468374726,-0.7006726675051507,0.006731191550324656
2021-07-06,6992.43,7064.24,7064.24,6992.43,120250.0,-0.62%,0.009389441904490804,0.005421294380593026,91.3833715733562,0.1585376282950253,0.030846843446814952,82.33307195784636,138354.3,-0.14893108826483523,-0.897721005372762,0.00687321136133234
2021-07-07,6943.0,6994.13,6994.13,6924.21,141940.0,-0.71%,0.0016851047130992914,-0.0019848593129467877,77.00396102956212,0.08497309566350857,0.023559711581129295,22.41390728973932,138537.01,-0.16942062268353064,-1.16106596418677,0.006473053743603459
2021-07-08,6924.99,6945.99,6966.53,6917.38,116660.0,-0.26%,-0.0016705438014978878,-0.004452910400632526,60.58827017731142,0.1137486640527013,0.02090461862339109,30.482732937620924,138577.47000000003,-0.19331676177736778,-1.1178840191522443,0.00643525382050668
2021-07-09,6834.92,6900.34,6900.34,6745.85,179100.0,-1.30%,-0.014733961670447462,-0.01548308242188,45.09684971620393,0.0796264284685535,0.013203673369553089,31.875142082422418,138626.75,-0.14868688681407127,-1.1051701393138038,0.007003538580286615
2021-07-12,6913.87,6838.18,6913.87,6838.18,83300.0,1.16%,-0.003798965247166414,-0.0036658380858538,43.73351289565446,0.07013303619390426,0.024907165145978568,24.244936567811013,138553.88,-0.1061076120463189,-1.1880687068294786,0.0074992326137829505
2021-07-13,6795.13,6907.48,6907.48,6795.13,116460.0,-1.72%,-0.019664052006584398,-0.0180392567588121,32.07491860087732,-0.026507608153457245,0.0073052321056649265,25.90332321690179,138550.26,-0.16325734303904213,-0.9223921757039024,0.008133916368256196
2021-07-14,6835.41,6811.59,6835.41,6785.84,120840.0,0.59%,-0.013338463789301563,-0.010387525918246033,32.12621836950486,0.04210627336040918,0.013276310620603702,35.69490992329184,138368.66,-0.2376562582499664,-1.0163751697575114,0.00829202520640677
2021-07-15,6727.93,6829.05,6832.69,6727.93,80870.0,-1.57%,-0.02661892993313309,-0.02217522156209938,14.53563240051507,0.04633179468259499,0.0,2.5199999999895226,138230.72,-0.3050699456908455,-0.9711156871968538,0.00857242754599599
2021-07-16,6693.83,6743.78,6783.91,6653.53,142920.0,-0.51%,-0.02910299253895878,-0.0230022664165211,12.64710015159408,0.019209995543117978,0.006056935190793486,26.03410263481701,138070.72999999998,-0.30894975350565557,-0.9644396575662348,0.008566539769758267
2021-07-19,6587.2,6665.54,6665.54,6510.43,148030.0,-1.59%,-0.04089793306041502,-0.032781602008541466,7.891477064226709,0.0016395193530545288,0.01179184785029553,4.960000000006403,137913.18,-0.2687805730386917,-1.1825822863387463,0.00917649943974792
2021-07-20,6587.2,6587.2,6587.2,6587.2,,0.00%,-0.03774848036114065,-0.027433259249790197,12.51219536111551,,0.01179184785029553,72.11323921978007,137673.21,-0.21617649773737885,-1.1024914474325636,0.008990350766113521
2021-07-21,6476.21,6611.67,6611.67,6451.12,147790.0,-1.68%,-0.04912199965684585,-0.03681606515704367,10.605498006442916,,0.0038892471384814028,38.28000000001339,137390.0,-0.06513458395053899,-1.1784694753863496,0.009301918097429791
2021-07-22,6576.62,6496.97,6586.01,6496.97,88040.0,1.55%,-0.030049369439828003,-0.01731964535482455,12.807805109693296,,0.019453986284552142,209.74153358554463,136947.8,-0.018484169287983892,-1.1544862957863573,0.010191622388011223
2021-07-23,6520.74,6600.88,6611.31,6461.75,86560.0,-0.85%,-0.033038207603727866,-0.020603374031852358,11.972098990953413,,0.010791924503032015,91.10404548089097,136638.42,0.15754540645379755,-1.0155577656058095,0.009898759390145999
2021-07-26,6372.61,6509.74,6509.74,6372.61,73380.0,-2.27%,-0.04875931952413515,-0.03568894867629895,10.608037578288128,,0.0,187.57599205382877,136208.65000000002,0.09887730280477966,-1.0306294358830674,0.010812623340684136
2021-07-27,6522.58,6404.21,6522.58,6401.66,74070.0,2.35%,-0.021989254705296918,-0.009464291796536255,12.201970691079998,,0.023533528648387435,41.0399999999936,135643.3,0.4004614098490414,-0.6647227478001696,0.012398290615800311
2021-07-28,6473.03,6511.83,6511.83,6370.25,117580.0,-0.76%,-0.02469788181487877,-0.013068245107369307,14.71915490011329,,0.016134374632078764,81.34898821650704,135209.23,0.39808589581609993,-0.6627664561990345,0.012392981478029693
2021-07-29,6496.53,6465.21,6523.56,6442.51,116930.0,0.36%,-0.017579277522121975,-0.006649638707167292,22.46230881890459,,0.019823397825830973,35.85000000000582,134780.35,0.4438098367397177,-0.5011731786061913,0.01217271547031828
2021-07-30,6270.23,6520.12,6520.12,6270.23,145820.0,-3.48%,-0.04516254646612706,-0.034509360010312184,14.045350305973537,,0.0,178.6931380199008,134312.87,0.1069193970963593,-0.11617697791524995,0.013847281898935297
2021-08-02,6446.31,6304.03,6446.31,6293.66,91220.0,2.81%,-0.014610133837512848,-0.004934937241350828,18.128046047552715,,0.028081904491541913,300.3999999999942,133580.84,0.3630092436216862,-0.19914556398596073,0.015614493512221201
2021-08-03,6560.06,6442.4,6560.06,6376.11,114030.0,1.76%,0.005801705554243823,0.012245144486091937,27.561224667964254,,0.04622318479545421,251.60234164719807,132990.77000000002,0.22069740899102125,-0.5921297197573487,0.016350626309251486
2021-08-04,6585.21,6570.94,6598.18,6545.56,90930.0,0.38%,0.01123832873597826,0.014810752434345459,48.0006681606705,,0.050234201935176304,58.07620809159775,132558.4,0.12144833677920777,-0.6381454671439419,0.01639160239520267
2021-08-05,6547.27,6605.46,6605.46,6539.91,134160.0,-0.58%,0.007031062888231226,0.008233889528750439,60.97634537411318,,0.04418338721227146,116.63929964869686,132200.61,0.15038230953648937,-0.6419520186921246,0.016407708404012674
2021-08-06,6539.91,6549.89,6578.41,6539.91,137220.0,-0.11%,0.006421908730258634,0.006308057131651045,70.127722925507,,0.04300958657018966,113.33377383375293,131822.89,0.0566876073891898,-0.5618214045988217,0.0162279644914107
2021-08-09,6632.57,6555.74,6637.43,6537.2,133220.0,1.42%,0.020172516158008504,0.01775966296455205,82.58043629554582,,0.057787353892919426,132.38000000000466,131527.88,0.05244626372955503,-0.6108503207127298,0.016353729977176996
2021-08-10,6623.23,6644.39,6644.39,6584.63,150380.0,-0.14%,0.017093045831326835,0.0137998468539927,90.66808874793936,,0.05629777536071245,12.765452936289272,131246.58000000002,-0.048800171796126474,-0.41523640364685654,0.015956280592518114
2021-08-11,6666.86,6630.06,6666.86,6630.06,142230.0,0.66%,0.02278068324297695,0.017261452604031554,97.67371199067604,,0.06325605280827021,22.980000000010477,131074.68,-0.05356510481444282,-0.4242930536043765,0.01597237421762769
2021-08-12,6556.57,6648.23,6648.23,6546.09,119050.0,-1.65%,0.005466028764317681,-0.0003440801208336476,88.84596444307776,,0.045666586393162636,120.15949778874662,130906.12999999999,-0.05256896123727841,-0.441441063216621,0.01601276964921667
2021-08-13,6320.19,6564.78,6588.44,6320.19,381350.0,-3.61%,-0.030226582369352297,-0.032435685370257976,61.59645009202535,,0.007967809793261178,25.790000000000873,130734.76999999999,-0.17510632463471967,-0.6221118332457096,0.01780822963268664
2021-08-16,6513.68,6420.31,6513.68,6413.77,131900.0,3.06%,-0.00043986927782174793,-0.002742814352629358,48.7229912008674,,0.03882632694494472,126.37541782022198,130361.13,-0.21343913703856002,-0.6371993391337742,0.01899247663327228
2021-08-17,6561.41,6511.02,6589.35,6511.02,129240.0,0.73%,0.005910094422877405,0.0036455767883473173,49.129751489633605,-0.036072497130210976,0.046438487902357696,180.75996305413278,130287.61,-0.2663797395997767,-0.6556669701246323,0.019070894978014206
2021-08-18,6680.18,6568.72,6680.18,6567.52,125970.0,1.81%,0.022062937796600113,0.018544814001869282,78.26437737942173,0.051715525794755114,0.06538037679638559,183.60562800202723,130261.82,-0.46676456716684117,-0.5107889899719904,0.019049174611285684
2021-08-19,6718.51,6678.43,6718.51,6615.24,113240.0,0.57%,0.02291609662262781,0.020601805103680766,91.13783627057968,0.0679954483197215,0.06750444097711036,144.22161315142776,130465.79000000001,-0.42627155107246356,-0.4422507526338175,0.018800905514965657
2021-08-20,6633.22,6717.94,6743.28,6633.22,143780.0,-1.27%,0.007881689888317582,0.0063160886626868395,91.32887407722558,0.01945535732129048,0.04952857429919048,204.93107872939402,130607.68,-0.3971149846290487,-0.5221122972663541,0.018938223036562136
2021-08-23,6591.67,6679.52,6690.18,6591.67,107930.0,-0.63%,0.0012249041124663736,-0.00019615430096204463,79.38421297281126,0.006411312290107961,0.042954404851752954,251.53946016434068,130720.16,-0.47051460702926784,-0.17680316379722294,0.01819534518488623
2021-08-24,6678.82,6631.87,6678.82,6628.4,126280.0,1.32%,0.01343307022266192,0.011075583770070478,74.30570327826241,0.025258185772495882,0.056743547266775225,88.39379952641609,130939.22,-0.507608853355441,-0.02014363934090513,0.017687547100460076
2021-08-25,6822.15,6682.93,6822.15,6666.93,98940.0,2.15%,0.03210679781717897,0.027962797493801067,82.97682920103688,0.04218556659631337,0.07942166295633518,83.48827941693564,131095.46,-0.6402736257072364,-0.03344181489288811,0.01810388017319324
2021-08-26,6820.53,6822.83,6850.18,6808.94,191350.0,-0.02%,0.028742100670774328,0.023388563346130584,93.05667524604753,-0.0026376921991768704,0.07916534154827627,48.33727731647269,131444.58000000002,-0.6064858360414455,-0.06799819484867253,0.01811504566395719
2021-08-27,6786.62,6799.08,6831.26,6774.02,91660.0,-0.50%,0.02193137753883804,0.015119212012495765,94.13762523821202,0.03162805233619895,0.07379999651909204,168.5222793368191,131768.58000000002,-0.4843993325383995,0.314773161887985,0.015971683360758205
2021-08-31,6855.44,6786.11,6855.44,6651.01,286090.0,1.01%,0.029722490594742787,0.021045847253798534,94.13762523821202,0.09561918187086209,0.0846889096688549,51.665261429991084,132284.97,-0.6136876690136362,0.6965646773293144,0.015029031420213348
2021-09-01,6785.94,6829.58,6868.79,6779.74,170320.0,-1.01%,0.017982654795454953,0.008124405969188307,90.96841429202568,0.007101875372180165,0.0736924048169438,37.14517850937528,132694.09999999998,-0.42913769293299286,0.5874491215966273,0.014905989406077092
2021-09-02,6834.66,6831.96,6887.12,6828.89,185940.0,0.72%,0.022245222429789057,0.011982751038674518,91.88152500305897,-0.05607677372929982,0.08140103382967921,53.59999999999127,132919.97999999998,-0.4575324746344235,0.5677284959572373,0.014948729904856944
2021-09-03,6897.13,6841.13,6897.13,6841.13,168640.0,0.91%,0.02526928233989492,0.016992056282989755,91.88152500305897,0.03152450908084559,0.0753628521134995,94.39080634851904,133169.43,-0.6010600938710345,0.7069543902310351,0.01491457017652942
2021-09-06,6877.1,6884.63,6898.92,6867.12,130490.0,-0.29%,0.018362152908009025,0.011057758809121588,95.04049730064862,0.05992834666757025,0.05622467754668238,46.810000000012224,133519.28999999998,-0.5811441081589788,0.6643261370182754,0.014943949609087853
2021-09-07,6912.71,6892.8,6924.14,6884.05,125170.0,0.52%,0.019845791144456053,0.01312324370262159,97.05658220697921,0.03876699136154442,0.05256017492143147,119.28657515510082,133856.47999999998,-0.5408280163180149,0.8064679172167848,0.014711804931746163
2021-09-08,6949.39,6893.16,6949.39,6865.03,115530.0,0.53%,0.022356904493921054,0.01510308266324289,97.05658220697921,0.062427499068370605,0.054268493416691106,10.239999999990687,134136.62,-0.610862100502406,0.8701171449697069,0.014702370522325803
2021-09-09,6924.02,6939.1,6949.6,6897.12,139740.0,-0.37%,0.016429588526298937,0.008909636362273874,96.54941965295438,0.017478655816045508,0.05041969637436346,117.4738822036574,134462.78,-0.5053836643884013,0.7616623931686126,0.014731118645568692
2021-09-10,6970.51,6914.97,6970.51,6908.67,146270.0,0.67%,0.019648051771511466,0.012567466009565771,97.61778373797489,0.0947864683404972,0.05747253730845145,56.96460897239675,134719.94,-0.7065921413515242,1.5194759963314235,0.014094717394506785
2021-09-13,6968.14,6960.98,6973.08,6937.25,115600.0,-0.03%,0.015307573148093808,0.009642900576611135,97.14004593286101,0.2671667105238931,0.05125520487598828,370.1290955869367,135133.88,0.5161857393069541,0.05311022508397212,0.010724783772690611
2021-09-14,6920.36,6976.89,7033.06,6920.36,151610.0,-0.69%,0.005817199534491155,0.0016115237171707077,89.68934329247367,0.1663297581410627,0.040497608633876574,119.13141211993448,135781.83000000002,0.1638716087857972,-0.6589389647776582,0.00916408926162448
2021-09-15,6880.2,6927.48,6974.97,6861.01,160280.0,-0.58%,-0.0006219992685413747,-0.004198386531242923,76.35252001454316,0.11502995389794969,0.03445942796657945,107.00690578891565,136188.51,0.3216433169159916,-0.6995649086029587,0.009312356932766191
2021-09-16,6968.43,6893.54,6968.43,6885.7,159190.0,1.28%,0.010642940869040048,0.006940267124091522,71.19137983684503,0.1250703237452918,0.04772508235591287,66.8799999999901,136507.3,0.24982449725961042,-0.659788460818231,0.008910607457864893
2021-09-17,6912.85,6962.04,6979.92,6912.85,368160.0,-0.80%,0.0012727495445745297,-0.0014335843415159918,70.536142738734,-0.036188791775479595,0.03936845682084377,114.52166587741905,136795.55,0.3857557056178205,-0.7251881119051373,0.009144728819966287
2021-09-20,6857.9,6922.52,6928.83,6824.6,156910.0,-0.79%,-0.006711612142189388,-0.008489600266180283,60.82438451237477,-0.008778454884731885,0.011528465693374651,27.030000000013388,136989.89,0.5061720062865714,-0.721063238546984,0.008813504761060739
2021-09-21,6881.2,6794.13,6890.97,6779.19,127880.0,0.34%,-0.004318140946270322,-0.004678860411116417,46.523923463398866,0.05764797719274467,0.015047520426481662,65.64486753594052,137214.57,0.41206611130724863,-0.6603477415568948,0.008616382794193266
2021-09-22,6890.73,6891.44,6934.41,6890.67,162050.0,0.14%,-0.0035166578229445054,-0.0029097975573527555,38.324037027504716,-0.03151670182563044,0.0164532930925376,37.81999999999243,137504.09999999998,0.5665754205898943,-0.2151069369308094,0.008215764373602216
2021-09-23,6915.28,6904.5,6974.0,6904.5,128660.0,0.36%,-0.00015387980561998348,0.0006381113667499614,45.90801066162465,-0.08842624895180275,0.020074669687676575,35.63383094193478,137716.00999999998,0.060719003809131165,-1.1655124442911549,0.006788910091521449
2021-09-24,6951.53,6940.22,6985.99,6939.98,139800.0,0.52%,0.00431533514097815,0.005201092646871833,55.14239571434189,-0.08544571186679992,0.02542191618762716,42.96849532927843,137809.13999999998,-0.0483230527052349,-1.2311740981103925,0.006859285239591421
2021-09-27,6956.26,6965.86,6987.26,6947.34,181890.0,0.07%,0.004547236216151747,0.005214498092430534,63.746536941479185,-0.09797144254600469,0.026119639661965607,88.93993200565474,137940.13999999998,-0.14360793165871938,-1.096160089610837,0.00671636944628378
2021-09-28,6885.36,6984.54,6984.54,6868.34,168090.0,-1.02%,-0.005034228480461411,-0.004274800745204581,59.81801709536372,-0.22803739913267915,0.015661163059303557,42.31999999999243,138109.77999999997,-0.04668785632097615,-1.1198534513409317,0.006838607627821263
2021-09-29,6934.11,6875.16,6934.11,6771.76,224220.0,0.71%,0.0019060227967261638,0.002506246511586191,57.90018755612844,-0.11037755789591897,0.023974564958001973,55.791141476431,138139.7,-0.18349285962959358,-1.0486631496710361,0.0065406790821715645
2021-09-30,6952.88,6916.82,6984.14,6904.69,174780.0,0.27%,0.004800917633950507,0.004600989981104063,57.7557433131827,-0.05333447117422926,0.026746370219854203,75.92999999999302,138287.87,-0.13398728630347043,-0.9389693850923142,0.006396784347233109
2021-10-01,6923.6,6964.49,6984.79,6923.6,92230.0,-0.42%,0.0010297355105081687,0.00029446973562919813,63.185355274907444,-0.1369516736619359,0.02242253121788134,30.180533011929917,138406.09,0.02624844402666809,-0.8510421322797752,0.006182155435635755
2021-10-04,6960.89,6929.71,6964.04,6929.71,103540.0,0.54%,0.006000130895430052,0.004822324264362861,71.72925248230858,-0.09575191040744156,0.02792922371732018,7.884404455723808,138432.56,-0.14171528567685912,-0.8961340114819389,0.006240037579966293
2021-10-05,6981.24,6946.76,6981.24,6921.65,103160.0,0.29%,0.00788988521047161,0.0065613285732586905,81.02643010777511,-0.08060358520785459,0.03093435089253009,74.14012848980607,138516.34999999998,-0.10902431165606416,-0.8294979497353516,0.006173449961507636
2021-10-06,7057.45,6989.54,7073.1,6973.28,197030.0,1.09%,0.017957933379819453,0.014995960601461663,93.25878947199023,-0.07239150890882379,0.04218844140961871,31.080000000001746,138584.88,-0.02708228338005548,-0.9198661311486207,0.006520485739660378
2021-10-07,6951.3,7049.17,7098.3,6951.3,215710.0,-1.50%,0.0022499547630050734,-0.000622120471254952,82.33185720017934,-0.1376100947441355,0.026513048306496385,81.07141706094644,138692.94,-0.30378990847622955,-0.6880621971095229,0.007370896280069767
2021-10-08,6906.86,6972.18,7076.01,6906.86,266390.0,-0.64%,-0.004659352586226289,-0.006462021929914976,63.720753533910916,-0.25421571335113735,0.019950500313064765,73.99298655074053,138720.21999999997,-0.10823649028267697,-0.743844576749022,0.0073459729570763506
2021-10-11,7124.01,6936.46,7171.43,6936.46,187360.0,3.14%,0.024074380207718307,0.0211548248030217,61.496980440765775,-0.24088153692392505,0.052017496190059895,48.2100000000064,138656.57,1.1084590890792414,1.9479294020045712,0.01023580673746903
2021-10-12,7107.82,7115.24,7166.63,7095.91,172350.0,-0.23%,0.019474617961390484,0.015896845622619817,71.19758889178951,-0.22875806759785727,0.0496266849386274,77.30441374290453,138812.44,1.1096860337478829,2.0971505623686495,0.010097315387678534
2021-10-13,7068.92,7121.59,7159.42,7030.68,262900.0,-0.55%,0.012301785669169034,0.00847516223835609,82.19030700327768,-0.22234014187226792,0.04388224036291892,79.80000000001746,138999.9,1.1112226805512997,2.111746983936521,0.010085201339069424
2021-10-14,7183.11,7132.19,7194.59,7132.19,217100.0,1.62%,0.026223391048883594,0.020880273178052758,85.24022343975955,-0.2248320393386729,0.060744917126419044,108.9199999999837,139188.62,1.0755738917056183,1.7585286970831362,0.010308710208480806
2021-10-15,7213.46,7194.99,7228.59,7168.42,227790.0,0.42%,0.027861596537277367,0.021054972842018786,89.44144886525159,-0.0966686996278047,0.06522676527224824,104.22774055458625,139403.3,1.013310717693636,1.9014377411854202,0.010072480963711999
2021-10-18,7219.81,7193.57,7225.74,7158.24,240880.0,0.09%,0.025276343996366187,0.01807481538665936,97.35035547082076,-0.02339750731126701,0.06616448308859146,33.75672866162899,139703.91,1.0226564420337652,2.215798780081415,0.009794914571033847
2021-10-19,7266.31,7236.26,7289.97,7236.26,230920.0,0.64%,0.028414339765012713,0.02032527533685625,96.20837239379846,-0.04385861437241143,0.05237309712673571,72.75743631127406,140065.82,0.9668779792660329,2.077560583943269,0.009831199324456802
2021-10-20,7297.08,7250.46,7297.08,7250.46,169100.0,0.42%,0.02918804866239654,0.020223420467626384,97.31235709999844,0.04551059689481327,0.056497453256617376,200.87037974184122,140450.93,0.922743924461148,2.0224079543612525,0.00983068873781238
2021-10-21,7311.72,7321.25,7326.1,7279.91,282950.0,0.20%,0.027236332611406466,0.0180648992692981,96.80966513602692,0.09436724489736997,0.058617085042986336,56.21601373274574,140857.28,0.9468371224784063,2.051223769890382,0.009831447433777344
2021-10-22,7289.61,7305.22,7305.22,7265.42,139020.0,-0.30%,0.020762822481188496,0.011760245319481014,95.95537957574021,0.12020183079870657,0.055415919824638116,124.00230308229321,141253.72,1.0443300232341746,2.090244704738396,0.009898522155653237
2021-10-25,7211.54,7277.82,7295.35,7198.42,162380.0,-1.07%,0.007509904300012913,-0.00037418061850554707,86.84683395350312,0.11617036828343327,0.044112664799923595,33.755230975736026,141591.8,0.9798697655701655,1.6515500848325004,0.010322658789451574
2021-10-26,7252.1,7221.49,7252.1,7181.47,156370.0,0.56%,0.011212241786030742,0.0034988213341018183,82.10651019304771,0.18845674634113935,0.0499850872900277,111.23136794585696,141847.08,0.9475989186417985,1.9208681731331563,0.009950371169649442
2021-10-27,7230.15,7254.2,7287.03,7218.61,180860.0,-0.30%,0.00535942194522376,-0.0006164021175514716,77.3789078650256,0.09966073564451272,0.04680708744639387,145.49823985190022,142213.81999999998,1.0835059096403266,2.095253488450716,0.009969877806080853
2021-10-28,7157.73,7235.22,7251.48,7144.44,160170.0,-1.00%,-0.007184442568399489,-0.010008513228395704,72.08355929433239,0.058212761693299656,0.03189955683446593,48.88177826932732,142509.86,1.075584660771454,1.7731122850261176,0.010331138809020502
2021-10-29,7054.7,7159.66,7182.61,7043.68,179210.0,-1.44%,-0.02080285088662894,-0.021464740703912643,47.34415407193973,0.04171207435228815,0.003416454738375168,137.45432582551362,142714.71,0.9078122809115722,1.3127106345478694,0.010864729561487416
2021-11-02,7106.01,7159.66,7182.61,7043.68,,0.73%,-0.013663288296661984,-0.012547666314872363,30.139467800164272,,0.010714468586253382,19.10999999998603,142845.81,0.8759781426543515,1.2100201239678317,0.010912970005179467
2021-11-03,7184.72,7136.67,7210.96,7136.67,136540.0,1.11%,-0.003881734693827054,-0.0012450749570340617,27.85663064734472,,0.020023624014719573,113.5897164998551,142990.93,0.7505787689716804,0.7985296588864061,0.011135144722790064
2021-11-04,7203.72,7221.47,7224.05,7176.64,101060.0,0.26%,-0.0014513063836688878,0.0015631676950076977,44.03548998073851,,0.022721077618517587,39.24999999998545,143194.40999999997,0.8782184328662547,1.2061141713689656,0.010918337964450991
2021-11-05,7340.77,7247.21,7354.37,7243.28,189920.0,1.90%,0.016264961413967258,0.018228499956802223,67.4099423874412,,0.04217823637643961,65.46554061301069,143340.68,0.804542699079123,0.6628553102440686,0.010927848944185884
2021-11-08,7396.22,7374.42,7424.94,7373.53,168520.0,0.76%,0.02215841325741799,0.02264908484531106,81.58570134339585,,0.05005054176226063,263.3939507657672,143730.15,0.682386805881989,0.6687763525091475,0.010754920351967772
2021-11-09,7441.67,7415.97,7441.67,7407.28,192740.0,0.61%,0.026662399064070506,0.02504451390321813,96.02990973279226,,0.05650313472503007,96.10808849266161,144219.51,-0.06824604543025857,-0.33642065907879726,0.00855697943462586
2021-11-10,7375.68,7454.49,7475.75,7361.3,131920.0,-0.89%,0.016770789494777026,0.013585617966634338,89.768827951199,,0.047134452445312676,110.74999999998545,144537.16999999998,-0.04558368120976016,-0.5670275426689946,0.008860828700766049
2021-11-11,7331.65,7360.89,7376.72,7315.22,119840.0,-0.60%,0.010502748328915745,0.006103878460362468,81.16277455042008,,0.040883458646616445,90.96943589881101,144805.03,-0.04328403649918844,-0.5842105887406412,0.008883218310091251
2021-11-12,7382.84,7329.81,7387.82,7329.25,184200.0,0.70%,0.016625044875798526,0.010772549909422821,73.99495452125815,,0.04815096654021759,31.136167073390332,145067.76,-0.14333002585712795,-0.39396415881107716,0.008325941300632241
2021-11-15,7342.37,7378.73,7378.73,7333.31,109100.0,-0.55%,0.009752915339272389,0.0037612034538654733,71.42515487459593,,0.042405390364127785,94.11000000000058,145267.49,0.008062418732385451,-0.5213651486775417,0.008435104048474773
2021-11-16,7367.42,7343.24,7367.42,7307.71,184420.0,0.34%,0.012051436653742593,0.005426969880059219,74.18473858402577,,0.04596176998387203,34.80000000000291,145396.40000000002,-0.03669516715763493,-0.5415574212809497,0.008453452183385076
2021-11-17,7349.82,7356.87,7381.46,7344.36,105520.0,-0.24%,0.00844962313050021,0.0017467880362219375,71.63731185533209,,0.04346307611930119,13.113518864517221,145544.01,0.10652258299198714,-0.46538564531708193,0.008387213098651248
2021-11-18,7299.34,7358.07,7358.07,7292.78,108600.0,-0.69%,0.00013535345013803666,-0.005334097541150572,68.31763371675889,,0.036296367807736846,4.5633044548846,145627.52000000002,0.2627142237225255,-0.523682164383084,0.00850099154927171
2021-11-19,7280.57,7298.09,7298.09,7209.67,140000.0,-0.26%,-0.004636787275348008,-0.007571207844340772,61.61733052514637,,0.033631567589668954,6.2470762269693365,145629.78000000003,0.3427398464255244,-0.49724661134673687,0.008507165256159762
2021-11-22,7282.67,7268.74,7282.67,7231.9,122640.0,0.03%,-0.0060643719512659825,-0.006710584774130519,52.35180578365081,,0.02045772047747759,26.47947878685183,145598.63,0.2878465066728221,-0.49247973534916545,0.00848107050266645
2021-11-23,7401.16,7272.7,7401.16,7261.11,172690.0,1.63%,0.007980279369118666,0.008092729995106233,57.64904521734968,,0.031284835243233534,30.200630793901837,145591.69,0.21583465700466928,-0.626403182989129,0.008828762588470164
2021-11-24,7419.1,7395.49,7419.1,7365.77,135220.0,0.24%,0.008310934491834388,0.009133631213487653,65.60992739128909,,0.0290484862691358,49.30931453589776,145781.31,0.2696974931392468,-0.5536279703720757,0.008775781453442337
2021-11-25,7369.27,7389.11,7397.58,7335.46,135570.0,-0.67%,0.0012616486564703986,0.002150073191983026,71.25135232820297,,0.02213693553241693,33.15000000000873,145948.31,0.2898586392884646,-0.6408617858316594,0.008906578855449637
2021-11-26,7278.44,7346.07,7346.07,7263.43,218510.0,-1.23%,-0.009947727405219523,-0.008736287741223554,54.84566045299667,,0.009538578048648485,71.75001649073783,146087.43,0.23926021574441697,-0.6578713246502588,0.009070240143599724
2021-11-29,7200.88,7151.66,7202.72,7000.0,795540.0,-1.07%,-0.01820089576272031,-0.016608378136022936,42.6838092410766,,0.028697142857142872,14.740000000005239,146208.14,0.36097246508795533,-0.701096371967461,0.008772657570780459
2021-12-01,6947.06,7194.09,7194.09,6928.3,296570.0,-3.52%,-0.04883739375208012,-0.044533032987364767,23.96393276629578,0.3310385360259733,0.0027077349421936433,56.89295186391563,146354.32,-0.8677614806479601,1.7926239788997682,0.01181376217103815
2021-12-02,7032.54,6952.48,7065.89,6945.99,168870.0,1.23%,-0.03430898091953306,-0.027941891880595728,22.42832725405479,0.3374224252786965,0.01504553786643185,63.62404655473756,146195.37,-0.8492504240424802,1.727856740827539,0.011883163721365532
2021-12-03,7055.19,7074.01,7120.07,7055.19,105210.0,0.32%,-0.028075244256307728,-0.020710604884136206,16.971610975278455,0.3054595334704154,0.0183147381031421,50.718311918112015,146043.19,-0.8537054927147837,1.720814428281079,0.011893165430771388
2021-12-06,7130.74,7075.76,7151.48,7075.76,119560.0,1.07%,-0.01561753679465022,-0.00786912084820121,29.44648193425694,0.2871935517010577,0.02921928900307429,76.96994290462705,145894.66,-1.1257733058694415,2.158202001557994,0.011287102125000085
2021-12-07,7147.3,7153.42,7170.82,7098.03,179700.0,0.23%,-0.011185239294630701,-0.003780308101428876,37.24055963053514,0.3086955524964414,0.031609485732430755,76.70999999999185,145684.63,-1.1282725465460908,2.323959215409878,0.011128450414997304
2021-12-08,7147.3,7147.3,7147.3,7147.3,,0.00%,-0.00920235314713421,-0.002281202066977296,43.496332518337404,,0.031609485732430755,155.56391304090275,145435.71000000002,-1.1058040728298524,2.4600374379224874,0.01098579808486571
2021-12-09,7234.92,7124.66,7234.92,7113.72,180380.0,1.23%,0.0035841697287766184,0.009550955328097101,50.57185547405597,,0.044256166736428834,31.25999999999476,145141.34000000003,-1.185419530705613,2.4122833445254317,0.011297738469417357
2021-12-10,7192.17,7231.24,7231.24,7180.36,100470.0,-0.59%,-0.0014712599542595222,0.0039015454236101996,53.61926107036132,,0.0380858219187968,108.15874807847402,145000.58000000002,-1.1865234449155269,2.4162220425112446,0.011296311659928728
2021-12-13,7197.61,7192.8,7226.82,7165.25,115550.0,0.08%,0.0001276380177875266,0.004757310820147034,57.036131486009204,,0.03887100731781237,32.54000000000815,144861.1,-1.1659351799466868,2.548614457532998,0.011152581468957748
2021-12-14,7241.99,7252.01,7252.01,7158.65,115880.0,0.62%,0.007886613295298163,0.010100930264908334,57.51629991850036,,0.04527661908404653,80.85258868793773,144675.87,-1.2861055471365306,2.679287062532902,0.011221678950981081
2021-12-15,7132.58,7234.97,7263.27,7096.15,225460.0,-1.51%,-0.0045048255876726255,-0.004182648574986996,54.10539030098345,,0.029484866417447245,117.38999999999942,144575.49,-1.0169616768183372,1.68683895455377,0.011627563950104312
2021-12-16,7233.26,7132.58,7233.26,7132.58,144340.0,1.41%,0.010917823527098186,0.008589524973819557,60.14721214354149,,0.044016569721288056,80.10209897409885,144340.65000000002,-0.9870722487055478,1.3447227282815977,0.012139556043285793
2021-12-17,7297.66,7195.44,7297.66,7188.71,130680.0,0.89%,0.019722690216306432,0.014880226130336549,72.1758728335714,,0.053311779224340695,90.53874143150092,144224.09000000003,-1.130478353721335,1.5059888210578114,0.012231629173461125
2021-12-20,7237.61,7236.12,7239.85,7179.41,83930.0,-0.82%,0.010961116327554483,0.0050178483299410746,85.57975075027109,,0.0446444293693979,90.05929435655048,144222.41,-1.040820396120073,1.231127882868135,0.012360424648779856
2021-12-21,7167.06,7226.0,7234.9,7167.06,197430.0,-0.97%,-0.0010860353219820835,-0.00492471104963097,82.20168661111872,,0.03182699658364044,119.05390675653574,144179.45,-0.8969427015791444,0.8536971226850931,0.012540987376913743
2021-12-22,7119.19,7178.54,7201.12,7100.07,105020.0,-0.67%,-0.008613155791768438,-0.010551440487838369,57.66669259123996,,0.00907133613694316,167.55037791031472,144063.84,-0.905052210613909,1.0513058800870105,0.011939673029988785
2021-12-23,7248.05,7143.67,7248.05,7143.67,131780.0,1.81%,0.007398778326938502,0.006108619902786511,55.63367055399036,,0.024349327846054692,28.030000000013388,143781.87,-0.7307163122126805,0.6359687103185996,0.01272525584085243
2021-12-24,7181.86,7257.72,7257.72,7181.86,44990.0,-0.91%,-0.0023072367773464774,-0.002840144771429014,48.85732323227629,,0.012078380530287557,89.78212583317459,143610.82,-0.6989722003833175,0.5387519500808913,0.012792774774136102
2021-12-27,7254.8,7184.88,7254.8,7166.93,53090.0,1.02%,0.006751576977037258,0.006237809461579364,66.30251194886164,,0.022357193689535954,11.670000000012806,143423.41,-0.9037202967226726,0.864729316589743,0.012752213020904124
2021-12-28,7286.5,7239.78,7288.58,7239.78,90760.0,0.44%,0.009757361673704288,0.009135024220322188,71.9087555621724,,0.026824404782875275,35.30999999999767,143399.77000000002,-1.100844699890268,1.3573411876910262,0.012537437041104337
2021-12-29,7334.56,7277.08,7334.56,7237.01,161400.0,0.66%,0.015415985578230453,0.013573693501565627,91.0641324665444,,0.033597091380537444,120.75558165153059,143485.39,-0.2780366889013693,-0.9891726923969193,0.009302757623189445
2021-12-31,7122.63,7274.69,7274.69,7119.44,108190.0,-2.89%,-0.013245611118499756,-0.013885772342726307,68.5229099885647,,0.003731600938537161,83.04366814473484,143872.89,-0.7754783046779119,0.3717660717392235,0.011402289862195478
2022-01-03,7041.27,7101.64,7101.64,7041.27,86330.0,-1.14%,-0.023005575277143368,-0.021954807857514178,37.03563888539361,,0.0,58.989027432461235,143962.98,-0.5858261240895154,-0.0680830761931217,0.011698133652240423
2022-01-05,7091.4,7069.17,7131.0,6999.17,167230.0,0.71%,-0.01457918500566214,-0.01287695664523824,12.868748598463915,,0.013177276734241284,68.31162407341986,143949.06,-0.5912366112055109,0.011370042778167111,0.011551287026394174
2022-01-06,7085.52,7037.99,7085.52,7008.07,114940.0,-0.08%,-0.014936142378201935,-0.011663054421914903,17.74849180555972,,0.012337177122430282,62.48217224350433,143909.72,-0.5520702271242139,-0.005276687828714266,0.011536368657788664
2022-01-07,7011.11,7074.99,7077.25,6978.08,152300.0,-1.05%,-0.023125975699254057,-0.018723596507041154,20.837024121538146,0.20373601846634332,0.004733393712883737,29.217137601606257,143847.94,-0.41875355339984854,-0.28124069558157716,0.011755533169124092
2022-01-10,7140.67,6990.07,7156.84,6966.85,123360.0,1.85%,-0.003517166633955373,8.930198262398505e-05,27.427563479746812,0.1766680490045658,0.02494958266648481,111.92533398091642,143711.75,-0.3047823407810328,-0.34748346562061583,0.012195900846860133
2022-01-11,7085.69,7114.87,7160.8,7067.98,111350.0,-0.77%,-0.009689996966167009,-0.006122758981151043,29.61849705268212,0.16978809859849187,0.017057924312996436,158.85239414893138,143617.5,-0.2848869134076291,-0.39306564313541736,0.012243526501283498
2022-01-12,7215.13,7142.53,7215.13,7134.0,123140.0,1.83%,0.007917110613841443,0.010896806198758224,49.03683156110333,0.2166968307742706,0.03563733968723307,141.60473646559024,143511.02,-0.2800704178136793,-0.6194168694504416,0.01295658985826887
2022-01-13,7307.75,7217.38,7317.09,7217.38,129160.0,1.28%,0.018938531539752054,0.02102598538419452,64.18282523365325,0.22115539239857304,0.04893172667704911,126.94133593823686,143528.53999999998,-0.30017384070124065,-0.7201209267439097,0.013201765051417584
2022-01-14,7261.34,7281.45,7293.44,7261.34,89300.0,-0.64%,0.01233347105458735,0.012854515360372768,80.10569923762382,0.2500978743886939,0.04227017949288413,190.73482557450498,143594.3,-0.3448611648372865,-0.49385574676806243,0.012794591341641922
2022-01-17,7223.83,7266.41,7280.11,7223.83,72860.0,-0.52%,0.006683309742370745,0.006668386071746315,80.89436421817912,0.16256954889876044,0.03688611065259042,64.54331007086037,143723.06,-0.20330060219984908,-0.39389011647171746,0.012474595984770827
2022-01-18,7343.96,7246.35,7343.96,7244.84,69950.0,1.66%,0.022516652186504525,0.02022263154069753,83.32472147435024,0.13962485147110243,0.05412919755700204,57.38830019525314,143713.63,-0.17885857099888255,-0.5477054556563252,0.012877666216820854
2022-01-19,7261.54,7304.62,7304.62,7242.28,101470.0,-1.12%,0.011292158079867484,0.0072932886417018125,82.6769678139002,0.08638997768437644,0.04229888687139806,53.958125337582544,143759.93,-0.16118804476522963,-0.6225771143949812,0.013000021035179849
2022-01-20,7239.28,7258.17,7281.56,7218.68,181970.0,-0.31%,0.009148558733587749,0.0031141200137565477,83.46194302281386,0.1477015748853608,0.039103755642793996,43.25932987695204,143783.86,-0.22389484033972185,-0.48223781300920443,0.012814213406008268
2022-01-21,7293.52,7225.22,7293.52,7204.27,77950.0,0.75%,0.014982503828700786,0.008396695687900408,79.0034737874891,0.21488139909034035,0.04688919669578074,101.53736973905805,143856.08000000002,-0.3778799262348882,-0.3924238379138085,0.012783490373251976
2022-01-24,7252.64,7256.4,7256.85,7215.27,76900.0,-0.56%,0.007177420298773814,0.0015116960157198066,78.21678908894847,0.18742724149230572,0.04102140852752678,56.6999346516975,144030.41,-0.2822520815407317,-0.25091897087970905,0.012229603786810601
2022-01-25,7288.21,7262.63,7288.21,7242.08,83430.0,0.49%,0.01014501606224083,0.004809287508536296,82.54178710013888,0.24315636264510732,0.04612701579623498,58.22589211376643,144035.0,-0.4449112987837838,-0.038758998978895676,0.012073503047280549
2022-01-26,7253.61,7283.15,7283.15,7210.21,107960.0,-0.47%,0.003679248154841158,-0.0006699559588588455,79.0140807721885,0.22256508595754418,0.041160639313319404,65.17859630564644,144141.35,-0.30063536764422993,-0.008560499058691828,0.01192496303601848
2022-01-27,7273.52,7243.69,7275.28,7237.8,79200.0,0.27%,0.0038307113250117264,0.0012178308687972365,80.85969610988839,0.2186485353883034,0.04401845884438449,65.69724772083116,144140.16,-0.2834975003944397,0.008014888213803584,0.01189956423283164
2022-01-28,7251.97,7266.96,7315.31,7251.97,132460.0,-0.30%,-0.00024036948955895613,-0.0018622779220894706,74.67681591271554,0.08732226103361956,0.026031482828191465,69.07798133307247,144127.18,-0.17560717264621914,0.05406490605209768,0.011811420652819066
2022-01-31,7361.65,7279.05,7369.94,7279.05,113970.0,1.51%,0.012129773799826004,0.011230674343477059,81.49178975803977,0.1767976207294489,0.031910569105691004,45.74505297156762,144044.59000000003,0.40181288162107337,-1.2163391796637453,0.010238278749043296
2022-02-02,7458.99,7380.14,7517.5,7380.14,127060.0,1.32%,0.02306268498618762,0.0211312568501853,81.49156826418825,0.22060154793019268,0.035356809225639704,32.808690287245355,144283.61,0.2459880514062845,-1.3682828958817936,0.010057086395767339
2022-02-03,7382.77,7460.59,7460.59,7382.77,101900.0,-1.02%,0.011864783273254773,0.009003720328617867,78.26456965345888,0.14953890203775755,0.02477697254544874,93.89817187704519,144701.33000000002,0.36588819973995934,-1.3625025370153172,0.010418052258295911
2022-02-04,7456.35,7407.97,7470.13,7394.44,129610.0,1.00%,0.020002180926198064,0.016094612490649054,72.92830614351548,0.13365233583304234,0.03499035988379113,13.520000000004075,144992.7,0.2195005712131403,-1.4819765335060417,0.010539085204167105
2022-02-07,7380.3,7469.29,7474.53,7378.7,166460.0,-1.02%,0.008057596266709243,0.004450484872312474,64.5542678968597,0.08275555477906711,0.02443412032031,67.04906191556002,145363.53,0.22337007420307717,-1.4838690983833305,0.010519492328595023
2022-02-08,7458.23,7400.9,7473.71,7400.9,98080.0,1.06%,0.01756743666322385,0.01254085016493149,72.58457576434783,0.0625663891198737,0.0352513162332893,15.160000000003492,145732.72,0.19268710825862007,-1.4678219574555071,0.010028743286248096
2022-02-09,7502.48,7475.21,7552.2,7475.21,158870.0,0.59%,0.02120685806377837,0.01536842126157393,74.32863072772527,0.07137041918072048,0.04139350690632071,141.3093005646035,146050.28,0.05233059860061643,-1.4084131487010458,0.009778826202346307
2022-02-10,7432.62,7508.73,7538.78,7427.44,173810.0,-0.93%,0.009799619318822539,0.004356184056739434,77.47286306461211,-0.05378244349602637,0.031696480004219645,82.60116277287197,146467.07,0.16129145294881148,-1.4370178671144525,0.009437333368190344
2022-02-11,7270.36,7446.21,7446.21,7270.36,425910.0,-2.18%,-0.012023058771913646,-0.01597176564672129,56.30967350466091,-0.25420624613599524,0.008342336769664078,101.22340144453429,146684.56,-0.04421355802636833,-0.8026473878521991,0.01038689982793889
2022-02-14,7361.15,7276.63,7361.15,7276.63,179500.0,1.25%,-0.0007379847673194934,-0.003725135285892808,42.45168158392864,-0.144505494289107,0.020934203025986704,126.08178133608295,146647.16999999998,-0.21218809893776922,-0.8795281171375664,0.010651072878465761
2022-02-15,7309.94,7338.28,7372.65,7292.95,218840.0,-0.70%,-0.007898680360633903,-0.009643650719202942,30.29523280407804,-0.15576379635817883,0.013831774663983373,46.512837959019514,146746.97999999998,-0.19390544579945235,-0.9237913599249645,0.010710675605106688
2022-02-16,7452.82,7324.88,7452.82,7324.88,214470.0,1.95%,0.00954329887381257,0.008171648446095142,47.22935002662777,-0.09913966883525066,0.029707922296830464,90.12516159915029,146833.08999999997,-0.11259309906324833,-0.8595246637076466,0.010956738064872108
2022-02-17,7438.93,7455.09,7464.19,7423.95,167250.0,-0.19%,0.00605166841578948,0.005267137395498005,53.27483819040449,-0.0982887535309362,0.025780581000748766,57.97412304571165,146941.95,-0.18223173051690794,-0.6367567007100914,0.010610943269928907
2022-02-18,7418.79,7419.58,7425.44,7368.67,187380.0,-0.27%,0.0017136456460881625,0.0021011922961189367,61.10915853095606,-0.02985041737534296,0.020415770333243512,44.967078204345654,147119.34,-0.1869724591555622,-0.6293372822478349,0.010603558391341413
2022-02-21,7372.25,7330.44,7372.25,7257.43,141770.0,-0.63%,-0.00467211940135012,-0.003577812603472638,51.296431306674044,-0.00854452575833509,0.015821027553831,106.82708130431615,147298.84999999998,-0.01632071803663657,-0.6722791553411147,0.01062575052605815
2022-02-22,7440.91,7341.35,7440.91,7289.65,139830.0,0.93%,0.004772859018170684,0.005085351760457596,51.287392087766925,0.016565409395016717,0.025281676847038078,127.56671206408853,147377.58000000002,-0.19129660474610102,-0.6865893476865335,0.01069135883227424
2022-02-23,7364.21,7414.99,7414.99,7347.44,135260.0,-1.03%,-0.005406169863709283,-0.00453352901364983,45.80746570772694,-0.031062299715733273,0.014713197371521288,68.81771328430554,147565.85,-0.030138754804613466,-0.8757256144501513,0.0109618687708687
2022-02-24,7212.23,7355.87,7383.9,7179.63,219400.0,-2.06%,-0.023632884985401673,-0.021692020936306358,35.74000903501288,-0.08132569645614066,0.004540623959730439,87.69247459161103,147641.85,-0.11858363010895981,-0.9762391186263724,0.011903428637577951
2022-02-28,7311.01,7175.82,7326.07,7175.82,227990.0,1.37%,-0.009596797861318646,-0.006931669688451853,26.964457820674692,-0.04588326329006961,0.018839658742833644,127.85084473713819,147600.47,-0.16731117178279573,-1.1116916649163622,0.012292453306696496
2022-03-01,7404.61,7322.38,7404.61,7317.44,126100.0,1.28%,0.00360365645806539,0.00536781738535541,35.15183026713106,0.02890207733801792,0.031883464189458484,140.22866468735882,147637.96,-0.29591784281793326,-1.169712058002219,0.012572553998118182
2022-03-02,7304.02,7375.62,7379.13,7286.26,103960.0,-1.36%,-0.008124344953651328,-0.0069595125014809646,44.00871791537765,-0.016717543111035613,0.017865554041210725,144.86923150072695,147790.59999999998,-0.10753591473167505,-1.2586945693046425,0.012527982909779842
2022-03-03,7388.09,7319.88,7388.09,7310.24,108950.0,1.15%,0.003725788777645576,0.004029230725265545,56.572653147684406,0.009508305750150022,0.02958128827088757,132.2367432584434,147732.96999999997,-0.11198828442705729,-1.242641609699823,0.012436080753808023
2022-03-04,7342.01,7369.8,7375.28,7320.44,87240.0,-0.62%,-0.003227568553709228,-0.0018955685186863767,55.52060344742546,0.0339688001719652,0.02315972251254916,130.11207263564384,147662.07,-0.1438423110846319,-1.176418918917493,0.012301843434629773
2022-03-07,7288.07,7304.76,7304.76,7158.33,158550.0,-0.73%,-0.009848915877850667,-0.007830805945619489,57.88640454366985,0.04530937276069146,0.01812433905673527,139.02117610612993,147621.31,0.027933435279769447,-1.1322187721713273,0.012156735452646821
2022-03-08,6977.73,7167.95,7176.19,6977.73,231680.0,-4.26%,-0.04894539957287923,-0.04343208837473775,33.349640432747485,0.024271725634812346,0.0,134.93556137982512,147453.03000000003,-0.742908297178223,0.43286042276584435,0.015209712648187167
2022-03-09,6989.88,6967.54,7095.12,6967.54,156450.0,0.17%,-0.04297606108159046,-0.035650749237139796,15.638745768536166,-0.020477507358868097,0.003206296626930042,35.294018458214225,147050.46000000002,-0.7307405681348569,0.5687688579555021,0.01493069332540155
2022-03-10,7124.8,7094.78,7125.4,7043.45,129810.0,1.93%,-0.02149735021892099,-0.013789966307153569,12.573169232314454,0.02865453627999211,0.022570376345166333,87.97956968644546,146582.11,-0.6185428291051636,0.28907084023118435,0.015640242980640283
2022-03-11,7112.19,7084.78,7112.19,7044.84,118950.0,-0.18%,-0.02028248777132337,-0.012452687074259903,22.75899990740298,0.10860166896545165,0.020760555375354806,95.28011387894725,146204.43,-0.698520092635093,0.4236383003442361,0.015557102517083646
2022-03-14,6816.95,7076.79,7076.79,6797.09,171860.0,-4.15%,-0.05579336723563724,-0.045629443188625454,22.28785843979635,0.20349258299206527,0.0029218386103464383,62.40092097159118,145884.0,-0.8765622420839354,0.343428248001715,0.01738671495457566
2022-03-15,7019.92,6820.78,7019.92,6638.4,172550.0,2.98%,-0.023613561156782745,-0.013533772279003346,27.58993381005598,0.20177249979626716,0.057471679922873053,103.63864178228533,145430.58999999997,-0.5943040926172868,0.17131879083229418,0.01858889001213604
2022-03-16,7026.45,7004.57,7026.45,6957.46,143220.0,0.09%,-0.019414868484167704,-0.009586845232379624,34.285897943179314,0.2921465649336455,0.05845535068691254,90.40579101207321,145089.36,-0.6606851102257503,0.24124970142522484,0.018566415670268763
2022-03-17,7122.45,7053.54,7156.77,7046.56,157910.0,1.37%,-0.005127100980981535,0.004759060280135876,54.315855770849645,0.24730555963792253,0.0729166666666667,215.03601197616507,144805.87,-0.6991461372613031,0.3456665440023805,0.018254220604488697
2022-03-18,7007.63,7112.0,7140.9,7007.63,367900.0,-1.61%,-0.018193481498086573,-0.008612981261696184,54.003036591361024,0.13327381656165238,0.05562033020004828,145.50478433790735,144475.5,-0.5742688503842308,0.07529284623410115,0.018520760515436063
2022-03-21,6956.6,7024.79,7054.98,6949.85,127750.0,-0.73%,-0.02095353096938495,-0.012462799693778908,51.26931187434244,0.056772697605107426,0.047933236924560245,148.8874800428758,144044.2,-0.5345762245651722,0.02972688869415041,0.018547560867082095
2022-03-22,7008.94,6940.85,7008.94,6900.49,118360.0,0.75%,-0.010652669731143035,-0.003211281467523286,46.68637055666809,0.04988041265228245,0.0558176669076886,115.60840965231917,143582.01,-0.6271833503910073,0.03847574098625195,0.01867733940786398
2022-03-23,7009.43,6986.19,7013.67,6977.61,94590.0,0.01%,-0.006791591959964787,-0.0017222962327545983,47.407151615309395,0.029228853488534014,0.0558914798746687,81.87580547230174,143218.7,-0.5832741093664098,0.09314266285947381,0.01848677161375038
2022-03-24,7082.61,7013.39,7082.61,6985.47,125080.0,1.04%,0.006219477358510665,0.008216539769571839,55.479803056020785,0.09068364062865221,0.0669152205350687,119.38425052249958,142787.22,-0.7189218166306799,0.15919244718163794,0.01862599655578539
2022-03-25,7124.84,7073.61,7124.84,7048.53,102100.0,0.60%,0.013898497282284516,0.012575053545359195,69.15510326938178,0.17715936351434924,0.07327669317907938,171.88140453493259,142505.62,-0.9379007686141443,0.6874684801758857,0.01815233125589756
2022-03-28,7134.36,7120.74,7134.36,7080.37,87930.0,0.13%,0.013639438160569983,0.01187280090323327,84.26355367814163,0.15310392090974548,0.07471077368040492,181.93935894184895,142418.22999999998,-0.9060511573327134,0.7826974874004082,0.01785327512930507
2022-03-29,7115.09,7090.22,7115.09,7062.72,115640.0,-0.27%,0.009618672833969064,0.0076775676512233675,92.69596922335693,0.15002855396142992,0.0718079657748856,81.46028304099214,142241.58000000002,-0.8439681484526477,0.8610616082523941,0.017553338637561988
2022-03-30,7167.02,7097.18,7167.02,7097.18,164390.0,0.73%,0.016552440172928423,0.012742730352757102,95.87874812714212,0.22467285822732458,0.0796306338876839,109.68928542359521,141952.06,-1.020952775984258,1.1843972938286074,0.017438938863384566
2022-03-31,7203.47,7173.69,7203.47,7156.49,172400.0,0.51%,0.020778422069935132,0.014964684971459575,97.31980374378666,0.24104722985571672,0.08512141479874678,220.6979144935496,141815.06,-1.0134726742054287,1.2689708608434431,0.017258492885576442
2022-04-01,7152.88,7160.48,7162.44,7103.47,101970.0,-0.70%,0.010174647481547032,0.006021455507271043,97.01570896821049,0.26886019420686413,0.07750060255483257,160.86177424048142,141630.44,-1.0049074796652326,1.2468962660866483,0.017271644395480033
2022-04-04,7163.21,7124.25,7163.21,7124.25,78500.0,0.14%,0.01017335888659967,0.005920421397437534,92.58637369855569,0.26124380198896935,0.038072658608301765,161.73613986318165,141441.31,-1.0902847868037164,1.4095865238842542,0.017217699784646268
2022-04-05,7156.07,7158.57,7158.57,7106.49,70360.0,-0.10%,0.007850542127828958,0.003696212935933068,87.3715080308548,0.38272071752305925,0.03703794947895003,112.85758567921829,141316.44999999998,-1.0248114258446182,2.934406293382491,0.014130599235572135
2022-04-06,7109.26,7129.27,7130.92,7080.49,82680.0,-0.65%,0.0013907640509377066,-0.0030357852115084657,79.99097850243139,0.4350698898942343,0.03025437324016127,139.36999999999534,141494.78999999998,-0.921108484392362,2.6445287771307218,0.014239733411391833
2022-04-07,6926.03,7100.06,7120.82,6926.03,149630.0,-2.58%,-0.023616901492410462,-0.025572452098658247,53.89684687658152,0.33000879162014524,0.003701186437484869,188.51781328101072,141614.16999999998,-0.7819747283446062,1.742733525554109,0.014739589511640986
2022-04-08,7018.02,6957.42,7018.02,6950.1,87220.0,1.33%,-0.01126030139709441,-0.011229236648040064,38.70882566506051,0.3221118729109534,0.01703212380570085,109.82887962644276,141415.4,-0.8328701424943399,1.5148678871400874,0.01509482846551473
2022-04-11,6988.29,7017.95,7026.92,6988.29,57400.0,-0.42%,-0.015244198876342785,-0.013385567828480625,23.22060893192479,0.37135310205568045,0.008989276685200645,23.171458736987624,141321.22999999998,0.03212249516717355,1.025277076636275,0.011688926742854596
2022-04-12,6895.36,6992.97,6992.97,6895.36,105290.0,-1.33%,-0.02722254138119136,-0.022806140718017134,20.410742494096123,0.2706237964867749,0.0,49.755573956960255,141492.57,-0.6835725816638069,0.2039231469165479,0.01001610647984951
2022-04-13,6984.9,6907.97,6984.9,6907.97,76910.0,1.30%,-0.013619289319620689,-0.0081784979432148,17.167312581695956,0.2508346237522272,0.012985543901986259,67.44999999999709,141368.01,-0.6499943511345878,-0.026890471235845315,0.010480648412961762
2022-04-18,6996.11,7010.92,7010.92,6977.4,52800.0,0.16%,-0.01075173464678911,-0.00498108460286972,20.586803414365008,0.23926786585711352,0.01461127482829033,44.46976860182254,141326.46,-0.7141324350110415,0.21648188869946638,0.009973089343755055
2022-04-19,7037.74,7009.48,7047.49,7009.15,98470.0,0.60%,-0.003893201581786944,0.0015932506936079851,35.990393041446225,0.47157536016104756,0.02064866808984594,17.339999999996508,141200.12,-0.9642140733301559,1.0840566284935935,0.00939861020808989
2022-04-20,7142.42,7085.23,7142.42,7067.74,92660.0,1.49%,0.010643740629495805,0.015004649344168905,53.03192582735604,0.5799881886178352,0.03582989140523488,47.44999999999709,141230.22999999998,-1.0051962594457726,1.1544909108565138,0.009762005995720217
2022-04-21,7061.49,7145.5,7156.85,7050.62,104830.0,-1.13%,0.00025911807781122103,0.003612296051532923,60.10515724903445,0.48404377403488286,0.024093013272693538,53.921658186931715,141416.05,-0.7550813156000274,0.4967806687318128,0.01004226916507896
2022-04-22,6998.59,7067.93,7072.59,6959.95,76630.0,-0.89%,-0.006591377483426202,-0.0041748926873742,57.548310201755385,0.440252965855579,0.014970936977909853,85.81999999999243,141468.59999999998,-0.6144523163687519,0.12829315385432505,0.010257156012720441
2022-04-25,7020.83,6971.88,7020.83,6913.43,84810.0,0.32%,-0.002098512949256364,-0.0005515771623898304,46.4342217042009,0.42876780160320416,0.018196294319658475,74.97999999999593,141457.76,-0.6130231889244133,0.30760618369522996,0.009992217187659464
2022-04-26,6980.02,6996.01,7001.91,6964.0,73120.0,-0.58%,-0.006050442083532841,-0.00531184212285312,39.1826805573937,0.376536652062191,0.0122778216075739,62.84767223863696,141395.97999999998,-0.4621830388432722,0.23211018165230657,0.009944993561054837
2022-04-27,6863.91,6936.1,6945.3,6832.92,89250.0,-1.66%,-0.019671205636801265,-0.018901570818097395,29.524898555494143,0.3101509265060003,0.004535396287385156,8.059999999997672,141251.16,-0.30543797239928255,-0.30030036574045615,0.010520014405723298
2022-04-28,6909.45,6858.0,6909.45,6828.85,97700.0,0.66%,-0.01115134698163514,-0.010654013230431449,22.101494635996602,0.30369512929027886,0.011802865782671965,100.26953484944409,140980.71000000002,-0.3985289160303871,-0.3837692619247317,0.01068734409188791
2022-04-29,6731.25,6911.64,6911.64,6731.25,189900.0,-2.58%,-0.034732523473195054,-0.03143398043655776,11.380017488471715,0.11732103841487666,0.0,56.75,140775.07,-0.36380831392973884,-0.5570422927920453,0.01177407832986006
2022-05-02,6721.08,6742.83,6764.1,6668.39,79480.0,-0.15%,-0.03325050980443736,-0.028191910675443035,11.786711280084154,0.03434769970485609,0.007901457473243107,210.07431155585758,140339.3,-0.3090996468784103,-0.48390157293296676,0.011625176060091806
2022-05-04,6802.73,6736.3,6802.73,6630.46,111260.0,1.21%,-0.01963706541131742,-0.013542602104495661,14.504549548628143,0.05695941323369682,0.025981606102743932,10.130000000004657,139856.91,-0.4030878902817381,-0.6078043573797811,0.01209134259709812
2022-05-05,6868.92,6827.94,6881.59,6785.39,104520.0,0.97%,-0.009828722241396607,-0.0025931676535472545,29.604887067704613,0.055371201797716214,0.035964322234053145,120.51841354983996,139506.76,-0.42986696902286775,-0.712909673174789,0.012370042723690772
2022-05-06,6759.9,6800.94,6855.01,6759.9,93330.0,-1.59%,-0.023281418417816377,-0.015044331084826643,34.20594362861501,-0.02755123303122313,0.019522024112957413,65.99000000000524,139212.46999999997,-0.2823686511828413,-0.983335659235427,0.012746573121249329
2022-05-09,6759.9,6759.9,6759.9,6759.9,,0.00%,-0.020894547727596458,-0.011951375205712511,31.493759379927422,,0.019522024112957413,116.0422552348904,138816.3,-0.36071644285638554,-0.9383034352005324,0.012728513341987375
2022-05-10,6720.93,6632.35,6720.93,6547.44,170510.0,-0.58%,-0.023337833301605944,-0.014126949857885256,25.882928104594924,,0.02649737912833118,63.16511819927301,138466.94,-0.30684546278859837,-0.8034951627356639,0.011527615992719387
2022-05-11,6635.86,6677.24,6695.85,6630.52,153700.0,-1.27%,-0.030602851613702915,-0.021905989142054407,22.52258896546488,,0.013504514741639492,143.54534395056362,138261.84,-0.14919238909382604,-0.8327333318185897,0.011239891897118045
2022-05-12,6532.3,6633.68,6633.68,6532.3,170320.0,-1.56%,-0.040432746551175715,-0.03121002844370968,14.325878035039436,,0.0,64.26000000000931,137879.68,-0.05833316192667059,-1.0335719000179817,0.01160150960782555
2022-05-13,6379.17,6545.52,6569.36,6379.17,340020.0,-2.34%,-0.05679673659058206,-0.04583776934996526,4.83637179129546,,0.0,61.55991047642524,137423.69,-0.1318534386397621,-1.0802601799811138,0.012264239084777489
2022-05-16,6502.12,6458.57,6539.33,6458.57,173590.0,1.93%,-0.0333220980393032,-0.022355149390128445,6.58113070195164,,0.01927366726392302,124.46000000002095,136907.5,0.0033092360479386263,-0.9560258707314921,0.012786964605650344
2022-05-17,6594.66,6518.12,6594.66,6495.68,298110.0,1.42%,-0.01553536076896476,-0.005818246265863287,19.269029241156403,,0.033780256679160424,38.33420632146061,136424.71999999997,-0.019338218477332244,-1.1196712390660342,0.013351409501632277
2022-05-18,6727.6,6621.17,6727.6,6607.98,223600.0,2.02%,0.005772064480793584,0.01363492061396612,41.08121271315171,,0.05461995839584151,43.13000000000466,136023.27,0.047176058770777886,-1.179411604958368,0.01419644208243475
2022-05-19,6660.05,6651.17,6711.15,6597.14,225670.0,-1.00%,-0.001667836054189224,0.004041030209864624,52.08354524230547,,0.044030806515581195,177.3771213532192,135713.13,0.21912029374683412,-1.0022519893700248,0.013708234846740849
2022-05-20,6746.33,6683.15,6763.74,6683.15,167040.0,1.30%,0.011102160278894845,0.015514157796698036,63.75508037745018,,0.057556077044505764,40.55977481571702,135230.76,0.03212637520422519,-1.1470267636333993,0.014040404268166485
2022-05-23,6687.85,6757.59,6757.59,6678.01,143020.0,-0.87%,0.00269420139492782,0.006396228302802825,62.42244257109983,,0.04838874022796073,55.17078538192966,134915.6,0.03015629017192246,-1.144400079545901,0.01403448202572256
2022-05-24,6577.45,6693.61,6693.61,6577.45,145010.0,-1.65%,-0.011472948172169286,-0.008377910810127403,57.993975823680096,,0.031082413542827633,185.94728347524384,134604.86000000002,0.18327200499667323,-1.214918472177723,0.014326606157111113
2022-05-25,6597.76,6580.09,6612.08,6574.98,133830.0,0.31%,-0.005525727946075144,-0.004194426025689158,48.94711220088857,,0.034266213316152434,197.20069760232076,134161.48,0.09078229966605612,-1.2559658691875986,0.014377973902240687
2022-05-26,6645.52,6607.19,6645.52,6589.18,139220.0,0.72%,0.0029081305414073474,0.0027900308259884723,51.5539573960319,,0.041753080729938274,20.401275186383078,133779.22000000003,-0.09485945525499291,-1.191645010511319,0.014150620869930696
2022-05-27,6726.14,6655.51,6726.14,6641.16,142270.0,1.21%,0.015444432630453649,0.012919645001449893,68.47324301096731,,0.05439108849583884,68.57000000000698,133560.83000000002,-0.11304233437766946,-1.253161495605493,0.014369036504210668
2022-05-30,6822.32,6741.95,6839.27,6729.9,153900.0,1.43%,0.028839836816084628,0.023325501457903575,85.2660123783762,,0.069468285059028,54.52995724183083,133377.52000000002,-0.19079285004005977,-1.3080023323822771,0.013536900845671494
2022-05-31,6774.68,6832.08,6832.08,6774.68,1030000.0,-0.70%,0.020130047179882003,0.013269626651032816,90.83353733299036,,0.06200022886990004,42.78418378891939,133468.59,-0.13437213165745696,-1.3665277444158885,0.01364010672814437
2022-06-01,6712.21,6786.92,6786.92,6698.79,118320.0,-0.92%,0.008771295145472232,0.002502450951908653,84.88734333115985,,0.0522074188334846,71.67053878492852,133522.19,0.051021494747282355,-1.3440668127687072,0.013514844179491023
2022-06-02,6686.83,6722.73,6722.73,6653.41,84390.0,-0.38%,0.0016488069100523781,-0.001943724334634633,72.76799463104425,,0.03534218875076065,61.09712365879944,133431.66999999998,0.18394046920259763,-1.2366173445982147,0.013308326741844786
2022-06-03,6741.4,6667.62,6743.15,6653.96,93780.0,0.82%,0.00724433516042542,0.0048898030062663345,67.95256848841063,,0.03782821813882447,79.47705021693118,133249.58,0.009187775613566262,-1.1944706768374245,0.013000846750075207
2022-06-06,6716.88,6747.6,6749.07,6699.97,132100.0,-0.36%,0.002273429271409116,0.0007581113852887863,61.72148746718105,-0.16883543256963174,0.021581814697535288,91.05423202146515,133231.08,0.05099138667247797,-1.2060545952455655,0.013025427826772646
2022-06-07,6754.01,6717.62,6754.01,6705.63,96530.0,0.55%,0.007530253513526924,0.005244437671981756,64.31549094662212,-0.18959953544626312,0.027228980164198318,107.5979267985399,133188.06,-0.07368623726234619,-1.2004047944198053,0.013018022565620329
2022-06-08,6769.62,6768.35,6797.55,6733.14,110180.0,0.23%,0.00868123330388781,0.00624804907725339,65.02579237453811,-0.15685237704140503,0.02960313187264453,94.2117866621014,133221.14,-0.20389453333837215,-1.0204179963781401,0.01265758585822727
2022-06-09,6758.59,6796.38,6796.38,6684.63,101690.0,-0.16%,0.006906366904093907,0.0036689930395503185,70.28642778765753,-0.10935576102337345,0.027925560229841093,88.4892655481076,133354.90000000002,-0.27202828200594903,-0.7569825544423026,0.012059885060483083
2022-06-10,6530.04,6713.33,6713.33,6530.04,121070.0,-3.38%,-0.025506896932156405,-0.0267603563830859,47.706433589365226,-0.05848430856859994,0.0,111.59480994127293,133581.19,-0.7391682235574061,0.4541172804318716,0.013355068679774458
2022-06-13,6467.01,6503.06,6503.53,6430.45,125310.0,-0.97%,-0.03377554253593337,-0.03165244585687962,26.138579494371623,-0.06281255354976735,0.005685449696366569,85.35673690927095,133732.06,-0.6620708549481359,0.4493057732245558,0.01285800701475018
2022-06-14,6474.53,6416.87,6474.53,6384.41,131290.0,0.12%,-0.03137814600547252,-0.026277916896600435,9.585166878619178,-0.11181410408654295,0.014115634804155732,79.07905073243317,133696.95,-0.6587480765356543,0.7131871260613738,0.012410695547231086
2022-06-15,6319.42,6443.85,6472.64,6319.42,128020.0,-2.40%,-0.05127733296959422,-0.042600898219740835,9.585166878619178,-0.2146651453705208,0.0,167.5861877982982,133576.82,-0.7185241150658538,0.2112068102265643,0.012401535912205107
2022-06-16,6393.01,6374.43,6393.38,6327.23,128020.0,1.16%,-0.0367885252508729,-0.026180671669601432,11.322898719710706,-0.190650693352224,0.011645056033623362,80.11999999999534,133168.64,-0.8394233444912385,0.2595785817988099,0.012702600952811423
2022-06-17,6331.56,6308.86,6331.56,6273.73,281290.0,-0.96%,-0.04098191719358011,-0.029517089231817752,8.171103102476698,-0.1318234496474116,0.009217801849936296,29.00092407751288,132901.6,-0.7499835960579485,0.2565856120541641,0.012303407433236825
2022-06-20,6333.94,6341.98,6349.01,6302.5,87060.0,0.04%,-0.036024831216324264,-0.023801806536402265,12.002571927645645,-0.09423909542950053,0.009597161497227334,114.24790167225733,132486.83,-0.8664470332841494,0.4301539158177441,0.012253886568811649
2022-06-21,6285.19,6349.26,6370.74,6255.68,108900.0,-0.77%,-0.038983080650352546,-0.025599402695762448,9.099221638204424,-0.06854635161078942,0.004717312906030888,126.05999999999767,132132.91999999998,-0.9829274726533735,0.9202407360451099,0.01188193025269111
2022-06-22,6168.0,6289.27,6299.41,6168.0,149470.0,-1.86%,-0.05152718709359947,-0.036354624355069934,5.646787382510515,-0.12021407343034175,0.0,27.018663919598804,131840.65999999997,-0.7339341811249815,0.20935530969468363,0.012356975158579295
2022-06-23,6065.23,6177.56,6215.9,6054.79,140880.0,-1.67%,-0.060351767674560165,-0.0436881698189837,2.2838413641701334,-0.19573565991244882,0.00172425468100456,263.5599999999977,131410.9,-0.5223933156142629,-0.09490334508127818,0.01244068357524092
2022-06-24,6217.56,6096.48,6217.56,6096.48,142520.0,2.51%,-0.03140026601323214,-0.01475651743960898,7.7732600929865745,-0.19564938052624212,0.026882848125203425,216.66879722416,130830.61,-0.08876193397225296,0.12470068636583775,0.013634813093680183
2022-06-27,6238.82,6241.94,6253.51,6197.98,143280.0,0.34%,-0.022484424613877618,-0.007607148252449417,16.03209650492761,-0.20746214694208107,0.03039411771506522,191.84999999999854,130322.03,-0.1071863700919777,0.46203156385870736,0.013078928645040037
2022-06-28,6345.41,6247.14,6349.49,6232.05,162340.0,1.71%,-0.001040950851309388,0.010138667169774074,28.62649705646866,0.1795770416011837,0.04799836162773604,101.02265537986723,129738.53,-0.15732685499214735,0.030426048250392856,0.013907693046482055
2022-06-29,6303.19,6361.23,6374.91,6303.19,131200.0,-0.67%,-0.002579885752599463,0.004458692967747556,33.89502790892035,0.1598690719369633,0.0410253699963169,37.61999999999534,129309.26000000001,-0.18381176071157942,0.07637296447095432,0.013860721324787724
2022-06-30,6155.43,6321.04,6337.34,6140.22,171470.0,-2.34%,-0.021819717293069064,-0.01565654316544256,33.11193840313138,0.1018320639495749,0.016621550871293692,85.60344361106807,128900.24,-0.09721889648614893,-0.3406413223369622,0.014593377629627225
2022-07-01,6165.35,6174.37,6223.56,6148.43,124660.0,0.16%,-0.016876955655706183,-0.011385000422408037,28.829053481254224,0.04230371705841818,0.018259923135236795,160.0,128368.84,-0.06120844740851865,-0.21345995167948484,0.014377309048096441
2022-07-04,6183.62,6195.9,6210.83,6160.88,100440.0,0.30%,-0.010685585961056402,-0.006595532667163543,26.532998058531458,0.05476294308144463,0.021277368826994814,97.97751824776759,127792.79,-0.123264347037656,-0.27242250821057823,0.014470169918250557
2022-07-05,6309.99,6193.16,6309.99,6193.16,110670.0,2.04%,0.00964109339480634,0.012413859305285383,44.181048862490904,0.05971362461788801,0.04214844775789083,64.48531303316119,127259.53,-0.04724789765160151,-0.4996947276984982,0.015345814150943472
2022-07-06,6445.01,6323.62,6445.01,6312.09,132590.0,2.14%,0.03063269075470362,0.029775449269229336,68.73434375933176,0.10255670714230794,0.06444814766490667,81.40921117966404,126815.51,-0.03423646516337344,-0.7461378165096755,0.016277174594221795
2022-07-07,6352.32,6419.9,6425.23,6332.54,127780.0,-1.44%,0.015569654396198842,0.012832221457115638,83.87270858090237,0.06295593496432332,0.04913960682368831,2.2000000000116415,126490.9,0.06507009250282127,-0.8470420576045248,0.016496668023596315
2022-07-08,6361.82,6366.68,6497.97,6358.44,168630.0,0.15%,0.016764740868802197,0.012047234449395488,81.84186031195092,0.047796040220653875,0.05070861252000478,116.05604895911021,126084.63,0.20927418690838726,-0.930297179513754,0.014826072303193572
2022-07-11,6388.64,6381.11,6396.0,6315.52,80810.0,0.42%,0.019846776051965102,0.013482327939085775,73.61871546486095,0.07254342623464091,0.0551381633384478,125.67736047594158,125916.41,0.08113494929361859,-0.9127059794695054,0.014733959036196096
2022-07-12,6349.94,6378.34,6393.68,6349.94,80070.0,-0.61%,0.011570357772717182,0.005521879156346972,70.40254524121123,-0.004359031344064214,0.04874652960713743,124.78328562215029,125838.04000000001,0.15265343035097276,-0.9255735790633439,0.014779298285012432
2022-07-13,6255.37,6347.63,6351.82,6235.57,128060.0,-1.49%,-0.005646372810936277,-0.008994363382003495,60.50129007222068,0.011782055309254826,0.026062580374248804,62.52200012795363,125713.45,0.2566715517443659,-0.9166973993140553,0.0141600039591278
2022-07-14,6248.13,6250.06,6255.96,6166.61,111960.0,-0.12%,-0.007141864798308759,-0.009246463072591565,45.44560892350349,-0.0009081101058289616,0.017574288869128443,113.2096903979544,125649.4,0.3796082322805575,-0.7118290441739576,0.013872618137416203
2022-07-15,6195.26,6240.83,6240.83,6127.26,111780.0,-0.85%,-0.0150561870226806,-0.015594174057225522,29.36059471122165,-0.10405395912253894,0.011097945900777836,48.13631556521104,125504.51999999999,0.37419241240054946,-0.6986327533489045,0.013837610299929588
2022-07-18,6268.78,6182.27,6268.78,6162.27,80850.0,1.19%,-0.002499691701280485,-0.0034648655385453218,28.89403149387483,-0.08429541165158828,0.023096783880559912,84.90354020611501,125368.22,0.2666822260121594,-0.9020116100206583,0.014133020436150487
2022-07-19,6286.24,6255.57,6287.03,6249.26,90210.0,0.28%,0.0004713189997487977,-0.0007263657599728957,33.134615557533714,-0.028906299123066987,0.025946344695671402,84.8793326427318,125303.06,0.16505986106764184,-0.885693284268334,0.014043128901891848
2022-07-20,6274.8,6294.97,6351.77,6263.99,116830.0,-0.18%,-0.0027027220328665795,-0.0023656139675172884,40.28665713540679,-0.004294697890989102,0.024079278502952373,83.87577195304291,125304.11,0.14741709987603943,-0.6882257670926806,0.013347691310269047
2022-07-21,6256.17,6298.31,6347.58,6245.63,149240.0,-0.30%,-0.006687867425284967,-0.004575648406906723,39.152796885256215,-0.0025603720483516014,0.02103876773631278,42.51079509959491,125410.91,0.14523335261747247,-0.4617171210417048,0.012734230641693092
2022-07-22,6263.39,6258.57,6266.63,6233.41,63120.0,0.12%,-0.006440365546265057,-0.002688417734640098,37.09818096805233,-0.041083452055840346,0.022217108462836588,49.88651294100034,125601.85,0.057919778390712426,-0.16483210969269368,0.01147286881507706
2022-07-25,6209.53,6239.35,6241.66,6163.26,72340.0,-0.86%,-0.01386165793587237,-0.00927764970745677,31.229262766043544,-0.06585197019755956,0.013426882489073342,63.98331504249864,125647.68,0.188780801672895,-0.2643081733323429,0.011621824209763106
2022-07-26,6223.0,6206.8,6234.25,6201.97,74560.0,0.22%,-0.009227325365256603,-0.005567007607511615,28.246697778137445,-0.12612799932676183,0.015625255007948053,57.88768185846388,125618.39,0.2257312378684276,0.206097018114054,0.010913170264341597
2022-07-27,6236.76,6208.93,6237.27,6171.45,56440.0,0.22%,-0.00572992978760696,-0.00242877576009958,25.85219353852516,-0.043742305024176885,0.017870957001987837,51.86000000000058,125495.98,0.11328357383138249,0.2506610784036445,0.010847738107111942
2022-07-28,6379.26,6274.72,6379.26,6274.72,98840.0,2.28%,0.016785626093026213,0.018050584972787744,49.711654064930485,0.07197175629126261,0.041127681867588445,82.52667178475576,125429.54999999999,0.5554077702933969,-0.19085304423349347,0.010625267930582072
2022-07-29,6315.93,6351.7,6351.7,6265.95,117530.0,-0.99%,0.007525532527765795,0.0070443011773398565,64.7085334144433,0.114668797428788,0.03079190372205522,78.00459521896062,125653.38,0.603182827949312,-0.3197165801069075,0.010946791121123001
2022-08-01,6312.03,6309.07,6325.97,6227.33,134740.0,-0.06%,0.007338530276267767,0.005497393875288366,79.30303836055052,0.16294090188524685,0.030155403883628168,33.44023373380764,125803.95999999999,0.6530486972033349,-0.2775798636174289,0.010946815226624976
2022-08-02,6362.3,6310.03,6362.3,6291.94,117090.0,0.80%,0.014124987846057391,0.011437542728878173,79.13600844670208,0.16548360152607294,0.03835972359586503,81.779697795725,125932.37,0.6574984962207393,0.1530273688370407,0.010109640853634222
2022-08-03,6430.08,6359.97,6430.08,6336.02,133200.0,1.07%,0.022810015687360796,0.018835293572797996,88.8637566137566,0.16572439421275892,0.04942176437755207,50.09900186066965,125984.68,0.49165078078978997,0.31741502750482775,0.009181384055752428
2022-08-04,6483.11,6435.61,6483.11,6415.39,104840.0,0.82%,0.027883595930210937,0.022992539974725903,97.75661375661382,0.25270342977806076,0.052065229209365904,44.70461506156151,125969.75,0.4606059922085155,0.39030779305699026,0.008707768204580585
2022-08-05,6405.5,6484.61,6519.8,6405.5,270360.0,-1.20%,0.014008668209742343,0.00866100765816169,89.31396196780169,0.19086329914743544,0.039303874897375704,67.27779302725794,126100.54,0.4650247960496355,0.07555341906011082,0.00917980772198096
2022-08-08,6434.24,6425.47,6437.92,6370.83,119750.0,0.45%,0.016856594883395786,0.010698913437092148,81.31485948280698,0.20571723420830387,0.04396699149476082,25.31204283153346,126144.22,0.46044326117294165,0.06504646018904481,0.009185962138258858
2022-08-09,6468.97,6431.6,6468.97,6408.39,129380.0,0.54%,0.020109310323115744,0.013154067224358404,76.56270451188273,0.29308926337870633,0.049601996346089576,55.66085468110511,126189.82,0.30507496473485185,0.04321126079884685,0.009119299155121767
2022-08-10,6471.84,6464.56,6471.84,6413.96,121550.0,0.04%,0.018088690338008737,0.01085112046727369,82.76490716329165,0.3844873455773058,0.050067658998646805,71.68644143926147,126308.85,0.48994659595213014,0.41170050770310374,0.008325608842594368
2022-08-11,6680.68,6505.74,6680.68,6505.74,196950.0,3.23%,0.046036699490668076,0.0364803810644351,90.76400964828638,0.4149735213834733,0.08395232393246432,22.55999999999767,126525.32,0.9929362594132055,1.0909538173371196,0.01072399698809597
2022-08-12,6699.66,6676.27,6730.53,6646.79,173900.0,0.28%,0.043289594515711086,0.03273830592432537,93.67564090167467,0.4140782972542204,0.08558928614831199,273.0580812472137,126957.87,1.0153340107856792,1.3603210137936044,0.010357183979342141
2022-08-15,6737.84,6699.49,6745.96,6691.17,110420.0,0.57%,0.04326075944887191,0.03191797249711184,97.68835016339453,0.4077945548203854,0.09177583874130073,49.29000000000087,127462.26999999999,1.131204739579296,1.749481543614122,0.01020035202740903
2022-08-16,6850.64,6735.56,6850.64,6703.09,207020.0,1.67%,0.053573201886631644,0.040857566251612014,97.68835016339453,0.43620045629356535,0.10009265608214121,149.26657440166431,127931.33,0.9046471660102953,0.9193258876885584,0.010606404926066723
2022-08-17,6818.99,6845.65,6883.6,6817.0,155970.0,-0.46%,0.043664272085574836,0.029444178262820697,96.2471961161893,0.40717854027960776,0.09501022107387916,144.62999999999738,128495.73000000001,0.8973614640056555,0.8378096636264241,0.010710262435312212
2022-08-18,6824.63,6770.42,6844.14,6753.03,181200.0,0.08%,0.0387507092535147,0.024297240394701276,93.72311193055707,0.48635607627735444,0.09591590617487755,53.63221494845568,129039.92000000001,0.8831947690138879,0.9080301206397197,0.010609295256415366
2022-08-19,6863.86,6834.76,6867.89,6819.15,102640.0,0.57%,0.03849140743657832,0.02416319575902054,92.61098672351243,0.4921940522349262,0.0908972431396358,167.1355979453565,129608.38,0.8242198697062749,0.8675020452026252,0.010584776080786593
2022-08-22,6704.41,6848.95,6848.95,6704.41,119970.0,-2.32%,0.01063037250826237,-0.0015147844133156854,84.9846693094669,0.4348058818157816,0.058142177581510066,286.9185499081197,130208.84999999999,0.1497309550025989,0.9322615646729342,0.011963777935011681
2022-08-23,6618.38,6680.52,6680.52,6591.83,126040.0,-1.28%,-0.004356522883753091,-0.014023545988856582,70.73888137584227,0.40040796856424865,0.03885678946071394,63.310000000012224,130703.73,0.18609529602919897,0.46211147424117316,0.012535185137548935
2022-08-24,6643.45,6618.86,6677.69,6614.84,75160.0,0.38%,-0.002304042914689902,-0.010212264769380032,56.239718871047245,0.37545089400075343,0.042791912513754075,121.3948350279259,131099.11,0.1668233556322762,0.4590086461282068,0.01253386855535605
2022-08-25,6706.43,6657.18,6726.68,6656.7,61840.0,0.95%,0.003913433147976277,-0.001773707438807499,55.63052960716633,0.3541077766385027,0.052677594599133924,59.98469034444057,131505.8,0.13476287947976118,1.0422225608873426,0.011765949316990404
2022-08-26,6752.5,6697.04,6752.5,6680.73,176280.0,0.69%,0.0073817473317997675,0.003645263093747776,63.675593416503496,0.40236373523854047,0.05369679435864541,154.52661200946508,131832.97,-0.005812876515968078,1.4417637719780458,0.011421415070293197
2022-08-30,6690.27,6616.43,6690.44,6600.99,146200.0,-0.92%,-0.004250316647527141,-0.005352853277520116,65.56502325138776,0.4180458607095228,0.04307947040517877,184.01999999998952,132269.54,0.04242397281884992,1.052347558627278,0.011738393102021313
2022-08-31,6583.65,6661.15,6661.15,6583.65,247460.0,-1.59%,-0.021282524022464996,-0.018574310979668145,50.62179025549784,0.2764809163115739,0.01197557848914956,83.1212970072206,132647.78,0.13841925729908047,0.5464927383182516,0.012402055112290106
2022-09-01,6588.28,6594.67,6606.21,6569.17,125630.0,0.07%,-0.019632347994042183,-0.015172397298566006,28.510279466155534,0.23343190533680858,0.00290904330379632,27.130000000004657,132869.13,0.24916074586576295,0.7711943922445235,0.012225870295404494
2022-09-02,6692.65,6586.08,6692.65,6586.08,97460.0,1.58%,-0.004027382972784446,0.0009789171718045902,21.989157983634982,0.23151104734557737,0.018796895193761095,55.6215422515949,133027.33000000002,0.21112463006091176,0.44102926918747576,0.01256662811858939
2022-09-05,6676.04,6693.84,6698.54,6640.03,84400.0,-0.25%,-0.00584613938025081,-0.0006349746380101417,26.445737790075096,0.3521610185354103,0.016268417471309145,78.46999999998661,133236.87,0.18437928969684636,0.750955505126246,0.012198369885499286
2022-09-06,6709.6,6681.13,6721.41,6668.41,95470.0,0.50%,0.0006525828367945026,0.0045030168326415446,39.30710598013335,0.33565617875081194,0.021377129835276037,150.015093553053,133507.41,0.1776237523251565,0.7419601635452997,0.012204433470210479
2022-09-07,6554.08,6709.46,6709.46,6554.08,118540.0,-2.32%,-0.01977507746915002,-0.015810720474478308,26.216752006275954,0.24598197919046502,0.0,83.2899999999936,133782.77000000002,0.09799620759038284,0.23661606310026206,0.013418781919035038
2022-09-08,6593.74,6574.48,6600.66,6548.08,124030.0,0.61%,-0.011405122484748398,-0.008016787510270356,19.646332006257584,0.23469422746752955,0.006973036370966735,1.820000000006985,133867.88,0.03610484980119332,0.18246442261708395,0.013470764607734779
2022-09-09,6606.0,6593.57,6629.29,6586.72,81130.0,0.19%,-0.006824350823264843,-0.004898653684388276,11.17602211216139,0.16674084169890138,0.008845340924362573,34.259046610969804,133989.78,-0.6642916670588418,-0.2936346019883054,0.01129905931320295
2022-09-12,6715.75,6625.4,6715.75,6625.4,72110.0,1.66%,0.009553013706955583,0.010327667371210568,38.516791117151115,0.1840371430195204,0.02560597915724916,50.47129896193289,133915.1,-0.585612090922665,-0.45911098084336954,0.011916294308447777
2022-09-13,6701.81,6710.89,6710.89,6666.14,84970.0,-0.21%,0.006555757301056438,0.007228227889345993,58.825386550545794,0.17496978885436285,0.023477110847760028,60.400916766766194,133931.19,-0.49976681623512176,-0.4815793933200765,0.011853695803193096
2022-09-14,6582.86,6604.48,6618.13,6560.51,136250.0,-1.77%,-0.010666462273194585,-0.009153868947840503,58.07977040733139,0.08163711369415293,0.005311480617219054,74.71180603148761,133895.16000000003,-0.3965472151904908,-0.7458924690000543,0.011767709458859923
2022-09-15,6575.67,6586.55,6633.63,6575.67,101590.0,-0.11%,-0.01035787961888941,-0.00868105191730736,35.23790888040971,0.1026256339488031,0.004213448827748004,20.90000000000873,133627.38,-0.443710298699863,-0.7077683659908773,0.011751624148054201
2022-09-16,6548.77,6586.91,6588.25,6539.25,439640.0,-0.41%,-0.012243052809026366,-0.010833120394142505,11.912296009614941,-0.04982252429211575,0.0014558244446993824,97.64746194533002,133384.06,-0.38086463815948673,-0.7391635243569841,0.011746331647466463
2022-09-19,6437.42,6544.64,6550.02,6433.32,106860.0,-1.70%,-0.026385838823450993,-0.02386738615764029,6.715354532405615,-0.12033215897556203,0.0006373070203254873,53.44000000000233,133108.2,-0.1795406318735779,-0.9638887788335881,0.012054597967494798
2022-09-20,6448.46,6459.92,6500.76,6448.46,97750.0,0.17%,-0.023289664423663353,-0.018951955982217102,3.9682144418438186,-0.11281093986852342,0.0023533727531042025,50.05015932422016,132681.76,-0.2522108210782405,-0.7407966638302974,0.011119966901278245
2022-09-21,6341.69,6437.4,6446.98,6315.54,128600.0,-1.66%,-0.03689208624352862,-0.030069617548553362,4.373806082367074,-0.12302218691059076,0.004140580219585283,100.43492417257863,132425.81,-0.2554811458149176,-0.8244105614402102,0.011341980527456807
2022-09-22,6301.71,6304.19,6304.19,6227.58,161110.0,-0.63%,-0.038887896323926585,-0.0305917600507279,8.903163520286233,-0.06051171538945777,0.011903500236046765,42.800583532144316,132149.12,-0.13163823716775647,-0.8252854129549174,0.011291958545962245
2022-09-23,6259.54,6291.37,6291.37,6235.67,126400.0,-0.67%,-0.04096803247203075,-0.03117411973754785,9.308683728376304,-0.07512278405173427,0.005132009544638533,52.0,131807.38,0.00870440867386115,-0.659030830636413,0.010957252791017178
2022-09-26,6259.54,6259.54,6259.54,6259.54,,0.00%,-0.03622112850038886,-0.025798291572562623,9.34333370592733,,0.005132009544638533,225.25772471830103,131360.49,0.062390034304662605,-0.49274003221860774,0.01072408004659822
2022-09-27,6020.07,6193.04,6193.04,5962.17,179160.0,-3.83%,-0.06761638590940029,-0.05374656987120082,6.900695787136634,,0.009711229300741113,5.930000000000291,130867.53,-0.5911686224372005,0.35293858851424176,0.013189003801887093
2022-09-28,5879.68,6038.98,6044.17,5879.68,147020.0,-2.33%,-0.08210899389232498,-0.0645015664617651,4.743408191540307,,0.0,193.13097926258123,130197.32999999999,-0.556646595784034,0.05009891322548743,0.013602791407975205
2022-09-29,5934.25,5967.32,6006.52,5911.65,152030.0,0.93%,-0.06659819282076214,-0.04628171226141506,4.736763458160892,,0.009281117339719118,27.840000000003783,129493.35999999999,-0.5516588845703556,-0.1031718266779329,0.013941333655213895
2022-09-30,5741.07,5874.57,5874.57,5741.07,180630.0,-3.26%,-0.0869855623840913,-0.0649743576642713,2.175655148492392,,0.0,261.80937926493385,128839.32999999999,-0.5352288667015043,-0.44734750448357863,0.01430657208618349
2022-10-03,5783.15,5734.34,5784.19,5699.3,89950.0,0.73%,-0.07059472038210221,-0.04767981178890415,5.167103566075025,,0.014712333093537706,325.3900000000067,127887.75,-0.5470151481220097,-0.5543905116864747,0.014653180435995533
2022-10-04,5987.72,5851.77,5987.72,5850.65,103380.0,3.54%,-0.03109915840198328,-0.008885623309393702,13.281174745539621,,0.050606214798308576,361.2623841447931,126994.85999999999,0.17473106965640187,0.13632140102469448,0.01730141536277936
2022-10-05,5988.59,6033.43,6033.43,5949.81,107160.0,0.01%,-0.02433794482731973,-0.004538360133062835,24.128803971030365,,0.05075886512378713,128.67579224855325,126272.98,0.040538779862060566,0.39545773189433664,0.01682899878908171
2022-10-06,5934.27,5990.28,6021.58,5934.27,80030.0,-0.91%,-0.02622426719314142,-0.009093999888457193,30.344066731430313,,0.041227870089309254,144.7820962127571,125707.49,0.16695128631361125,0.532355259340771,0.01667532217745187
2022-10-07,5932.19,5940.77,5941.8,5869.59,74050.0,-0.04%,-0.020766771844480093,-0.0058580451424565284,29.740413320399956,,0.040862912989314375,204.83623597915593,125048.02,0.18592951827888152,0.5711218389294803,0.016633895506336975
2022-10-10,5832.58,5898.83,5898.83,5832.58,66470.0,-1.68%,-0.030166854620852168,-0.017602978531251024,24.834720038985107,,0.02338532802273959,240.15128004073512,124374.20999999999,0.37395138396345673,1.0959395220045849,0.015989428597329155
2022-10-11,5847.37,5849.87,5899.4,5835.22,100570.0,0.25%,-0.02196549581472208,-0.011412361765128125,23.78761914827238,,0.02598038355587523,145.2517376757229,123491.04000000001,0.33193757465990426,0.974222160090588,0.016095603033274
2022-10-12,5853.63,5850.59,5873.11,5836.82,74910.0,0.11%,-0.01564892350065145,-0.007556093974927494,22.790271100589862,,0.027078764058744043,213.6816850222857,122636.6,0.1827930940630713,1.0314160958842784,0.01596354773069011
2022-10-13,5895.64,5869.85,5914.73,5841.57,78560.0,0.72%,-0.004232006973117829,0.000721262307486838,28.53023339060414,,0.034449844717772383,199.86316089373733,121907.37000000001,0.12253172652731241,0.8104783123269801,0.016195426787448234
2022-10-14,5904.75,5954.96,5967.69,5904.75,102970.0,0.15%,0.0015937488792626558,0.002629433333077761,34.24094621536355,,0.03604828663169158,272.0379674556615,121227.34000000001,0.07163190726389883,0.7388221761679237,0.016266783003709595
2022-10-17,5970.33,5901.55,5977.13,5891.78,72240.0,1.11%,0.0133284484177892,0.012047044985971029,51.74856586241063,,0.04755496289017945,208.4869658178746,120583.32,-0.12200542163363398,0.6584437210226843,0.016392279283214056
2022-10-18,6128.64,5997.78,6128.64,5969.78,128050.0,2.65%,0.03706787206931886,0.03335112679296473,73.4000009616538,,0.07533205832295196,15.38129252179392,120116.23,-0.04766223604160164,0.13717916288980758,0.017703609886616838
2022-10-19,6148.31,6130.95,6148.31,6077.38,80430.0,0.32%,0.03771146922466348,0.031133719995104975,92.86301118295786,,0.07878335935992142,29.36289665547436,119796.40999999999,-0.1940112997277657,0.3472539750776118,0.017420605327843015
2022-10-20,6055.99,6137.26,6181.75,6028.49,257900.0,-1.50%,0.018263779563494995,0.01268161745721509,91.31101668566696,,0.06258487884477033,44.14999999999418,119603.03,-0.1339736681910241,0.1734689115587118,0.017656912705371997
2022-10-21,5983.56,6067.63,6075.74,5983.56,80650.0,-1.20%,0.003669505150570509,-0.00023684697292228668,72.39091091102044,,0.025885628658329673,54.250665091122116,119357.31,-0.09463925077628191,0.09040015457321893,0.017772055360881098
2022-10-24,6028.79,6021.54,6071.7,6018.98,69290.0,0.76%,0.010758923096968092,0.005816714774369788,57.78866367710382,-0.25120628292259617,0.03364034441019241,74.40999999999622,119081.33000000002,-0.14924042417824476,0.01844858396622273,0.017899022475957354
2022-10-25,6073.41,6038.11,6073.41,6020.88,80830.0,0.74%,0.017206475553257404,0.010814677021365753,56.135024963962245,-0.18283889486500787,0.04129047522708646,60.935457658081454,118850.58000000002,0.014142432992548734,0.2696082065207106,0.01578051567359503
2022-10-26,6121.53,6070.01,6121.53,6053.59,61970.0,0.79%,0.022974162750702003,0.015424175895630863,69.30625960611356,-0.08811170530160846,0.04954068353970281,111.59490310941489,118903.92000000001,-0.0757820582781403,0.8073085203144612,0.014808680099318454
2022-10-27,6230.58,6120.9,6230.58,6111.94,95880.0,1.78%,0.03750230002672613,0.027908475686936572,83.90850684003019,-0.002242619596685281,0.06823738379927922,32.169999999998254,119145.77,-0.103212951418221,0.5483082606907912,0.015144915889353069
2022-10-28,6153.43,6210.84,6210.84,6153.43,93140.0,-1.24%,0.02075999846438166,0.011884721187931782,87.74650860580248,0.04373947782670458,0.05453264829775056,218.17522997440673,119442.1,0.5400747485409789,0.22635667110309488,0.013235636712275017
2022-10-31,6153.43,6153.43,6153.43,6153.43,,0.00%,0.01707161175140812,0.009115775450730858,86.96432867504427,,0.054243577838617704,148.1999999999971,119854.46,0.624115435334618,0.30069059425031996,0.013227143985869544
2022-11-02,6206.24,6258.91,6258.91,6159.6,120530.0,0.86%,0.021547680590698042,0.014314223057693034,82.75752686676644,,0.0624267106274512,62.453193038295005,120224.74,0.1143738959793783,-0.1492052960857264,0.010958336410151617
2022-11-03,6156.11,6155.8,6157.46,6110.03,79110.0,-0.81%,0.010202648769092552,0.004353300746013866,79.92848693544,,0.04486420063206704,3.5599999999976717,120443.26000000001,0.1833892392299986,-0.31294335539187434,0.01117773953072383
2022-11-04,6185.53,6148.47,6185.53,6083.5,85280.0,0.48%,0.011700796814052384,0.007146409009798505,79.79704787258002,,0.049857598213103684,26.917091224721702,120610.78,0.05099595190205968,-0.13412180334800672,0.010918339226147733
2022-11-07,6295.58,6184.79,6295.58,6167.65,101090.0,1.78%,0.025802616888302203,0.021039894434224556,84.00384968085785,,0.05457487545604699,80.18000000000757,120862.04,-0.06127460478363051,-0.4496489390913414,0.011442282853211893
2022-11-08,6289.1,6303.58,6345.83,6260.5,92010.0,-0.10%,0.022836590262796174,0.01665001284600155,88.11764623626834,,0.05106324662909705,263.8045450664393,121225.43,0.049310312478585784,-0.1679827441202164,0.010509313635685292
2022-11-09,6241.68,6286.25,6320.39,6236.96,112220.0,-0.75%,0.014024491569244917,0.006966093198236741,85.197044561607,,0.04313819866434027,164.33726420090534,121681.95,0.1261518851962473,-0.3936149639129103,0.010811639695627066
2022-11-10,6167.57,6230.84,6248.91,6158.26,106480.0,-1.19%,0.0006888675800419536,-0.005251411111095263,68.79491355434719,,0.03075259544485211,173.45526470504035,122076.26000000001,0.1557715916659606,-0.6426139018122652,0.011328660225474407
2022-11-11,6286.77,6307.73,6349.26,6272.2,109700.0,1.93%,0.01645725966410577,0.011289333180930027,67.70800717864351,,0.044490927034148794,67.55053319942498,122390.2,0.12244380139095488,-0.8906232192281167,0.011894358489378094
2022-11-14,6354.76,6296.22,6362.35,6289.05,140720.0,1.08%,0.023596652021061364,0.018517376514595778,76.5501846970508,,0.05545368783300782,126.7620010655295,122781.32999999999,0.013734831017602587,-0.9690979081495654,0.012003148856480335
2022-11-15,6418.94,6334.67,6418.94,6320.74,128900.0,1.01%,0.029840393072526422,0.024192843489039124,92.95231570431064,,0.06035261720730995,151.82000000000698,123231.34,0.0223066726181341,-0.9516267412004362,0.011972734221139968
2022-11-16,6392.09,6423.63,6423.63,6333.95,174780.0,-0.42%,0.02236272733306896,0.016467277100819737,96.16811069827729,,0.05072573354154683,73.93078272683462,123679.95000000001,-0.058978464069892406,-1.1600331888543158,0.010804085109524556
2022-11-17,6403.74,6380.81,6406.01,6366.05,102770.0,0.18%,0.022203872824994954,0.015059976143114277,94.95977028391106,,0.05264074956850494,33.34000000000378,123943.4,-0.039311106556531555,-1.1595436819098597,0.010801458361598907
2022-11-18,6437.38,6415.34,6451.61,6403.5,143030.0,0.53%,0.024257599706872284,0.01668057312319568,93.67120617716766,,0.05817046108325801,16.071627154314395,124198.83,-0.09173512640920242,-1.023884254129581,0.010035509955865874
2022-11-21,6403.24,6451.44,6451.44,6364.3,115390.0,-0.53%,0.015941185916887098,0.008775340589109752,92.38214986530859,,0.05255856003945094,92.61999999999534,124580.22,-0.03923291803796503,-0.9549522515186419,0.0096109395524743
2022-11-22,6429.65,6401.4,6463.18,6401.4,106460.0,0.41%,0.017555080625451715,0.010243452071944483,91.38769758072458,,0.056899810964083114,93.77999867128113,124999.9,0.01116222132241238,-0.9176424103252825,0.009564016148748605
2022-11-23,6510.32,6441.42,6510.32,6437.76,100420.0,1.25%,0.026212853827026084,0.018829086903049283,92.676261687468,,0.07016026958165525,73.80000000000291,125400.76,-0.028254015839664387,-1.0284994856678766,0.009748498143678126
2022-11-24,6530.51,6503.98,6536.17,6496.89,107830.0,0.31%,0.025412474219485077,0.01802737958362528,96.55705598693764,,0.060447269196169044,186.96513531111046,125837.67,0.04278178930583044,-0.9852298562545037,0.009693459412328227
2022-11-25,6606.94,6529.11,6606.94,6480.62,114960.0,1.17%,0.033803275614044864,0.024866211519025534,99.50076296825529,,0.07285824242562013,45.86999999999534,126246.65,-0.016300627247504296,-0.9236735556664732,0.009299653680610252
2022-11-28,6681.47,6589.83,6681.61,6570.62,141180.0,1.13%,0.04090043449589872,0.030235956567090053,99.49184605478122,,0.08496068694728706,157.14350149322718,126623.01,-0.09897944742493171,-0.8737287010584422,0.008730428196566232
2022-11-29,6780.78,6652.0,6780.78,6600.02,1300000.0,1.49%,0.05007247454099445,0.03782821112976898,99.99108308652599,0.6099607942334263,0.10108699535258328,181.1690020395282,127151.04999999999,-0.24933488147331803,-0.9555938579043564,0.008986454934998622
2022-12-01,6734.99,6814.14,6814.14,6732.96,237300.0,-0.68%,0.03647600712222425,0.025014136135269302,95.12277048119451,0.5295806600362855,0.07378431810210133,273.76958563358335,127778.4,-0.0798897306032545,-1.1560949265556288,0.009304701381518503
2022-12-02,6489.65,6731.17,6731.17,6489.65,115440.0,-3.64%,-0.003502735305479135,-0.012157962177461222,74.53267897071579,0.47202055216399175,0.03189670935991914,98.95000000000437,128307.15,-1.3692883986974926,2.4023533330064373,0.012775613181825839
2022-12-05,6442.13,6503.57,6541.77,6442.13,90800.0,-0.73%,-0.011746531929066134,-0.017989615414538498,49.40026443213994,0.42295106573321495,0.019205029790815686,46.944601015924036,128640.69,-1.1937304018552104,1.8816261497223898,0.01295822320642728
2022-12-06,6674.38,6463.01,6674.38,6456.81,132670.0,3.61%,0.021023900734801357,0.014204509192589334,44.566861744219445,0.4279123800989332,0.05374687201509332,22.00999999999476,128897.29,-0.41289195157572767,1.5877836975559108,0.014653326386233819
2022-12-07,6525.16,6662.75,6662.75,6525.16,143050.0,-2.24%,-0.00325257931394476,-0.008233332435379227,43.75233053926709,0.3917805602507145,0.025275364140596713,239.46897625470527,129276.09,-0.3533686579532004,0.7295484163053785,0.015702617021934092
2022-12-09,6580.12,6560.13,6580.12,6515.53,134550.0,0.84%,0.0032121369466317257,-0.0005617958267871963,51.543764581073695,0.45192421371559455,0.03391103499206507,50.16382574000821,129512.15000000001,-0.5020017169875212,0.9119187884669535,0.015599598831088225
2022-12-12,6585.2,6602.58,6642.4,6566.86,106090.0,0.08%,0.002373048019593132,-0.00031959018432361114,44.28092951567961,0.4599884264421992,0.03470923746523571,83.36810049701225,129850.59,-0.6198306273607223,1.3564686279418963,0.015227110824245672
2022-12-13,6582.38,6611.16,6631.66,6566.95,135970.0,-0.04%,-3.906517894778246e-06,-0.0010059032949581784,46.97727833842752,0.45601395566082237,0.028271940513012853,41.5399999999936,130268.22,-0.5413489216580524,1.66578610335098,0.014772996146881677
2022-12-14,6615.07,6610.46,6632.12,6583.35,131080.0,0.50%,0.0029443648465275083,0.003292228362451721,46.68802697732258,0.4380073491880102,0.027542188587334645,147.88014216258247,130563.83000000002,-0.503006197448068,1.7680019707321302,0.014655162287815401
2022-12-15,6566.8,6618.85,6631.09,6537.54,120430.0,-0.73%,-0.004982705882683951,-0.003447366172094134,41.4900906644634,0.39264872366531434,0.019352294970762785,76.84000000000378,130824.14000000001,-0.3414960144564132,1.6448892013802752,0.014672363189823463
2022-12-16,6496.5,6523.07,6552.32,6478.28,211650.0,-1.07%,-0.01527226096308239,-0.012053144982078122,31.745680976010245,0.3468037600964361,0.008439755174142697,131.39446177269562,130972.0,-0.28589969878353305,1.3956452835573323,0.01487043520357597
2022-12-19,6414.27,6474.0,6477.99,6360.97,244900.0,-1.27%,-0.025704114945496615,-0.020925511568763697,19.963109691575813,0.3055670643291988,0.00837922518106518,120.29000000000087,131076.41,-0.1607976292674885,1.0445802636466919,0.015173375909891068
2022-12-20,6458.12,6412.42,6458.12,6385.2,87790.0,0.68%,-0.016660621422135233,-0.011710536678908794,15.938220028960652,0.3174935657179977,0.015272827886312878,130.8199999999997,131086.94,-0.17329709242520197,1.015626839379248,0.015205266469651342
2022-12-21,6520.8,6464.35,6521.17,6449.64,158600.0,0.97%,-0.004301331169125155,-0.0011660240470630265,22.82292884936487,0.3571506948849992,0.025126670932263465,110.07999999999447,131107.68000000002,-0.3064927282488748,0.9852106007275223,0.015285839538917859
2022-12-22,6576.94,6540.93,6580.21,6521.67,183690.0,0.86%,0.006005188384870508,0.006858131325643449,38.348643931165604,0.39333622905930643,0.03395236889971173,95.45203181696606,131225.24000000002,-0.34055761059511946,0.9245017980107573,0.01536644365707397
2022-12-23,6541.03,6567.92,6567.92,6536.67,56100.0,-0.55%,-4.891956553306412e-05,0.0012922318926801707,50.353320287620924,0.36211956315267513,0.02830700349160576,80.34999999999127,131372.53000000003,-0.19640921288481233,1.0187484181067665,0.015196024696897356
2022-12-26,6541.03,6541.03,6541.03,6541.03,,0.00%,-0.001127644860587793,0.0012987717323938459,57.747511984161996,,0.02830700349160576,111.05999999998312,131403.24,-0.16583121272779733,1.0256954370020983,0.015182238499546993
2022-12-27,6564.9,6549.09,6579.26,6519.9,75380.0,0.36%,0.003716132391639227,0.004614747166100105,60.82650584801442,,0.032059575819411094,100.5399999999936,131413.76,-0.11419666386394482,1.2269604454289986,0.014966051809046409
2022-12-28,6566.54,6567.13,6576.71,6530.27,88560.0,0.02%,0.003513383408088848,0.004334028917861622,66.02414145206383,,0.03231739813267469,58.49999999998545,131371.71999999997,-0.03030547471735702,1.4808415531347903,0.014721466422352792
2022-12-29,6566.39,6553.67,6591.28,6529.69,161070.0,0.00%,0.0036408807068695646,0.003843521354813507,71.20401064883616,,0.032293816823534785,116.46022347130709,131256.78999999998,0.056388554334497555,2.0062517814388423,0.014258807256728843
2023-01-03,6586.01,6555.4,6624.76,6550.17,84420.0,0.30%,0.006630800777057949,0.005952205785392663,76.34365564763068,,0.035378252059041305,40.95999999999913,131042.4,-0.04428768488110971,2.0359398996066025,0.014236583738501202
2023-01-04,6718.5,6601.5,6755.27,6601.5,209870.0,2.01%,0.025357314551267808,0.02252641895294352,82.22025776746325,,0.05620683637872836,80.80519042734963,130893.41999999998,0.7664810648025926,1.6215170336299316,0.012320883769923317
2023-01-05,6761.33,6738.93,6767.05,6730.52,167180.0,0.64%,0.030251256106390186,0.02469943407678808,90.75355873485455,,0.06294008618182442,171.4873924778853,131122.27,0.6482447059108601,1.6743686371158937,0.012166495947491052
2023-01-06,6667.97,6736.65,6736.65,6666.68,136740.0,-1.38%,0.014908078716395245,0.008407350008237781,88.28896354080582,,0.04826307937311448,17.669999999998254,131441.46999999997,-0.3740285114466372,0.09340254286860139,0.009807236394445982
2023-01-09,6790.24,6692.3,6790.24,6685.07,150120.0,1.83%,0.030228318746534193,0.022358657440665432,91.39742579458895,,0.06748499049673234,11.260000000009313,131435.06,0.07008114282458866,-0.3421910336208627,0.009122669776816684
2023-01-10,6756.69,6783.4,6783.4,6740.03,153930.0,-0.49%,0.021347926271012802,0.013934784402936811,89.10591143138356,,0.058179853411012936,179.12377843267507,131700.14,0.25337959063918636,-0.29052701780230183,0.009119387531072892
2023-01-11,6709.34,6764.68,6774.47,6709.34,209840.0,-0.70%,0.011446928108812137,0.004941652444938097,89.32155515780096,,0.04026581328570274,19.383795002841957,131876.71000000002,0.32756704417045257,-0.42424210232101345,0.00930991854080163
2023-01-12,6833.53,6723.53,6833.53,6723.53,200010.0,1.85%,0.026711399946168855,0.01946869151144309,89.32155515780096,,0.048103498519915966,85.71774669534763,132000.85,0.2511097798624508,-0.7802899800516672,0.010090071433831255
2023-01-13,6951.54,6833.76,6959.63,6816.42,238430.0,1.73%,0.04025993682435489,0.03100792439565939,91.46934423099731,,0.06620346937836476,49.76000000000931,132252.0,0.19631295440468674,-1.0370109359337398,0.0106451842472143
2023-01-16,7045.48,6966.0,7132.1,6966.0,258080.0,1.35%,0.048663138615784356,0.037493452515628835,94.67042125497802,,0.08061166582309544,76.45090330425548,132588.47,-0.004070962140698287,-1.0773811149287338,0.010650397687506363
2023-01-17,7014.04,7041.06,7046.45,6952.79,192710.0,-0.45%,0.038759791606061425,0.026905590117712666,88.24223874381607,,0.07578950597401807,133.57398898058776,133067.15,0.02061504692443946,-0.9911027029678632,0.010295311683638574
2023-01-18,7094.86,7008.01,7094.86,6967.87,178910.0,1.15%,0.044871340379788176,0.031838641643481526,86.79488175036046,,0.08655387928063968,148.6659260728897,133584.69,-0.06367704922124891,-0.9208111085773276,0.00964931034234528
2023-01-19,7062.01,7049.8,7083.87,7043.9,194100.0,-0.46%,0.034640871772755995,0.021675638264259306,87.63289438552526,,0.0815230125779326,316.60743926825324,134265.28,0.06762032375618428,-1.0603210835228014,0.009878574902637133
2023-01-20,7056.62,7056.43,7063.5,7035.65,117080.0,-0.08%,0.02857441516839047,0.016365980426139043,89.73753282781291,,0.07731860394463042,190.73426988057815,134869.16999999998,0.21517433095218622,-1.021783670372212,0.00986701107383975
2023-01-23,7069.68,7051.46,7069.68,7003.42,97920.0,0.19%,0.025314862465572453,0.01417459044503074,87.87679802190178,,0.07092024539877305,69.97034292393896,135404.99,0.31836177803828675,-0.9458439213709617,0.00981652699115894
2023-01-24,7041.5,7065.6,7137.62,7039.05,252730.0,-0.40%,0.017822239737553806,0.0073119465017672395,84.95169458054816,,0.056222887554224846,205.79000000000815,135897.73,0.3198550327335586,-0.9207430484376249,0.009749726513302701
2023-01-25,7081.36,7072.49,7085.54,7047.73,138910.0,0.57%,0.020212841057862224,0.009871300635695884,85.29313194085375,0.22962593595323158,0.062201875596248714,186.84105950069915,136398.2,0.236853394645917,-0.9279192079341598,0.009717612604378992
2023-01-26,7042.7,7088.14,7101.84,7042.7,128440.0,-0.55%,0.010745406515803864,0.002420706854534922,82.22298619098545,0.1761783731841067,0.05349682202280606,245.64999999999418,136938.53,0.31514332770317605,-1.0206247871559877,0.009946701470053805
2023-01-27,7052.16,7062.63,7080.4,7043.6,112260.0,0.13%,0.009392861842128782,0.0021632788291010546,82.37498878973962,0.1424832387166189,0.05109593492057336,170.34728231751888,137416.33,0.3011470718773786,-1.0152281221945705,0.009930508955079236
2023-01-30,6970.97,7048.76,7053.72,6929.18,302530.0,-1.15%,-0.00440914579724372,-0.009082142977002591,73.38660890075533,0.0997671842975566,0.038994893685519005,109.51278630483499,137901.95,0.2652396558558091,-1.1121218112395956,0.010470062605894377
2023-01-31,6793.25,6935.67,6935.67,6740.19,240870.0,-2.55%,-0.03062082546374105,-0.030512034832731186,52.65707472358471,0.06650568797290028,0.010369552898551841,27.695939565834976,138306.53000000003,-0.15658602411517666,-0.5306168013856141,0.012262038763016826
2023-02-01,7035.76,6814.52,7035.76,6813.77,249660.0,3.57%,0.001919502546639041,0.0035641476480440114,50.76526302792348,0.10346717928394791,0.043851879546422376,56.129999999990105,138513.77000000002,0.3897171642721807,0.22648971272340868,0.013886424815598814
2023-02-02,6986.19,7027.92,7028.37,6959.78,257700.0,-0.70%,-0.005489972300002596,-0.0028219508599380766,51.034980517289675,0.055332418038067405,0.03649748745955233,26.51843520507835,138831.03,0.5094259600757095,0.2126789007703911,0.014007995663902784
2023-02-03,7027.38,7012.87,7027.38,6901.22,875080.0,0.59%,0.0005577224421653751,0.00300723460737608,69.5099346635467,0.2676555738334578,0.042608591152475006,36.270000000004075,139055.89,0.4225328808481876,0.42219720953663264,0.013542874669284184
2023-02-06,6936.61,6997.46,6997.46,6892.0,252320.0,-1.29%,-0.01158776420201113,-0.008309112717717466,61.19400481426504,0.2211481665849678,0.029141611734980775,54.36189278799408,139415.3,0.621421645500083,0.7306683096068949,0.013448226254882172
2023-02-07,6881.26,6919.01,6931.79,6881.26,107880.0,-0.80%,-0.017338374264120618,-0.013652540873093873,52.393293577904814,0.20768015475047807,0.020929677056581584,31.693369969132615,139561.67,0.6320954619141848,0.6706880102263386,0.013537550038409361
2023-02-08,6923.08,6885.27,6963.46,6884.49,110300.0,0.61%,-0.009963378404494681,-0.00614628626432434,43.64542183529185,0.2582829907190313,0.027134249924705436,93.81527594160215,139686.24,0.5095124601957549,0.6490918548188795,0.013446038892068987
2023-02-09,6842.79,6922.13,6922.13,6840.12,115110.0,-1.16%,-0.01930322960537621,-0.014844661005544182,35.77653087755508,0.1936606862868301,0.01522212281849627,95.59080915235384,139899.97999999998,0.7306479381040137,1.1669835956477934,0.01314156278692805
2023-02-10,6876.79,6852.17,6884.2,6848.71,109460.0,0.50%,-0.012480434251906293,-0.008032409838900178,35.401622088585945,0.1650580120661463,0.020266491003962852,98.77324215240522,139909.24,0.8515897191409779,1.9388551316023133,0.012573740780953717
2023-02-13,6838.76,6865.54,6902.87,6834.27,178400.0,-0.55%,-0.01589510680851473,-0.011141969602153853,29.147444481584674,0.1340063534745719,0.014624216824748357,134.94000769060295,139834.49,1.0938436256527209,2.837741849244459,0.012174117178889141
2023-02-14,6791.24,6847.99,6863.74,6791.24,238850.0,-0.69%,-0.01981031957668825,-0.015013157833668234,25.24744145775544,0.06253235101933405,0.007573970466707939,37.43000000000757,139627.77000000002,1.1088564594898709,2.7993469282432857,0.012219449130700073
2023-02-15,6822.09,6790.53,6829.03,6747.1,97100.0,0.45%,-0.013113162833043155,-0.008498513577124863,21.81495274131622,0.040231438274742196,0.012150992776168112,70.23355783117444,139404.97000000003,1.2199692135880555,3.463566459376864,0.011922739424711809
2023-02-16,6815.91,6814.26,6848.48,6808.53,146430.0,-0.09%,-0.01159432239288818,-0.007534478155284491,20.7800077634583,0.0227451669062706,0.011234104676574437,12.540000000008149,139132.2,1.1774274581202746,3.4210137162604415,0.011906784659378597
2023-02-17,6779.02,6805.21,6808.97,6745.54,89810.0,-0.54%,-0.014985449422849751,-0.010661754480801033,20.45383109723129,0.0096738770479901,0.005760965195343282,39.698286173492555,138886.1,1.2280696797151842,3.4615331432118444,0.011932783231143693
2023-02-20,6744.12,6793.86,6794.98,6735.53,74120.0,-0.51%,-0.019556598581530804,-0.013104356211311202,13.383088878128504,-0.027204952275088474,0.0012753265147657491,44.0399999999936,138608.5,1.320114837247133,3.646006219593316,0.011918458558527145
2023-02-21,6800.96,6757.95,6800.96,6719.1,82300.0,0.84%,-0.008876795376521609,-0.0032759954569198343,14.155749663847255,0.054132883385180054,0.012183179294845987,127.42962685341575,138282.94,1.1269636976997401,2.941639880389177,0.012146422233234087
2023-02-22,6699.23,6778.2,6778.2,6696.72,115330.0,-1.50%,-0.020777153796584846,-0.01505486991979086,10.029669667141404,-0.0012602787616033102,0.0003748103549199173,40.98000000001048,138042.4,1.2472420138108113,2.982790132385513,0.012364823961599497
2023-02-23,6685.9,6704.91,6704.91,6666.41,129180.0,-0.20%,-0.019228867064776205,-0.014009607324643441,11.038399135585324,0.03221767918367365,0.002923612559083492,88.10964575478746,137660.27000000002,1.2096051585332357,2.9436238667231294,0.012348366322057847
2023-02-24,6685.9,6704.91,6704.91,6666.41,129180.0,0.00%,-0.01664564665046351,-0.011461656972360202,4.402533689562065,0.04787791389819987,0.002923612559083492,66.30999999999767,137303.47,1.2306217750509527,3.006265019411452,0.012329863416236398
2023-02-27,6599.34,6684.45,6684.45,6537.52,165440.0,-1.29%,-0.026493509887189532,-0.02040269829848709,8.987431489199617,0.06908612495578285,0.009456185220083412,32.31096223254255,136937.21000000002,1.219673466350421,2.9342618460091456,0.012388497224816443
2023-02-28,6556.2,6609.41,6670.49,6556.2,767440.0,-0.65%,-0.029104092787839906,-0.022497130541939206,8.643944755197777,-0.09257664540554215,0.0028573526352499694,60.939999999987776,136565.58000000002,1.8339906482178596,4.190496972453675,0.011219804951103236
2023-03-01,6607.13,6602.96,6630.2,6579.48,158980.0,0.78%,-0.019116866249378715,-0.012044043197861596,12.807870730725535,-0.15059455469458577,0.010647768572792078,277.18691112677067,136328.52999999997,0.11614360906754342,-1.1982721316154257,0.007408839858084445
2023-03-02,6622.45,6628.35,6690.63,6598.15,149730.0,0.23%,-0.014183676995584779,-0.007508388026018676,15.718677726740603,-0.15744966925948253,0.0129911648453847,108.15605083872559,135899.9,-0.05039189721653687,-1.231718813967693,0.0074429717477497975
2023-03-03,6655.37,6640.33,6694.36,6640.33,204260.0,0.50%,-0.007347584601947761,-0.0013302566111647264,26.141697490800983,-0.47053036734245474,0.018026713493801846,82.26560865648672,135536.16,-0.05647379990030306,-1.2183098330644977,0.007389802357315899
2023-03-06,6671.12,6673.18,6737.03,6671.12,94820.0,0.24%,-0.0037235155807142733,0.0017047501062921904,34.1119515993666,-0.5103797793162156,0.020435883943758403,119.75463428017707,135164.15,-0.2153102683784386,-1.0685656201975493,0.00705942296400732
2023-03-07,6705.12,6707.55,6739.5,6705.12,127140.0,0.51%,0.0026051031654391725,0.006627300204624662,44.329086645206274,-0.5132518457387344,0.025636632851601133,48.93822818204794,134898.65999999997,-0.4125713413014698,-0.9587177341933808,0.007074743526233099
2023-03-08,6711.49,6681.21,6711.49,6617.86,141480.0,0.10%,0.00467808306695595,0.007103983885111879,53.650161167932346,-0.46498500353145117,0.02661100845580577,49.55999999998312,134722.52000000002,-0.396873454943996,-0.8646482726400766,0.006884762985642703
2023-03-09,6609.27,6711.11,6711.11,6609.27,119530.0,-1.52%,-0.0088247266307887,-0.006824579322177966,48.40752049492456,-0.4679558078241842,0.010975109827579876,24.79596724519139,134510.93,-0.4927049505882753,-0.7612153593124993,0.007204915789413932
2023-03-10,6589.88,6596.16,6596.16,6518.43,171130.0,-0.29%,-0.01009706504422347,-0.00818364092001948,38.87143462634042,-0.4358361357018528,0.01096122839395373,42.88235448541066,134277.40999999997,-0.4029059707492628,-0.6934132558544253,0.007034042724881707
2023-03-13,6544.45,6529.57,6599.96,6498.4,96400.0,-0.69%,-0.014208193529679771,-0.01278949636116171,22.99444581331706,-0.40238947153095855,0.007086359719315552,76.41906287585459,133990.5,-0.3768227135633153,-0.753880480542922,0.007075480611935663
2023-03-14,6393.33,6525.75,6525.75,6393.33,136950.0,-2.31%,-0.03379137590345973,-0.030800925857748143,13.915844740333954,-0.38333996410904714,0.0,78.88999999999942,133696.19,-0.7395794204400654,-0.1515452123368819,0.008438386835814573
2023-03-15,6466.1,6441.67,6513.26,6434.93,127090.0,1.14%,-0.020469685550787785,-0.016771880571193956,12.493215953419487,-0.41281160695017893,0.011382174860362353,240.83805886944484,133298.27999999997,-0.5566183691741714,-0.2553887328408848,0.008886028263431206
2023-03-16,6404.91,6437.67,6437.67,6330.53,108450.0,-0.95%,-0.026780147989670978,-0.022184471095598034,13.069538844910406,-0.3755620154990137,0.011749411186741096,36.96999999998661,132942.28999999998,-0.41263895117289084,-0.47233588403063687,0.009003463488831772
2023-03-17,6469.72,6411.18,6485.61,6409.29,143110.0,1.01%,-0.015547373045437964,-0.01004463101680206,24.414299259284764,-0.3451684711892085,0.02198710060611047,23.436732848226924,132531.28999999998,-0.46297639972582494,-0.5933342632897745,0.009449208617658068
2023-03-20,6451.02,6452.03,6452.03,6389.48,86380.0,-0.29%,-0.017269385349683617,-0.010465710991231727,27.227751016782133,-0.30198807571094566,0.019033161520441527,49.986883062134616,132221.99,-0.5016686255599485,-0.5470032217998653,0.009426719311568426
2023-03-21,6530.75,6459.54,6530.75,6459.54,100420.0,1.24%,-0.004295998757636534,0.0024537817573165536,37.48441205956441,-0.29477876891482946,0.031627683622066444,131.75948125277213,131928.89,-0.41206192699983263,-0.5766986728012364,0.009696604773437147
2023-03-22,6546.27,6540.45,6593.22,6540.45,84040.0,0.24%,-0.0011010498229949252,0.005096428424784837,43.72366351240123,-0.2844434251744505,0.03407929509851477,59.41308144277924,131658.68,-0.610617884660581,-0.09383489380507504,0.009239462839254189
2023-03-23,6536.36,6514.14,6536.36,6494.06,86360.0,-0.15%,-0.0013178028673862508,0.003926842180649793,50.6793489334997,-0.26175359120175984,0.03251386534776708,134.8491092557884,131505.72,-0.6188549169072134,-0.08511919982908589,0.009237699707035672
2023-03-24,6602.17,6523.73,6602.84,6523.73,74400.0,1.01%,0.009496854768916582,0.012848545908460112,56.500476807589884,-0.2435606683969997,0.0429095194241241,87.20437599708673,131356.18,-0.6333904531196357,-0.24621442405023064,0.009568618204206503
2023-03-27,6595.03,6598.73,6598.73,6568.7,73710.0,-0.11%,0.009619057252127493,0.010616846719029087,62.05975207463604,-0.22408750829588395,0.04178165177323226,12.236376097515762,131272.45,-0.7978044936738019,0.3373610825577491,0.009119201418484322
2023-03-28,6603.15,6607.36,6627.13,6603.15,112750.0,0.12%,0.012061100643173214,0.010396361510283864,69.16105075966293,-0.01217486726524824,0.043064324787971925,13.605660586678322,131268.13999999998,-0.9447099649229131,0.673049779967577,0.008990327346386768
2023-03-29,6630.97,6622.44,6630.97,6590.11,83530.0,0.42%,0.01608366786476642,0.012453147900784335,80.35421081215249,0.01722434469172,0.047458901545368325,26.663609518782625,131315.09,-0.9482807674305967,0.7692421120713409,0.008871239036203403
2023-03-30,6644.75,6632.56,6644.75,6610.76,81520.0,0.21%,0.017584094681432537,0.01211051808256098,90.54425701122852,0.08544753293853494,0.049635654518658034,26.61015372685379,131338.93,-0.9452354717922725,0.7687256472899135,0.00886840285951287
2023-03-31,6499.68,6635.69,6635.69,6499.68,149730.0,-2.18%,-0.0041443860362788115,-0.009377627727992558,84.61057008889748,0.06065024197704974,0.026719721729460338,18.932442956751597,131361.22999999998,-0.8096664090421603,-0.0006234094620243269,0.010056064596858025
2023-04-03,6529.99,6524.31,6529.99,6507.1,96230.0,0.47%,-0.0009945266611497354,-0.0048239948021150305,72.4365094519764,0.1474384725580084,0.031507630482755795,30.639999999984866,131205.54,-0.8235346523630209,-0.02264765972382854,0.010111114312171066
2023-04-04,6472.04,6533.93,6538.97,6463.98,75170.0,-0.89%,-0.009924406237498882,-0.012362168141438633,54.114951308000855,0.18271671503742462,0.02235357861032176,110.49000000001251,131064.41,-0.6390256999991029,-0.26457795253759064,0.010148858738176617
2023-04-05,6488.51,6470.54,6518.17,6470.54,71960.0,0.25%,-0.008310770661397581,-0.008872688280584755,49.102453848084586,0.11227477462345083,0.015498913839623985,115.26956069648233,130831.33,-0.6548316485463493,-0.27275793940578685,0.01017715175396816
2023-04-11,6479.63,6502.46,6506.59,6473.95,91150.0,-0.14%,-0.009775099573934406,-0.008952319756457473,39.71503056601796,0.14314078288181897,0.014109129381420797,98.01556839411737,130608.35,-0.8361763582070456,0.3540840688837896,0.009661734971566234
2023-04-12,6469.42,6473.73,6479.16,6428.92,83450.0,-0.16%,-0.011533938267390341,-0.009014914090732754,30.958178232611615,0.10246716002414956,0.006299658418521307,29.249999999992724,130478.70999999999,-0.8599604273854297,0.3923435588919886,0.009651792236850788
2023-04-13,6448.87,6453.29,6453.29,6394.1,114450.0,-0.32%,-0.013792502286261405,-0.01022131952686935,25.310501241638264,0.155215613191015,0.008565709012996282,26.860776400905372,130358.25,-0.9306477416116831,0.5801517528594355,0.009565238142653833
2023-04-14,6481.91,6445.55,6481.91,6445.55,78960.0,0.51%,-0.008042414241502793,-0.003985445262488093,25.216289968126404,0.27218250282881856,0.013732972584100887,4.369999999995343,130262.67,-0.923177318769594,1.3032863570867814,0.008048030327889933
2023-04-17,6505.62,6483.24,6505.62,6425.14,71330.0,0.37%,-0.0040793100273434175,0.0002489310242880735,33.792140434869246,0.3324099060743798,0.0174410784942368,39.861585246772535,130351.25,-1.0459620688626394,1.7359003850507442,0.007686616877660676
2023-04-18,6464.72,6499.67,6499.67,6454.27,49090.0,-0.63%,-0.008850860035159875,-0.0046612304120957305,35.89999335062167,0.3053660087374318,0.011044556700708448,53.43000000000029,130390.76999999999,-1.1061980426023803,2.179336336064968,0.007504211965757011
2023-04-19,6446.35,6456.96,6468.63,6425.9,57770.0,-0.28%,-0.010055436474345963,-0.00593662251955682,31.1709555156593,0.27057007303477554,0.008171595689776512,20.338102994101433,130450.58,-1.1189240961648577,2.5318314521222574,0.007181785077616118
2023-04-20,6520.44,6466.68,6520.44,6453.27,69870.0,1.15%,0.0022315934165469467,0.005310488707098598,33.141831238779154,0.2651457384351513,0.019758840180791548,31.39903869522056,130427.21,-1.0388647395464385,2.0589932886783435,0.007601510593034623
2023-04-21,6520.44,6520.44,6520.44,6520.44,,0.00%,0.0034492890533685916,0.005010533402631054,40.551898397499734,,0.019758840180791548,87.70322670934995,130496.63,-1.2684607456669985,2.8059580673750233,0.0070762791879545
2023-04-24,6598.38,6523.85,6598.38,6522.2,99210.0,1.20%,0.0159615511514859,0.014930450453660022,61.78879142054652,,0.031948202248948204,82.28383538595055,130486.32,-1.0218515816834475,2.0562841166056867,0.0075571536125058104
2023-04-25,6593.39,6595.51,6597.33,6575.04,112590.0,-0.08%,0.014148034530103465,0.012114687938543032,77.5062338178497,,0.0311677953113026,88.84306517586974,130538.43,-1.0399759441315444,2.099687050785504,0.007548824424374309
2023-04-26,6540.24,6584.86,6584.86,6512.98,134320.0,-0.81%,0.005859609297861991,0.003158628574273369,84.5509394486232,,0.0228554448632332,65.58259384451225,130595.45999999999,-0.9151940225588235,1.8450431439973736,0.0074219667960339535
2023-04-27,6583.68,6541.36,6597.83,6530.9,48580.0,0.66%,0.011300218561008386,0.008140416407954687,87.30011095881474,,0.02964920786349915,13.45081781900131,130533.53,-0.9697997020677401,1.667303763747972,0.007586208977502475
2023-04-28,6625.08,6592.14,6635.4,6587.41,235770.0,0.63%,0.016136936137084938,0.012104220196300308,86.68874157675562,,0.03612392674496795,10.509091302298499,130522.18,-0.9932639593471648,1.5163026449931953,0.0077146536772996705
2023-05-02,6672.69,6624.95,6673.44,6616.88,105480.0,0.72%,0.02127914973921313,0.016214233682390684,96.08622356277748,,0.043569853458657076,12.018007322345527,130544.11,-0.9794494024715527,1.37454815423916,0.007824044258290868
2023-05-03,6606.69,6675.71,6675.71,6606.69,104320.0,-0.99%,0.009662422155149357,0.004672907347731979,90.31520111326084,,0.033247837850518325,45.819555868643114,130585.82999999999,-0.7522500360478405,0.6187547714636201,0.008135874903369717
2023-05-04,6684.35,6612.14,6684.44,6612.14,115240.0,1.18%,0.01891163688681626,0.013587194492724183,91.7292427750463,,0.040343089800377895,47.25482480988617,130547.76999999999,-0.04328034743713292,-1.0135740231593175,0.006805368486651827
2023-05-05,6685.66,6678.88,6706.22,6673.32,93670.0,0.02%,0.016855494426641405,0.011222529275922091,89.38052493981688,,0.04054697640829608,81.68000000000029,130732.44,0.05136557189150387,-0.9704887211796311,0.006766646741524688
2023-05-08,6600.74,6709.56,6750.06,6600.74,127570.0,-1.27%,0.002903209527380705,-0.0021430786274500824,82.19565846335304,,0.027208640034858955,37.115943345562584,130888.11,-0.12275140411937774,-0.7690952479889206,0.007111885001014319
2023-05-09,6622.61,6615.73,6646.58,6594.45,76800.0,0.33%,0.0045048392894792635,0.0003368386708917998,69.10156009095358,,0.03061205434258237,52.328817264993084,131016.81,-0.137511021458608,-0.7792498605641582,0.007122686792748804
2023-05-10,6658.59,6632.83,6660.66,6621.58,100380.0,0.54%,0.007645197463102001,0.004442910922748713,61.26651741169169,,0.03181642795048087,72.31942546785325,131150.91,-0.26694667593175936,-0.7846126607140675,0.007163514234145595
2023-05-11,6675.46,6669.4,6704.53,6657.51,116400.0,0.25%,0.008508222903267623,0.005624682641196349,66.132350913106,,0.024947105625996162,23.921755190002347,131329.87,-0.3549872247874902,-0.711243372497282,0.007132915590055829
2023-05-12,6578.15,6661.6,6668.65,6578.15,150360.0,-1.46%,-0.006811595187569844,-0.008217966460844309,55.067556042387345,,0.010006172289796694,106.47000000000116,131535.91,-0.4795437081005869,-0.7417142698832779,0.0079436225419518
2023-05-15,6523.15,6582.57,6585.72,6523.15,78690.0,-0.84%,-0.0143159538946803,-0.014526938701708975,33.43737697542323,,0.0015614971948324844,22.80999999999767,131665.19,-0.2786025915145121,-1.0027982958223527,0.008146924657225678
2023-05-16,6588.9,6549.34,6596.34,6549.34,65670.0,1.01%,-0.004332513474139527,-0.004012242696378349,21.26708284123503,,0.011656722421994245,18.429999999993015,131706.43,-0.29073952626130295,-1.1038951944743012,0.008406609796190645
2023-05-17,6635.11,6595.46,6644.38,6593.66,103090.0,0.70%,0.0016247423196204438,0.002618500943720059,28.551261852497067,,0.017163486965653105,36.17898101970193,131789.71,-0.4870924993753012,-0.94411363857879,0.008353224043863175
2023-05-18,6628.64,6642.53,6658.16,6628.64,81170.0,-0.10%,0.0001631714846084668,0.0015542060999375596,42.61796401039526,,0.01617163486965664,62.28394622175067,131960.1,-0.5228029347194032,-0.8854003659937821,0.008314445393995364
2023-05-19,6664.55,6635.45,6694.09,6635.45,96160.0,0.54%,0.005153875630229766,0.0062301546138041185,52.71546721901493,,0.021676643952691654,37.98523702299661,132142.39,-0.5627103032592874,-0.8033194292520527,0.0080335820887134
2023-05-22,6620.83,6651.19,6651.19,6596.79,83110.0,-0.66%,-0.0008818257554993281,-0.00017862501453467345,50.617719213197695,0.05749655942525817,0.01497436054666845,67.35999999998603,132286.5,-0.4475745297951417,-1.0308608760644122,0.008213803691961709
2023-05-23,6603.56,6601.75,6641.76,6592.17,97310.0,-0.26%,-0.00345433829576914,-0.0023222855032725485,46.933439102140476,-0.013839876929869075,0.012326866621187734,33.029999999998836,132386.88999999998,-0.3951430681837017,-1.0238020364168094,0.007808160571597754
2023-05-24,6615.95,6596.3,6615.95,6589.81,60020.0,0.19%,-0.0008478790618099757,-0.00023891805080642606,39.794044628560606,-0.020346063933143723,0.0142262557200126,27.84999999999127,132392.07,-0.4451075185094433,-1.0023077984463853,0.007815715074262413
2023-05-25,6560.22,6612.47,6613.85,6560.22,60520.0,-0.84%,-0.007921884245735719,-0.007433680478774256,30.89036769350568,-0.035134485838578984,0.005682837279535289,50.40999999998894,132414.63,-0.443193240202149,-1.0146058888093994,0.007836273026337952
2023-05-26,6530.2,6570.95,6570.95,6496.47,62350.0,-0.46%,-0.011708656051418163,-0.010330525191610252,24.481938469064062,-0.051733543732586436,0.005192050452014642,30.429999999993015,132434.61,-0.2786676540733696,-1.060037707620657,0.007750540804427612
2023-05-29,6593.16,6543.93,6593.16,6532.72,66970.0,0.96%,-0.0018624197052504229,-0.0004978151286711801,26.34023828333334,-0.09299037018625456,0.014883467483109996,23.05000000000291,132381.13,-0.2479049481948821,-1.103600805739951,0.007936393857543758
2023-05-30,6510.67,6574.79,6574.79,6510.67,75860.0,-1.25%,-0.012771455849788687,-0.011108296605041566,23.169598513249326,-0.19284220998839666,0.002185802443480816,8.869999999995343,132349.21,-0.07648210425319822,-1.210566455125581,0.008188251371967404
2023-05-31,6477.36,6517.07,6522.09,6469.91,981990.0,-0.51%,-0.01571044101054543,-0.013820263494448108,18.87344941321687,-0.35175735007156983,0.0011514843328577706,57.39286448923405,132187.19,-0.11113485915905773,-1.0913798954273919,0.007988575387701083
2023-06-01,6430.58,6502.76,6502.76,6430.58,119940.0,-0.72%,-0.021251345902628917,-0.01794886193789628,3.382725583552377,-0.43820554964323905,0.0,23.820000000006985,132057.86,-0.03572415869146868,-1.106061886543531,0.007511961517343618
2023-06-02,6512.01,6449.97,6512.01,6449.97,149510.0,1.27%,-0.008737466530479713,-0.004333362412882029,11.408425154526048,-0.36653090184585985,0.012662932426002055,11.780257664559937,131804.09,0.04128324428139194,-1.1479983098872943,0.008182902378375573
2023-06-05,6521.64,6525.63,6544.13,6521.06,67330.0,0.15%,-0.0065450563454577705,-0.0018889522855709251,21.819538790431853,-0.351107236093487,0.01416046453041567,57.70753890231493,131630.44,-0.058368123803395136,-0.9831807793481517,0.007744014578744581
2023-06-06,6479.93,6526.21,6539.49,6479.93,95620.0,-0.64%,-0.0112292954823634,-0.006555925657866949,28.06218612829383,-0.38619914094713176,0.007674268883988748,68.16694348357615,131551.34,0.10549438955432411,-1.0157936602541968,0.007791665363555741
2023-06-07,6564.7,6490.35,6564.7,6483.87,82570.0,1.31%,0.0024043096956808943,0.006210316230229106,34.72733482600291,-0.3914147900772263,0.020856594584003293,40.360000000015134,131408.66,0.18673887797930863,-1.060078784298754,0.008298367103003579
2023-06-08,6539.36,6546.47,6551.98,6520.53,65830.0,-0.39%,-9.971584805931069e-05,0.0025228759141395214,39.64472534374037,-0.3835735712021958,0.016916048008111206,51.720324614535905,131314.77000000002,0.2997599082075735,-1.0154781052379762,0.008291320443737578
2023-06-09,6507.15,6541.04,6553.23,6501.93,80100.0,-0.49%,-0.0037878982561276434,-0.00174455266516737,45.48813413493095,-0.3604128975242978,0.011907168560223138,1.8500000000058208,131178.67,0.46540665096164546,-1.030998176513358,0.00772051791991209
2023-06-12,6507.15,6541.04,6553.23,6501.93,80100.0,0.00%,-0.0027365055400061103,-0.0012390907325746995,42.2911597652551,-0.354433123051792,0.011907168560223138,52.07843677426902,131107.67,0.3985283700577807,-0.9621041749139292,0.007496377914981124
2023-06-13,6507.26,6492.06,6525.42,6471.53,130250.0,0.00%,-0.0015316513700634209,-0.0008593551594364239,39.80155091874732,-0.34667642588292974,0.011924274326732626,49.61148112846862,131091.67,0.5278065828640326,-0.5859151399043068,0.007104944979647111
2023-06-14,6434.06,6505.34,6526.36,6423.69,207090.0,-1.12%,-0.011396448211786281,-0.01041346393482378,29.755187163959775,-0.41760324474745764,0.0016143369309541402,14.230829470912123,131010.03,0.6533631827824294,-0.34175134858625844,0.007247191759264113
2023-06-15,6461.42,6434.94,6461.42,6386.84,111920.0,0.43%,-0.006442535650758464,-0.005250457652109189,28.035572377903275,-0.34338173142962797,0.011677136111128496,65.24984173800102,130808.98000000001,0.5401101724724414,-0.5681544237939673,0.007360961575592444
2023-06-16,6508.34,6450.3,6508.37,6413.57,216440.0,0.73%,0.0017054443725337126,0.0018696954838230456,35.63722038536339,-0.2541445412382033,0.0190234920555392,37.41217983491228,130641.76000000001,0.5225494739080242,-0.6633770152148353,0.007459778002367955
2023-06-19,6450.34,6491.85,6491.85,6422.11,95970.0,-0.89%,-0.006562502406456183,-0.006101474207304531,45.49827391611732,-0.25598484484706086,0.009942318893224193,47.28559315680299,130485.55,0.5100132016960128,-0.7155422612587423,0.007567150934504132
2023-06-20,6448.9,6434.03,6448.9,6410.33,116350.0,-0.02%,-0.006473221261710338,-0.005423273504755147,45.079900745426414,-0.19658989984819933,0.009716855283676981,45.63005785754466,130315.06,0.46258826521325713,-0.7430837640499992,0.007563847357288647
2023-06-21,6424.21,6420.8,6437.4,6406.88,126320.0,-0.38%,-0.010207615636438799,-0.00787015119778192,30.535252445743836,-0.20656338455073286,0.005851093811650189,39.42000000000553,130160.4,0.5753913695521438,-0.6480628940598425,0.0075509912813773675
2023-06-22,6404.91,6423.06,6423.06,6374.07,130680.0,-0.30%,-0.012016720697819049,-0.009105162644591162,24.027151979533073,-0.17102433919007876,0.004838352889127378,41.35419199996593,129968.66,0.547783864905072,-0.5612980412931408,0.007382645084843006
2023-06-23,6393.55,6404.38,6421.78,6392.63,67440.0,-0.18%,-0.012375197613892245,-0.009038011042393638,15.802530710808531,-0.18941765657087323,0.003056132110253021,2.9899999999979627,129813.35,0.5037364704396026,-0.5499459373048117,0.007341101817982759
2023-06-26,6523.09,6422.57,6545.45,6419.93,138740.0,2.03%,0.007155489463182745,0.010008235940472818,34.85635349455337,-0.1779737268291244,0.023379096872171226,95.82374462944523,129676.70000000001,0.8905081314389758,0.2280105301766322,0.008453471840507433
2023-06-27,6502.85,6519.79,6547.33,6491.81,94600.0,-0.31%,0.00471579059819395,0.00633202847533673,53.42366935663094,-0.17094029641492495,0.020203731681641503,25.760878602614753,129606.63,1.0505975855559486,0.4692039261692216,0.007999478799857119
2023-06-29,6511.49,6507.42,6550.25,6507.42,83190.0,0.13%,0.006360233823099519,0.006855491696193386,75.58488287843117,0.04169877084746155,0.0215592235416304,20.136105545116965,129598.81,0.9745603126058402,0.440343589865166,0.0079131443313661
2023-06-30,6468.07,6525.39,6525.39,6468.07,118720.0,-0.67%,8.10640909932289e-05,0.00018831565774815058,67.01644712361413,0.04226141002738421,0.014747249402657958,40.44292983922281,129632.94,0.9832923417464501,0.4609783949763804,0.007886386116324688
2023-07-03,6508.21,6459.53,6508.21,6459.53,42910.0,0.62%,0.006275656650104308,0.005552284132766258,68.43583270281317,-0.005176726221648554,0.021044638668856842,56.49409261152898,129670.43,1.0706269303671665,1.0734547510682093,0.007475991304972264
2023-07-04,6514.47,6501.65,6519.07,6494.51,37080.0,0.10%,0.0071633571648093185,0.005549018201774854,69.43211135532725,0.03581352385559639,0.022026742724821118,53.47394225228199,129666.63,1.0829055828541683,1.098504933497873,0.0074714916320353245
2023-07-05,6512.39,6509.2,6512.39,6446.79,131000.0,-0.03%,0.005971605689101314,0.004313253592812668,78.11329322284048,0.1402741540535239,0.02170042061037934,49.3217234086609,129659.46,1.0587826293972125,1.2231726823688565,0.007320986856237631
2023-07-06,6474.26,6491.53,6496.15,6436.54,117810.0,-0.59%,-6.0014288696113766e-05,-0.0015778451975695675,71.68993832065715,0.11462914869837147,0.015718371464386257,27.796186788843475,129691.92000000001,1.360870926777676,2.722375236414348,0.006782239059748638
2023-07-07,6379.03,6459.26,6459.26,6379.03,65040.00000000001,-1.47%,-0.013360655275870697,-0.014325721806426156,46.06463086994381,0.07906487819654898,0.0007781527344381277,60.14885414856226,129601.48000000001,0.893844527816072,1.856703709690267,0.007451504332130383
2023-07-10,6379.72,6386.23,6410.5,6375.26,67270.0,0.01%,-0.012483477555181071,-0.01247566719638656,20.96340863510826,0.08575205803421795,0.0008864038204789948,33.98999999999796,129441.15,0.8134516614282068,1.8572384522821261,0.007404408157705928
2023-07-11,6398.64,6387.98,6430.28,6385.44,79000.0,0.30%,-0.009004159416533333,-0.008283581123489437,6.656071442086014,0.10017258748622712,0.003854679976843778,54.35505663948234,129313.72,0.743801130353537,1.6697286567360141,0.0074542238137716614
2023-07-12,6466.85,6424.19,6466.85,6421.05,113350.0,1.07%,0.0010877121478219264,0.002079617823866974,23.27165399023762,0.13375870875958867,0.014555848931687392,43.833851074255286,129205.20999999999,0.5869312032621806,0.7885732869244362,0.00788418320228499
2023-07-13,6578.49,6475.66,6579.04,6475.66,92590.0,1.73%,0.01641906825774451,0.01688579827023777,55.44603854000152,0.26676008205746116,0.03187791556736502,47.873636102803516,129164.79999999999,0.5830977568628564,0.31469456550082997,0.00836019558768407
2023-07-14,6624.79,6581.4,6624.79,6526.44,129160.0,0.70%,0.020967203072135378,0.02083275120480043,84.13071708845564,0.27288563383698367,0.039140364471409755,41.96198158511069,129309.23000000001,0.5320991424014218,0.16918737231880465,0.008437562641415439
2023-07-17,6550.76,6604.91,6610.89,6550.76,63660.0,-1.12%,0.009250795807022153,0.008140624687397222,90.02077522387496,0.14819358330496982,0.027528289042329252,10.001214834872423,129472.6,0.6293932050171865,0.15591126367269004,0.00875127236022057
2023-07-18,6528.8,6560.37,6610.57,6528.8,54330.0,-0.34%,0.005580335409809713,0.003976471716102472,77.28796804659436,0.13220609024905894,0.02408372364421215,21.69306972350739,129515.02,0.645069856529691,0.33332849794042385,0.008526646988589666
2023-07-19,6541.91,6539.23,6564.17,6530.33,62080.0,0.20%,0.0072624680249595746,0.00497578930550952,66.2164869955517,0.061258471502931344,0.02614011036412627,38.34000000000378,129593.48000000001,0.6044703982170342,0.29558177015298126,0.008529366922964425
2023-07-20,6613.5,6547.8,6645.36,6547.8,103490.0,1.09%,0.016659159770827006,0.013508173487851903,72.17386838558485,0.07250774921146724,0.037369456304527156,40.19788674645069,129686.48999999999,0.3927696784572598,-0.10595124459196636,0.008748720476000768
2023-07-21,6647.56,6620.03,6689.04,6620.03,88160.0,0.52%,0.02033380341464765,0.015771624452855605,80.59015749305534,0.04473691828133388,0.042711983511260744,57.94000000000233,129875.78,0.2642418401010084,-0.13198999006159218,0.008718243021741968
2023-07-24,6631.25,6653.55,6677.48,6631.25,88490.0,-0.25%,0.01652889394758119,0.010886875532969228,85.52251771634182,0.029912786605497236,0.04015365647832399,157.4791735931985,130118.43000000001,0.2720728184367035,-0.14750616723888088,0.00873461907752412
2023-07-25,6661.11,6650.62,6698.41,6650.62,103890.0,0.45%,0.019446160425384995,0.012604997914103265,85.60685237794343,-0.0545138375387076,0.04483738702421539,52.98999999999796,130356.13,-0.027773263255639544,-0.04981380636802557,0.007628347694429026
2023-07-26,6679.13,6683.22,6683.22,6622.61,79480.0,0.27%,0.019919822463715105,0.012367315186780307,88.02458023985953,0.018077044309271022,0.047663938411923575,35.60802914291131,130494.15000000001,-0.13691254763076083,0.047401085741861415,0.007571269045215658
2023-07-27,6677.92,6660.12,6677.92,6627.59,78360.0,-0.02%,0.0164214279059143,0.009547122438761275,92.05013151787102,0.1030641032150665,0.047474142231061923,9.351284123857935,130670.43000000001,-0.1062851660621922,0.029825608525273495,0.0075791782293067695
2023-07-28,6625.26,6664.62,6671.61,6625.26,65740.0,-0.79%,0.005721490378469338,0.0004723698173161363,88.10672485957996,0.13820794086417995,0.03755731789821855,75.18000000000029,130836.86000000002,-0.11120365342164923,-0.036639610107862985,0.007651009078526406
2023-07-31,6591.47,6632.6,6678.29,6591.47,79460.0,-0.51%,-0.0014955831497487845,-0.004708385704095548,77.24335176808118,0.06322941838701937,0.02654083054952073,43.99675544882814,130994.05,0.07216859087762194,-0.08017082221034588,0.007681560582674557
2023-08-01,6593.8,6627.56,6641.92,6593.8,86220.0,0.04%,-0.0025128112312018964,-0.004205341770423792,63.702600330171585,-0.0011183331252987566,0.01824370025603573,1.25,131077.31,0.08435159850537398,-0.0788414322165969,0.007681522716625788
2023-08-02,6483.28,6607.05,6616.26,6475.8,92940.0,-1.68%,-0.01822185138128992,-0.0183832128781454,39.28026159665623,-0.12627546981991655,0.0011550696439049327,19.486549773213778,131156.64,-0.09023685632517553,-0.32233274944068846,0.008612283399206819
2023-08-03,6576.76,6496.86,6576.76,6496.86,75560.0,1.44%,-0.0035482802361105365,-0.0036896072673891903,33.91667761977578,-0.10293434383152844,0.01559035177120974,17.84862399141748,131127.53,-0.1843219670977422,-0.475786346400628,0.009090115567939644
2023-08-04,6450.84,6580.49,6590.65,6450.84,194160.0,-1.91%,-0.02156851719978816,-0.019808476776241164,16.237665274096724,-0.16737729584777036,0.0,62.324175887047396,131230.03000000003,-0.3510608879178005,-0.27311656643852844,0.009532582539793827
2023-08-07,6507.78,6498.59,6522.59,6485.03,77720.0,0.88%,-0.01270730439458291,-0.00944549295147244,22.78413831393729,-0.12953034043775347,0.008826757445541913,90.32007528783168,131301.84000000003,-0.43800903131748725,-0.36685693261238805,0.009706523129169201
2023-08-08,6472.97,6517.13,6541.64,6465.98,142770.0,-0.53%,-0.01725414403645136,-0.01236734580237352,10.646147217621982,-0.16994565699102662,0.003430560981205565,31.66944628404615,131429.90000000002,-0.31063600795756774,-0.5186359115480728,0.009797296993268784
2023-08-09,6530.45,6490.09,6530.45,6478.74,94690.0,0.89%,-0.007633596071967339,-0.0024573369862618214,21.365001144457455,-0.18172751076984017,0.012341028455208883,45.449657222936736,131504.23,-0.31741468811936274,-0.47390438279264213,0.009709006613530411
2023-08-10,6449.66,6508.78,6508.78,6446.8,112310.0,-1.24%,-0.017800610192264678,-0.012162096225954027,14.077375844784507,-0.2831689266112683,0.00044363094868767023,56.099745490085525,131567.83000000002,-0.33070498174642743,-0.7221829748174335,0.009273081742252423
2023-08-11,6405.91,6457.05,6458.77,6405.91,100780.0,-0.68%,-0.02206608616154569,-0.015633706101527704,11.097747187569695,-0.4122030449642539,0.0,45.133233234219865,131439.0,-0.16006854869081705,-0.7170220456806891,0.009160981643162865
2023-08-14,6329.19,6404.27,6404.27,6306.81,187270.0,-1.20%,-0.030268427422029155,-0.02299375940000962,2.3607747197814644,-0.4054196522411046,0.003548545144058438,66.54572042303701,131220.12000000002,-0.1607453750833498,-0.7405707128780179,0.009206547968678173
2023-08-15,6335.91,6337.67,6370.43,6297.17,128560.0,0.11%,-0.025578702686551356,-0.018099762557953744,5.370140625014258,-0.36045202046873703,0.006151969853124464,124.69741094705317,130998.55000000002,-0.23215998205710678,-0.7314472755113512,0.0092172150360057
2023-08-16,6410.09,6333.2,6410.09,6322.1,98490.0,1.17%,-0.01126126101311568,-0.004708893379741172,15.246295117037777,-0.29732757630180146,0.017931864631255005,84.30243573473213,130805.66,-0.22235284015232554,-0.89438008550764,0.009654026325485461
2023-08-17,6364.97,6393.53,6409.98,6353.74,95530.0,-0.70%,-0.015397266037796646,-0.0092918214236254,19.194304506017417,-0.3435188743668307,0.010766741250434747,18.725596200935197,130673.84,-0.07721373638288793,-0.8008672638659453,0.009317321966531096
2023-08-18,6290.27,6352.08,6366.08,6290.27,120280.0,-1.17%,-0.023703497088974124,-0.017365703335109253,15.80604534005046,-0.3869987356618839,0.0,47.19701099764753,130425.31,0.11739787142991595,-0.8461383259837474,0.009412117373186101
2023-08-22,6212.39,6286.92,6291.04,6212.39,107890.0,-1.24%,-0.031696672261901974,-0.024847953192769785,5.929890848026942,-0.3926027244127248,0.0,76.95199385544385,130068.02,0.2129447831904858,-0.971924239441587,0.009656143229790727
2023-08-23,6179.63,6225.3,6225.3,6179.63,86040.0,-0.53%,-0.033535596997301756,-0.025172897943583423,0.0,-0.4091245643409932,0.0,15.559999999997672,129649.16,0.3533579535254697,-0.7932291758517582,0.009491042196749332
2023-08-24,6225.78,6204.3,6278.18,6204.3,67890.0,0.75%,-0.022485292573927396,-0.014404365100754112,3.7427213598689755,-0.45782245192089177,0.007468084658790192,201.42015247916208,129167.68000000001,0.3203298136509679,-0.9414667788143114,0.009717311394611869
2023-08-25,6160.61,6222.3,6222.3,6144.03,74800.0,-1.05%,-0.02955895323812698,-0.020412710991530268,5.132693107729098,-0.5167473257766299,0.002698554531797522,43.69000000000233,128714.33000000002,0.4515790014572968,-0.9216073827087148,0.009806267562517072
2023-08-29,6225.0,6161.03,6225.0,6142.15,126440.0,1.05%,-0.016286080939055658,-0.007580784632253668,12.045673824810061,-0.4127625073401979,0.013488762078425367,151.08406038583726,128197.02000000002,0.27057701397841927,-1.2056935966789608,0.010268043827402162
2023-08-30,6295.29,6224.81,6300.44,6224.81,131530.0,1.13%,-0.003179206278561867,0.004324759970260642,21.449145271190627,-0.3153137208579342,0.024932637594327775,160.73999999999796,127796.76000000001,0.1303231045738276,-1.4019408650441796,0.010740035966173284
2023-08-31,6175.25,6291.95,6291.95,6175.25,160630.0,-1.91%,-0.01824268580665786,-0.011880830009968498,23.068565371606272,-0.3376956361016481,0.00538899245378253,63.99411438548935,127500.58,0.1978123178175872,-1.430040618238391,0.011353585725717793
2023-09-01,6181.06,6215.55,6220.25,6179.88,616720.0,0.09%,-0.014312457890213355,-0.008647089411800429,20.251977807200515,-0.45224588437439855,0.006334915298389125,38.36999999999534,127082.03,0.07813891223619558,-1.3653353738088658,0.010923616437885112
2023-09-04,6214.68,6195.37,6217.74,6183.74,1770000.0,0.54%,-0.006787661934709744,-0.0020570543070410506,16.128949390988662,0.02436853687811207,0.01180856866081106,202.42942037450118,126779.81,0.019967962597041252,-1.3546459274323446,0.01036960393978836
2023-09-05,6225.0,6211.75,6258.5,6193.91,63900.0,0.17%,-0.003953669616403937,0.0002886891693631112,23.426591455778034,0.06903839717112488,0.013488762078425367,21.49000000000524,126417.73,-0.04012904845734062,-1.325561575247593,0.009660298715824656
2023-09-06,6241.69,6243.37,6245.74,6205.8,61600.0,0.27%,-0.00020651769856696694,0.003142942425404647,31.71356771416498,0.07680969432729584,0.01620605162687332,109.42299425236496,126191.89,-0.013891371769790871,-1.2271598907371952,0.009400892215723933
2023-09-07,6183.07,6223.75,6223.75,6170.07,68140.0,-0.94%,-0.0070170596534384734,-0.0050008938131578355,27.783186059444535,0.0971644514169657,0.006662162272168553,61.74000000000524,125925.8,0.029404925551679523,-1.2945373187862539,0.009518442585123006
2023-09-08,6222.94,6193.4,6222.94,6173.1,48730.0,0.64%,0.0010168596478607622,0.0014972752019163076,29.502231724819065,0.08734918770201246,0.013153374632661197,77.15076892064654,125635.9,0.02352260934481379,-1.262705098669731,0.009383423919273147
2023-09-11,6233.74,6217.56,6233.74,6198.5,75250.0,0.17%,0.0034058769917676315,0.002866939821934748,36.406246229354906,0.13040696264646684,0.01491171658132741,61.75233890741891,125328.38999999998,-0.1367175050393065,-1.1240886680859583,0.009118272239176913
2023-09-12,6230.2,6238.89,6260.87,6230.2,101790.0,-0.06%,0.0026307579585428662,0.0019187702226710053,49.8553802291442,0.13013457412683346,0.014335371164820167,128.01427210449785,125112.47,-0.23623258450163573,-1.03819477841195,0.0090401051484464
2023-09-13,6149.18,6235.82,6239.4,6149.18,91990.0,-1.30%,-0.010061348733819104,-0.009737355148161358,39.309705814223115,0.13542547839687658,0.0011445503610300392,39.13999999999942,124936.76,-0.24112397623407497,-1.0545791113329708,0.009106376971363704
2023-09-14,6208.4,6156.65,6208.4,6149.29,66610.0,0.96%,-0.0003279042616167672,-0.00013020599865116037,33.973508539179385,0.15218055289678079,0.010786125379549507,6.11459881878504,124756.75,-0.2718891880372947,-1.162732468246479,0.009424419952460435
2023-09-15,6126.34,6202.89,6216.46,6126.34,167190.0,-1.32%,-0.013152178115202633,-0.011561095465670738,15.431591804072893,0.08487902497564873,0.0,13.360000000000582,124629.24,-0.12718030000254596,-1.2763623550837084,0.00930648040259445
2023-09-18,6124.57,6157.22,6159.68,6085.17,66700.0,-0.03%,-0.012295964320819102,-0.010070215021148807,20.052052220213927,0.1005060910704606,0.00647475748417869,87.49601421115156,124345.49,-0.23402585245221139,-1.2071754831938726,0.00924471295521779
2023-09-19,6047.97,6121.07,6121.16,6034.36,66300.0,-1.25%,-0.021862529831942975,-0.01922061599101175,7.8620623134873995,0.12045480732413329,0.002255417310203664,56.70999999999185,124105.09,-0.23422927080394404,-1.2209047160776865,0.009289457292808017
2023-09-20,6041.04,6049.02,6061.65,5998.31,86910.0,-0.11%,-0.02146618738797289,-0.01732494663917929,13.28685410710913,0.155654301227895,0.00712367316794223,38.02555299386264,123862.79,-0.36853148243546757,-0.9750807765760738,0.008957395584121699
2023-09-21,6094.71,6053.96,6094.71,6043.13,96470.0,0.89%,-0.011785364809615647,-0.006896198221327461,19.424461003581936,0.2007677730886571,0.016071193386137033,11.99724531681694,123691.44,-0.5000737871934416,-0.9666921313641073,0.009188238542515765
2023-09-22,6142.79,6096.88,6142.79,6086.78,76800.0,0.79%,-0.0031595550982919016,0.0014735641239121203,36.00573837091201,0.22650480064304926,0.024086784444285067,69.89675483534506,123606.52,-0.4977914639822211,-0.9721899433653998,0.009208265962154185
2023-09-25,6172.84,6156.87,6191.46,6118.14,134320.0,0.49%,0.0023229089296294943,0.0061412898883583065,52.73842169408899,0.24997844668414157,0.029096528855627624,41.89288605550623,123523.53,-0.7166546026849245,-0.6269321563880346,0.008982366706983134
2023-09-26,6263.94,6183.54,6280.72,6171.78,108390.0,1.48%,0.016852978250784124,0.01865663996113397,71.85271056965557,0.23841962818989257,0.04428414003277576,51.1348892788823,123535.76000000001,-0.5827273044659366,-0.6172580967520056,0.009289000516706416
2023-09-27,6374.68,6254.35,6374.68,6245.73,103870.0,1.77%,0.03253582471763802,0.03186497325687971,86.8435698018311,0.23763786071200382,0.06274600679191303,12.195866557287367,123574.70000000001,-0.37500586411211195,-0.5599785354196025,0.009781622297840879
2023-09-28,6385.52,6365.65,6412.94,6335.47,72950.0,0.17%,0.032349791999438465,0.028918255274759087,95.81505303343947,0.2890433756838964,0.0645531824797318,76.91000000000349,123654.09,-0.2721098051524019,-0.42083069857144784,0.008607594746851313
2023-09-29,6321.24,6383.41,6392.09,6321.24,154270.0,-1.01%,0.020926031760168256,0.0155971610967081,90.42359051041502,0.44988087381468383,0.053836830707315785,43.51684354809732,123864.35999999999,-0.17032202381219624,-0.7483151585044583,0.009002271169087753
2023-10-02,6304.53,6334.0,6339.29,6304.53,68780.0,-0.26%,0.017354876077353237,0.010469536367311988,81.70818963091604,0.026045605280277325,0.05105104604463579,37.53168803006982,124004.54,-0.042854452558896236,-0.749166769877875,0.008981477093175825
2023-10-03,6305.99,6304.09,6307.94,6253.33,96670.0,0.02%,0.01575455251686255,0.00835455503758588,75.31453745910014,0.07638220690453583,0.05129444793616858,39.66823397988348,124094.38999999998,-0.018455873147059418,-0.7482799102180051,0.008979588224747695
2023-10-04,6298.2,6289.3,6298.2,6270.36,68660.0,-0.12%,0.013452659154092932,0.005179743531582975,73.46228364244432,0.08682464163227359,0.049995748802579294,10.1109554045938,124175.37999999999,0.04755918257691755,-0.743913064451672,0.008976465980614445
2023-10-05,6178.6,6266.0,6289.67,6178.6,108620.0,-1.90%,-0.006389175228718895,-0.013152235474797564,63.338398089863325,0.04545590562100786,0.030056799331811785,39.80327122157144,124231.89,-0.18516464419450254,-0.6129449761049686,0.009755273471929707
2023-10-06,6259.95,6196.05,6270.89,6166.69,85450.0,1.32%,0.005130057803468179,-0.0010444055494228746,59.637106174983394,0.054469651352417964,0.043618952671669084,35.83958077344025,124227.42000000001,-0.16391481374784456,-0.755241726353947,0.010098299374165459
2023-10-09,6252.16,6238.17,6271.72,6227.25,79140.0,-0.12%,0.0015338197237201926,-0.002800141979543336,55.935814260103456,0.019798229380241568,0.0423202535380798,4.510382511808076,124264.43,-0.11883191804655736,-0.7641424207457992,0.010098687065920098
2023-10-10,6264.07,6265.86,6303.44,6263.74,141420.0,0.19%,0.000887476514855948,-0.0013568198207108823,61.35649834683492,0.0001931071516425501,0.03656052409926637,14.982126951304595,124282.85,-0.15602694935928843,-0.7618892301374527,0.010103978635347288
2023-10-11,6253.96,6280.85,6308.05,6253.96,121680.0,-0.16%,-0.0025408280641027216,-0.0028720360205611653,57.40816800303722,-0.014871692641038187,0.027466082230670454,25.83984349613144,124316.72,-0.22009797945156434,-0.451951932662654,0.009622995375107008
2023-10-12,6263.06,6266.04,6283.72,6234.6,71100.0,0.15%,-0.0024562354363667845,-0.0012761109201860903,53.3866654712535,-0.042838082435888276,0.023686937533302616,39.60832173615783,124421.5,-0.14536797611428223,-0.28455080711224223,0.009403262029897327
2023-10-13,6266.34,6264.66,6283.5,6260.5,55470.0,0.05%,-0.0029943549567553757,-0.0004950541750046778,46.960936175316135,0.02964336440807462,0.016159398315790247,44.150247810057195,124476.16,-0.21388720573533382,0.19497549468160846,0.008834536184810341
2023-10-16,6198.83,6261.72,6265.85,6198.83,71910.0,-1.08%,-0.01300520101133756,-0.009444499832342404,34.22584447398471,-0.010965229780602293,0.00521187217129454,25.796432891518617,124616.16,-0.1294270132316631,-0.21111659101295377,0.009227816424403052
2023-10-17,6280.9,6215.13,6286.21,6215.13,97770.0,1.32%,0.0011299808102502584,0.003661698872681525,33.299492385786984,0.0569147234449054,0.01852047046308474,49.67020404526735,124690.42,-0.26720072616848006,-0.05035992870040085,0.00909162239964288
2023-10-18,6268.27,6278.5,6290.05,6255.03,148610.0,-0.20%,0.0004523684933553333,0.0017617364534624556,34.83267347989756,0.02119070073103387,0.016472370104545688,79.48999999999796,124923.35,-0.25334815795627197,-0.07675036559320247,0.009109068670584064
2023-10-19,6219.16,6263.22,6263.22,6216.1,87210.0,-0.78%,-0.006229368313427326,-0.005105726479010423,40.61533734674537,-0.06695518022036188,0.00850861645388373,70.84159453872489,125150.58,-0.05291409439871181,-0.21185132558962794,0.009199863139672535
2023-10-20,6142.9,6208.5,6208.5,6142.9,77020.0,-1.23%,-0.01660091851120367,-0.014883690114261845,25.15543886958801,-0.14569602005651258,0.0,7.770564529876568,125275.03,0.11124537619595401,-0.38265078890372317,0.009509848962689695
2023-10-23,6088.44,6135.7,6139.05,6065.37,58040.0,-0.89%,-0.02288856149675991,-0.020304125741170586,13.302038018488451,-0.1983884407232172,0.003803560211495706,7.6616066765149435,125275.14,0.27743068535721954,-0.4325285815628783,0.00963741731688443
2023-10-24,6039.72,6086.44,6103.62,6039.72,49960.0,-0.80%,-0.02782687157751827,-0.02413763282545715,3.1687819350585262,-0.2734743690783874,0.0,81.07955620176537,125190.73999999999,0.4290831674587957,-0.015926101731022158,0.009048774445005998
2023-10-25,6054.5,6050.1,6080.49,6026.43,71290.0,0.24%,-0.02405533258432205,-0.018406337415024922,6.491225890270008,-0.33508446161245553,0.0046578156553713735,116.41999999999825,124966.52,0.14337496585290405,0.111779291174388,0.007891634798306893
2023-10-26,6018.49,6051.26,6051.26,5974.17,85860.0,-0.59%,-0.027155273938123257,-0.020321515001073386,7.747187376001411,-0.3373745697874491,0.00741860375583549,134.1050364186287,124646.34,0.28207090955866365,0.20014833777766672,0.007860393550997519
2023-10-27,5961.99,5996.2,5999.55,5956.86,82440.0,-0.94%,-0.03304853080891568,-0.024766753558810483,8.234103290463677,-0.2983439444938889,0.0008611919702662325,159.04603749636826,124279.31,0.2827041931858632,0.23344266244986134,0.007829344011211553
2023-10-31,5973.78,5971.74,5980.82,5920.47,86560.0,0.20%,-0.02786714547449195,-0.018729553472886365,9.496519235143788,-0.21785152524463977,0.009004352694971766,98.8886949397531,123920.06000000001,0.19730730939054675,0.0905146574883342,0.007904888084418941
2023-11-03,5989.27,6039.38,6083.69,5989.27,81720.0,0.26%,-0.022338430362272167,-0.012817558646325646,11.277017800752908,-0.31886321052834704,0.011620699032340368,95.34803443816314,123589.31000000001,0.1599590777551236,-0.007475518183097218,0.007967753557530237
2023-11-06,6078.03,6006.59,6078.03,6006.59,56560.0,1.48%,-0.005704562551661969,0.0028721706114127996,25.000827574910115,-0.328152980090756,0.026612752028132815,119.00964540741579,123272.59000000001,0.24218938344050728,-0.37347885794790026,0.008864733137416977
2023-11-07,6131.32,6081.44,6131.32,6055.68,54650.0,0.88%,0.00459801323883278,0.011255228092043169,39.43305012897522,-0.2406699083993265,0.03561372661292084,38.220000000001164,123052.42000000001,0.4050120437876631,-0.7711607222085912,0.008167457839782162
2023-11-08,6155.03,6133.19,6155.03,6103.64,64980.00000000001,0.39%,0.009000044495549392,0.014011291914458959,54.38335407760153,-0.24520544356754384,0.0396184762358393,9.060000000004948,123005.14000000001,0.3962862469789961,-0.5039029368331507,0.007602498734416596
2023-11-09,6188.22,6155.65,6203.72,6155.65,85780.0,0.54%,0.015543004077406997,0.017510282479902047,64.32166242762052,-0.2315279641890221,0.04522445008588845,21.72357838250615,122900.22,0.2732461346917592,-0.6972735149349045,0.007726704273203322
2023-11-10,6161.89,6189.0,6189.0,6127.96,61690.0,-0.43%,0.012484575026578014,0.011664266759775636,68.78330596442483,-0.1503321182032632,0.04077716802888961,2.612661478262635,122836.28,0.3854804640538937,-0.6683280217136618,0.0077491384957830796
2023-11-13,6116.14,6158.22,6158.76,6114.34,37990.0,-0.74%,0.006183804130025337,0.0034889263411173573,70.27239195431478,-0.10042825073739693,0.03304974098340167,66.6019510679063,122734.1,0.4467130729872944,-0.7429397789299119,0.007889182624513939
2023-11-14,6110.88,6122.39,6128.07,6079.15,62570.0,-0.09%,0.005696874371823905,0.0019173206753651244,68.53112490596756,-0.09606442069755337,0.03216129800505701,3.720000000001164,122596.28,0.4939946505255909,-0.689419725590787,0.007866919259356507
2023-11-15,6171.13,6114.58,6173.26,6106.59,75520.0,0.99%,0.01462623952749959,0.009701724043145891,74.5504865880515,-0.029366943265125588,0.042337854933814346,57.23827460472707,122444.1,0.3849171845416024,-1.012987655159267,0.008242568511908237
2023-11-16,6191.48,6177.63,6191.48,6164.2,78090.0,0.33%,0.016161022905049827,0.010621354104152662,83.7987643424536,0.07046719179305955,0.04577508204585097,29.181308445109472,122348.89000000001,0.27420818840195643,-0.9746242299820955,0.007935246577470577
2023-11-17,6211.89,6172.39,6232.12,6171.17,84990.0,0.33%,0.017633139612031765,0.011336249627250557,92.56057861319239,0.03447059754694394,0.04922244348843927,22.589483874892306,122341.54000000001,0.24087364996327043,-0.7966085759400561,0.007350064475910808
2023-11-20,6183.63,6206.31,6211.97,6174.52,70900.0,-0.45%,0.011049851514773409,0.005003633163426502,91.20945067081436,0.03624789598214747,0.044449173798701766,8.410000000003492,122272.53,0.2807085199507709,-0.8314373529387145,0.007398800403314679
2023-11-21,6208.83,6196.99,6219.06,6183.05,91840.0,0.41%,0.012252024885549887,0.007074484724201505,90.15883202310295,0.11758597502115681,0.048705592630314765,51.87604637071693,122187.89,0.11025275406554667,-0.794133495622384,0.007268543457952349
2023-11-22,6253.18,6201.85,6253.18,6201.85,59570.0,0.71%,0.016176263700956463,0.011653561020029514,92.32258409540623,0.21654520076285502,0.044063800763699056,42.19742209300689,122177.56,0.06295239075387171,-0.8395002831237757,0.006836014913957648
2023-11-23,6246.2,6249.46,6259.66,6230.26,51280.0,-0.11%,0.012023791819840536,0.008510657535644449,95.73606218846642,0.23625745235198606,0.039891186180511684,44.38000000000466,122287.84,0.07513628637922273,-0.6253079551023557,0.006462029349303786
2023-11-24,6269.5,6249.79,6271.63,6237.66,57080.0,0.37%,0.013552993256760052,0.010152152079559653,97.89832468005254,0.306332053260858,0.03530899915451274,100.91341019304696,122445.6,-0.01232348252715437,-0.35292756335823494,0.00609530272676705
2023-11-28,6309.57,6274.16,6310.97,6274.16,108240.0,0.64%,0.01793562553088298,0.013909450269360503,97.69701906937752,0.36608598553012184,0.03790332530041208,56.527078466875906,122675.38,-0.08922784836504064,-0.4703554976750297,0.006177650085344902
2023-11-29,6265.14,6306.96,6329.42,6265.14,91170.0,-0.70%,0.009486730454766395,0.0053321875255311684,90.90849424647648,0.2926747825952393,0.030594737751165987,84.38064452698674,122930.45,-0.1122874130184583,-0.5002645572124189,0.006256843735369569
2023-11-30,6223.73,6258.87,6259.28,6207.07,142840.0,-0.66%,0.0024047667831793343,-0.001685729035071213,77.1604769974416,0.2881990231638017,0.02378293017938362,107.9800000000032,123177.1,0.011755633041973588,-0.563173198599876,0.00601625980474516
2023-12-01,6245.18,6230.87,6254.03,6221.52,57770.0,0.34%,0.004896646778492746,0.0009761038869452205,66.1419000812457,0.26667657562089747,0.027311383992828054,83.00118216015566,123438.84,-0.025301393411044974,-0.5732670717884689,0.0060227788653178845
2023-12-04,6284.37,6237.87,6284.37,6234.32,52630.0,0.63%,0.009251192232242515,0.005761042703460493,68.70313394866882,0.3649434250163999,0.03375800893216984,63.92618868663923,123710.24,-0.10186953341820328,-0.6611294810113257,0.006090006704104949
2023-12-05,6308.95,6287.39,6308.95,6235.58,70080.0,0.39%,0.010901793441847621,0.007927228004015761,79.71780591996027,0.37082559270872434,0.03313797061862671,119.54347250908222,124005.34,-0.4988114972641786,-0.9715962736310337,0.0053670967212899766
2023-12-06,6305.85,6306.39,6306.39,6273.97,81930.0,-0.05%,0.008849527183384276,0.006040351423710121,86.1824126529403,0.3805331549462044,0.022979462055092395,53.45999999999913,124236.26000000001,-0.42652227941702775,-0.9670887056297013,0.005136061104077577
2023-12-07,6234.77,6304.71,6306.42,6227.72,72600.0,-1.13%,-0.003015506770412759,-0.004966104141770534,72.2457902714631,0.2952421348388022,0.010305987357340726,55.69702326997869,124410.79000000001,-0.45211826920787807,-0.8740824760831365,0.005825310726229539
2023-12-11,6228.29,6203.39,6228.29,6167.21,107100.0,-0.10%,-0.004238231237065027,-0.0054640509878738355,54.526212628320074,0.34164709275649024,0.009903992242845619,19.10850887231689,124490.53000000001,-0.3346558743703207,-0.8467671584975136,0.005727010587468661
2023-12-12,6292.39,6225.75,6292.39,6206.88,61800.0,1.03%,0.004761967221341835,0.003967954641075644,51.67201099582959,0.3778411272232592,0.02029767107006252,5.466989466561526,124530.6,-0.3932250294095364,-0.7510382802652815,0.006028731192742295
2023-12-13,6255.74,6256.67,6306.01,6245.66,54460.0,-0.58%,-0.0016244340414802005,-0.0017346508385812972,56.46795306495698,0.3728951649775817,0.014354951428603817,49.10000000000582,124661.1,-0.3827793030045259,-0.6934804232306098,0.005919756430128686
2023-12-14,6410.48,6280.26,6411.24,6280.26,156480.0,2.47%,0.021239833882869492,0.01982135485860651,77.14584342318895,0.43502643872521135,0.039445713701981855,69.50152963188526,124800.7,0.774733388231102,1.4523228783375757,0.007899147519474042
2023-12-15,6478.44,6402.75,6478.44,6396.48,238180.0,1.06%,0.029346153322347135,0.026251216458612205,84.75532084957034,0.48909153892063634,0.050465283329090393,52.44182300416261,125100.29999999999,0.7638106367193974,1.3717428519088566,0.007937545555813365
2023-12-18,6475.5,6459.91,6516.33,6452.42,118390.0,-0.05%,0.026479193463649603,0.021862601784798177,95.9978145749587,0.4176548082932352,0.04998856857476881,98.20999999999185,125407.60999999999,0.8268778106784176,1.3977483284659957,0.007961064429659711
2023-12-19,6521.27,6476.38,6524.58,6447.89,114510.0,0.71%,0.0312625875267283,0.024497907886249247,95.79288997113827,0.45193646045521707,0.05741007684187832,72.65453638371892,125691.62999999999,0.7445709001491477,1.178538193290965,0.008030901480442956
2023-12-20,6520.75,6521.96,6566.41,6500.97,197430.0,-0.01%,0.02821163450740001,0.02020266618953428,91.98026472063727,0.40214426040092927,0.05732575994655605,123.56999999999243,126001.01,0.735177939483996,1.3687740156954549,0.0078863659636567
2023-12-21,6469.23,6486.27,6496.42,6428.12,204160.0,-0.79%,0.017274953356244238,0.009459464520220352,87.76407531463303,0.38154149462542325,0.0489719013946338,95.85246214886952,126338.12999999999,0.7575753450620138,1.041415966751308,0.008222907540657352
2023-12-22,6501.0,6466.93,6501.0,6459.68,158290.0,0.49%,0.019341778979545032,0.011436543053164413,82.61105544422182,0.40933864801620384,0.05412333940306881,46.85000000000582,126598.53,0.8051192646107765,1.1926262808103214,0.008165638751944366
2023-12-27,6462.8,6499.6,6500.54,6462.8,86890.0,-0.59%,0.011331076820037709,0.0037202763938167203,77.77221108884441,0.36194134192273647,0.047929290554399824,69.12048861938082,126846.35,0.8043484508925365,1.0065151784688036,0.008328269206824251
2023-12-28,6519.11,6478.6,6519.11,6472.29,60970.0,0.87%,0.017751982088331234,0.009774091872896512,81.93720774883106,0.3662528344580318,0.05705983743053984,15.629999999990105,127062.95,0.7050437734117004,0.6896608934473658,0.008464395778337583
2023-12-29,6450.04,6514.75,6523.83,6450.04,77990.0,-1.06%,0.005352382731604613,-0.001844670986020547,77.68203072812298,0.29057631125886085,0.0458602836614936,87.3114895073966,127312.56,0.7526405673460769,0.5591805431783885,0.008843028714007193
2024-01-02,6554.04,6478.52,6555.61,6464.34,63590.0,1.61%,0.017944270121239347,0.01136264887130729,85.30060120240485,0.36430438552880834,0.06272366272593279,82.75432514724851,127453.03,0.5437189658565267,-0.021935227676757485,0.009224109598584143
2024-01-03,6498.88,6539.81,6544.9,6483.8,43710.0,-0.84%,0.006356067885216297,0.0016066484442161329,82.98921520248713,0.3958875618652693,0.04704456989663083,105.10444918767888,127741.93,0.5213733155953637,-0.07723023479410518,0.009324220626836553
2024-01-04,6602.52,6505.11,6602.92,6493.37,88790.0,1.59%,0.01890965368089439,0.014563126829852313,92.66882797820749,0.41936831658248525,0.057137276124540975,41.48587363301969,128017.08,0.3983499194749818,-0.5391100077216899,0.00981765939111401
2024-01-05,6629.64,6606.24,6629.64,6583.06,99350.0,0.41%,0.018895488930628635,0.015616407953340699,93.701727109804,0.43194638133384905,0.05563145474868876,134.48752870078872,128374.42000000001,0.43363729044860433,-0.49264261395686804,0.009789565258324558
2024-01-08,6609.22,6633.21,6661.25,6609.22,85280.0,-0.31%,0.013545919026810996,0.010372283101972784,93.41233961979775,0.35739157448442016,0.033258917404572624,119.33000000000175,128719.69,0.5211934470833929,-0.4983509616553752,0.009869404146004719
2024-01-09,6618.52,6628.55,6678.35,6618.52,96500.0,0.14%,0.013417108048646372,0.009784502074073857,85.47965977933744,0.27465187075981823,0.029619857750010976,58.84826256914599,129019.95999999999,0.4959714172633782,-0.4986715936016335,0.009849508985181835
2024-01-10,6546.11,6587.67,6593.77,6546.11,83990.0,-1.09%,0.0015563402038816683,-0.0015720984204179345,67.86386630932978,0.2621281429350589,0.01835528894917951,106.93000000000029,129332.63,0.5048710996286707,-0.49728346627236464,0.009825414209423202
2024-01-11,6613.73,6562.37,6637.7,6562.37,78720.0,1.03%,0.01088076401931561,0.007148147523445221,65.80612503163749,0.22938379923819163,0.028874694311867184,83.72783497157387,129643.97,0.34047441380134186,-0.6897127790665638,0.009939005650130766
2024-01-12,6643.18,6619.91,6676.54,6619.91,70180.0,0.45%,0.014026687449205688,0.0095699102520771,69.0911028520427,0.19438315848801785,0.03345612714137266,32.83000000000902,130029.41,0.4252915766568202,-0.5258783711010153,0.009799984003293453
2024-01-15,6680.45,6655.99,6695.41,6650.41,70260.0,0.56%,0.01737270970585643,0.012583731742456949,84.67459136762777,0.22024916111118523,0.03572225908676533,36.57935930615279,130380.2,0.3083534537878452,-0.4506864292667765,0.009604306680030414
2024-01-16,6637.0,6681.67,6696.25,6637.0,89840.0,-0.65%,0.00926256207011477,0.004563981306087575,85.26106436273433,0.11219814473058501,0.028985866754314707,35.79344846026731,130804.91,0.06096550969049241,-1.052671036361115,0.008405906218829416
2024-01-17,6572.51,6647.08,6663.68,6567.76,133280.0,-0.97%,-0.0017337682309565908,-0.0051252558894174915,73.19345083670433,-0.05915184825306099,0.018987479147416178,44.71267544966702,131031.43000000001,0.23486391134105794,-1.0013515927544674,0.008509712937700862
2024-01-18,6510.87,6567.29,6570.3,6500.31,86730.0,-0.94%,-0.011007553595001973,-0.013000378071910058,50.12793956378709,-0.07399784531979953,0.0094309492654309,63.229229000520704,131125.5,0.285943958674598,-1.11610910722159,0.008805319280587231
2024-01-19,6503.54,6528.68,6528.68,6496.96,66050.0,-0.11%,-0.012694072156200782,-0.012518870145202738,30.450583456121503,-0.1496200992196987,0.006064037473276439,47.3179173252601,131160.87,0.41997055045194037,-0.9430480323757187,0.008663769086378705
2024-01-22,6583.47,6532.83,6583.47,6532.83,74950.0,1.23%,-0.0008787026160752442,-0.0003078626320059738,29.508076138781263,-0.0755876568914055,0.015372158302230184,29.91444467143541,131143.14,0.28975818328108344,-1.2264091541005018,0.009096086335581148
2024-01-23,6621.88,6594.29,6624.43,6593.07,67110.0,0.58%,0.003612325034772263,0.004860998935577336,42.386846624796185,-0.07307492640708786,0.01979095600589528,74.18276371887875,131205.86,0.12431810182606334,-1.215888394622184,0.008944242467475839
2024-01-24,6679.96,6630.26,6679.96,6626.82,76560.0,0.88%,0.011566891018374383,0.01199728960859419,67.36113771554841,-0.12786359523228827,0.028167019652268137,54.529999999998836,131358.51,0.0814090112309255,-1.296877105996905,0.009069197092274349
2024-01-25,6673.5,6676.4,6687.12,6642.7,88460.0,-0.10%,0.010109419060318973,0.009592648401117931,81.25110663293712,-0.05215803512774741,0.027172708466729048,70.73763713301189,131537.47000000003,0.02890975013187116,-1.2181638448524361,0.008927298352547831
2024-01-26,6686.09,6674.44,6686.09,6643.83,72460.0,0.19%,0.011174688867905659,0.009880303542603493,91.77078629133432,-0.044666836823361596,0.02911053785154905,22.79000000000815,131748.17,0.12203237110439799,-1.1019731369660777,0.008771916951471297
2024-01-29,6630.68,6680.68,6689.18,6630.68,54800.0,-0.83%,0.002663016751352899,0.0011384904118125264,83.52819174736995,-0.030738736249326326,0.0205819337043787,96.55887941684709,131915.15000000002,0.15494827897995433,-1.0913585006031956,0.008621074123623848
2024-01-30,6622.01,6636.04,6662.44,6622.01,82950.0,-0.13%,0.0005317353859376724,-0.0003504827937145473,74.91595162828055,-0.12003057689748974,0.019247463429049923,9.130000000004657,132095.79,0.19190105098665147,-0.9557236778513043,0.007907624719100587
2024-01-31,6646.44,6633.45,6722.32,6633.45,97110.0,0.37%,0.0038685282956659834,0.0027733181413526578,65.39179386787607,-0.14418485965561006,0.023007683593557534,43.92989458490201,132163.76,0.05892797450462265,-0.8212086062547925,0.007644469650151698
2024-02-01,6623.01,6623.94,6644.11,6601.34,65610.0,-0.35%,0.0005474180224515602,-0.00080552986344299,61.6699709510118,-0.19942810350346388,0.01940138156922625,24.289306989670578,132311.32,-0.03739277697618304,-0.9775822813764714,0.006860615746493716
2024-02-02,6707.25,6652.48,6765.38,6652.04,136870.0,1.27%,0.012980725302031072,0.010118203528058149,66.86859962925172,-0.2562875520533774,0.03236744569768014,6.768764091471668,132331.81,0.04762657044372062,-1.0557871065472009,0.007371494718839037
2024-02-05,6728.22,6702.12,6760.41,6702.12,69860.0,0.31%,0.015148815980440811,0.011105509626370495,73.47746485300763,-0.21175306049222467,0.03559510909717779,25.80607680373604,132409.41999999998,-0.07293283561151674,-1.0221358631969677,0.007338634734845716
2024-02-06,6755.26,6756.72,6774.21,6695.82,80130.0,0.40%,0.017225152728482913,0.012583301766047824,85.88822607675552,-0.13008302359031448,0.03975705560754571,8.579999999987194,132528.42,-0.12251026491067467,-1.047944377253504,0.007370959175837546
2024-02-07,6830.04,6772.93,6877.61,6772.93,104630.0,1.11%,0.024967052143633844,0.019936350029922407,88.94133104595846,-0.07235311475862505,0.05126705412993152,69.8014519043027,132665.16000000003,-0.207548384429101,-1.012065563532899,0.007125733144729217
2024-02-08,6850.16,6844.61,6931.55,6844.61,112160.0,0.29%,0.024181109436695318,0.01915655001185123,86.75171598977226,-0.14531968628391004,0.04857466059885225,76.54292438364139,132949.09000000003,-0.15755803646099786,-0.8586039802324037,0.006866139003734954
2024-02-12,6807.82,6856.45,6891.69,6807.82,74920.0,-0.62%,0.015417901453959196,0.010464058601340533,76.84517914054572,-0.1815286832338595,0.03257207947132368,73.86067845692179,133185.52000000002,0.006807111241989015,-1.0266106913424857,0.007057335318128077
2024-02-13,6827.92,6824.08,6848.57,6824.08,99300.0,0.30%,0.01618525081121859,0.010977142841107485,70.54984089513867,-0.23138108273517533,0.03432333435332825,35.31553458943873,133350.16,0.053155997953404546,-0.9623752479350296,0.006995632883384912
2024-02-14,6854.53,6810.64,6854.53,6780.73,82300.0,0.39%,0.018255905244032648,0.012212213831175295,69.5792642231426,-0.13267210447249067,0.03835433412004223,24.54579013697837,133497.63,-0.09788839976750728,-0.7873017813561312,0.0067827522052275975
2024-02-15,6882.15,6862.38,6918.15,6855.73,83440.0,0.40%,0.020100457821880864,0.013288000710986916,76.77740427808561,-0.0726259457207306,0.04253833312630458,65.05652921392384,133715.16,-0.1382822029799977,-0.5423429478565911,0.006247169887123566
2024-02-16,6873.23,6893.22,6916.43,6873.23,93230.0,-0.13%,0.016763751665280324,0.009464081351635224,81.35126131855475,-0.09175919792046003,0.04118709231762027,110.69798547813811,134024.8,0.05408978115918459,-0.4523004710914966,0.005686662064724285
2024-02-19,6798.61,6882.32,6901.31,6798.61,92810.0,-1.09%,0.003943710699618523,-0.002251445242148092,75.70636867447976,-0.1220034343126408,0.029883326718514652,161.50169519545568,134387.16,-0.23126322552586315,-0.4113444992359474,0.006404608281009579
2024-02-20,6854.66,6818.14,6860.8,6818.14,73240.0,0.82%,0.009742706438284112,0.004347931836505472,72.9313669079272,-0.13547063624576913,0.03837402709146926,37.113794458991265,134682.22999999998,-0.3496737742797727,-0.31603234800170954,0.00612841357641931
2024-02-21,6897.36,6846.53,6897.36,6833.92,84920.0,0.62%,0.013357299416456454,0.008460089958436253,75.36719057569418,-0.11742834358600343,0.044842410783265146,69.28561123535249,134953.41999999998,-0.35286254327555633,-0.3310331405755651,0.006141913809817013
2024-02-22,6903.15,6899.61,6922.5,6896.53,72260.0,0.08%,0.011235073300968948,0.0074074383959585035,85.40005414759037,-0.1827713776102789,0.03774932201249537,58.98023918401807,135228.9,-0.26301137700295796,-0.13645058471308458,0.005938342923099846
2024-02-23,6913.21,6915.25,6990.65,6913.21,71380.0,0.15%,0.010530995552971824,0.007175340033886096,84.40645360410447,-0.24655689803188424,0.0324665238910246,79.64574250787386,135452.08999999997,-0.3257058860481833,-0.05164545489209438,0.00590652365487679
2024-02-26,6891.49,6918.73,6941.85,6891.49,59680.0,-0.31%,0.0056417793738746955,0.0030304668065787815,76.64681231202131,-0.32653502356797287,0.02922270909313573,89.98641897530037,135691.8,-0.2103294520865744,-0.2680533262878666,0.006008013130517355
2024-02-27,6860.67,6887.36,6887.36,6842.33,91390.0,-0.45%,4.5603623301550114e-05,-0.0016072096794311414,60.13351413382037,-0.2977179999537989,0.012954511562942446,79.11999999998079,135897.2,-0.13523461538563142,-0.10583724846228426,0.005734187185819796
2024-02-28,6876.52,6859.28,6878.23,6838.05,68060.0,0.23%,0.00187113363224301,0.00038561493361717066,50.76606513201523,-0.21554679948908106,0.014126797557195299,85.17527192492585,136127.19,-0.22804394999579708,0.0030198088513553323,0.0056904859696820685
2024-02-29,6944.71,6885.65,6944.71,6885.65,153070.0,0.99%,0.010811445279527616,0.008720280467280534,54.682202991292876,-0.083371120947143,0.024183236908120583,88.14819110256958,136381.7,-0.22978885185841014,-0.2872328803880748,0.005957469764888834
2024-03-01,6919.59,6931.32,7005.3,6919.59,57470.0,-0.36%,0.005986221907457879,0.004115625416808401,61.86028948198139,-0.11688560709955247,0.02047862103342864,141.61863754464648,136679.96999999997,-0.22922532804098425,-0.29337550805677903,0.005962165515864881
2024-03-04,6951.67,6923.24,7021.04,6908.81,80580.0,0.46%,0.009352992147502313,0.007343039731119495,70.36077298632934,-0.1298412646563574,0.025209675064484283,58.92155642082679,136976.55,-0.44873243193713497,-0.09325491602842328,0.0054655295639914215
2024-03-05,6905.46,6969.08,6981.84,6905.46,88750.0,-0.66%,0.002114178053679209,0.00029503651080284516,60.3348104187233,-0.17567149957878858,0.015716447920972137,67.9680721888485,137220.97,-0.29052834607266553,-0.5506872683935793,0.005769684267772514
2024-03-06,6878.54,6882.43,6894.48,6856.38,89110.0,-0.39%,-0.0017550739425060261,-0.0033667246908360266,51.70186848206933,-0.19025197968136326,0.01175681499600658,34.76999999998952,137398.21,-0.11425528300863058,-0.7036948201990332,0.005845634751826482
2024-03-07,6837.34,6849.63,6851.86,6806.46,76930.0,-0.60%,-0.007364907731773859,-0.008315200970753958,33.79490176684818,-0.18267632642537246,0.005696752718570484,35.97643187376899,137521.49,-0.09709304767836581,-0.826128503938147,0.005522485107517463
2024-03-08,6942.21,6839.74,6942.21,6835.53,75810.0,1.53%,0.006361376640175012,0.005841989129905006,38.870079697591216,-0.08258956722186825,0.019944288220308352,31.932766472975313,137528.79,0.3476916636081338,-0.33329324440025054,0.00647533521215402
2024-03-11,6872.24,6939.54,6939.54,6852.21,79760.0,-1.01%,-0.00396297250268553,-0.0037937653412660768,37.110190568146585,-0.06337987691540158,0.009664348280897815,106.29621965002447,137620.84,0.23393162735774473,-0.4137611398820846,0.00674595752266607
2024-03-12,6879.59,6885.92,6928.41,6878.49,101350.0,0.11%,-0.0027142244600362763,-0.0023427834900264476,42.666293845341336,-0.08044526793926669,0.010744204770174234,52.21762453152835,137685.25999999998,0.27684028970212465,-0.3644477015133223,0.006722920112325049
2024-03-13,6965.51,6890.23,6980.64,6889.56,122380.0,1.25%,0.009089418064699789,0.008806348742196556,46.2857675459037,-0.07890338896913741,0.023367506750939574,11.686735309652942,137736.93,0.2884711104062444,-0.6719479231599403,0.007214776728092551
2024-03-14,6967.96,6962.44,6989.38,6939.01,118450.0,0.04%,0.008872778418404533,0.007892350461737809,61.1551247398019,-0.05989536507468033,0.02372745891403167,49.529999999998836,137847.91,0.3672992958740451,-0.5884660313194305,0.0071756484245999175
2024-03-15,6822.32,6946.7,6946.7,6790.96,405520.0,-2.09%,-0.011506936192985803,-0.01156585222102039,54.33829551258034,-0.12304529519269623,0.004617903801524331,57.93291205199089,137933.72,-0.2749175040047187,0.07466474816425972,0.008643635433930512
2024-03-18,6853.29,6838.03,6910.29,6838.03,76900.0,0.45%,-0.0069438126539907935,-0.006148699656956319,38.66130799206982,-0.10036239825535244,0.009178378314700709,30.036889508866736,137882.81,-0.4720724506864709,0.5426586033256555,0.00833753281587112
2024-03-19,6848.43,6851.35,6900.59,6831.18,118530.0,-0.07%,-0.007359440829925937,-0.005838891946060106,21.89962911451094,-0.15161077540528536,0.008462721029132885,65.45337820670755,137937.49,-0.3867896036250529,0.7572530702715277,0.008133965817079442
2024-03-20,6856.77,6856.02,6871.22,6840.7,93050.0,0.12%,-0.005244924089842999,-0.003809997473552441,26.890646731571778,-0.18910229631960546,0.009690824272267898,62.220418463021424,137931.26,-0.33442046408001047,0.9302761233853114,0.008007723838522067
2024-03-21,6963.22,6875.24,6963.22,6875.24,87230.0,1.55%,0.009741927431429445,0.010279901762964672,42.81699119146983,-0.12978427663069841,0.025366074899572405,66.89866972737059,137890.66999999998,-0.1980502112341968,0.3636001482296569,0.008752896990120291
2024-03-22,6881.97,6917.68,6919.76,6871.45,98090.0,-1.17%,-0.0013192039168755804,-0.0012366662696158862,49.780019075826715,-0.12069195489878565,0.013401639827064247,108.81328007973266,137950.74,-0.07776548124342791,-0.07716053596361627,0.009157673176374902
2024-03-25,6853.1,6879.75,6886.53,6843.5,95500.0,-0.42%,-0.004968654097192453,-0.0046953945386373295,50.6847900570279,-0.11558833958708051,0.009150399943454287,115.26000000000931,137919.5,-0.06227167251545155,-0.10393644502559418,0.009178565841958405
2024-03-26,6898.17,6840.85,6898.17,6797.65,92110.0,0.66%,0.0013713924994598384,0.0016398753836870197,43.738870409569074,-0.0654931668530133,0.01578716411229046,112.48388941544113,137881.11000000002,-0.21834391165628664,-0.13851145580352053,0.009242661281598138
2024-03-27,6903.53,6884.46,6925.37,6884.46,113040.0,0.08%,0.0014621538808420149,0.002130882790704539,47.360817121929976,-0.09561281357658438,0.016576448690612183,116.45826805168021,137918.61000000002,-0.19411017668783936,-0.13191564150340795,0.009231577089537176
2024-04-01,6979.81,6948.54,6991.77,6947.27,84980.0,1.10%,0.012133398504400789,0.011513124184523906,68.26972171836208,-0.15141294419586374,0.02780902847314671,96.83495324629048,137945.62,-0.18477235950201026,-0.17157163813231913,0.00929735012666658
2024-04-02,6960.43,7016.93,7070.72,6960.43,133020.0,-0.28%,0.008402003019638034,0.007452996081845433,70.45141220138309,-0.18014811492676322,0.02495523460600567,131.3082151241338,137980.72000000003,-0.1976267296745295,-0.1486708049302714,0.009280628134636372
2024-04-03,6863.82,6960.55,6964.93,6863.82,64390.0,-1.39%,-0.005432199045460651,-0.005789422686098725,60.22159872428971,-0.2019426371451952,0.010728969100097728,96.58509868869531,138021.56,-0.04990218548629447,-0.478266660372455,0.009741125668863357
2024-04-04,6827.06,6870.9,6881.58,6809.78,69380.0,-0.54%,-0.009339149260965036,-0.009693954625238374,33.17486416928802,-0.179691273937267,0.00531589053683137,55.764455524998816,137933.71000000002,-0.06424121233182353,-0.44217804788153714,0.00970306259581817
2024-04-05,6745.46,6819.23,6819.23,6728.84,84940.0,-1.20%,-0.018917406644560698,-0.018760501913156553,14.60300809743193,-0.2111790766208725,0.0024699651054267734,46.683198948903,137855.31,-0.012794872041851259,-0.6631737092440289,0.010012588153019591
2024-04-08,6741.07,6750.74,6750.74,6686.5,81390.0,-0.07%,-0.01872761983664769,-0.016835133615510606,10.656024327980644,-0.19746811989891994,0.00816122036940099,15.870000000009895,137722.22999999998,-0.0886136817580465,-0.5940994600996565,0.009941474256926852
2024-04-11,6677.65,6727.27,6727.27,6669.68,123390.0,-0.94%,-0.02618101220108368,-0.022433428045940732,7.017162758205896,-0.26685033834834976,0.0011949598781349846,106.30802262441034,137625.96000000002,-0.009776210083164923,-0.49462345724015666,0.009368811204820963
2024-04-12,6659.39,6681.26,6719.2,6659.39,130980.0,-0.27%,-0.026927783683474135,-0.02132826443268881,5.396711137754288,-0.29916044494352134,0.0,28.35398285539444,137361.40000000002,-0.09545284635825567,-0.30347053967099,0.009173211227821545
2024-04-15,6562.43,6630.43,6630.43,6556.93,91560.0,-1.46%,-0.03814070589028498,-0.03023328749288814,1.019269732997459,-0.29211504991960285,0.0008388071856798837,60.43000000000757,137148.55,0.03164822572288492,-0.5915662755511555,0.009595937072726383
2024-04-16,6404.97,6534.94,6534.94,6404.97,122340.0,-2.40%,-0.0557007529365876,-0.045647963332048506,0.3568254215406344,-0.3814329813976486,0.0,196.3041578766139,136831.39,-0.11630587492405403,-0.39810038058651376,0.010088961709213275
2024-04-17,6450.04,6432.1,6497.82,6424.81,94500.0,0.70%,-0.04471075068237182,-0.032537107382315265,2.6134282504303434,-0.4062159356216321,0.007036723044760508,262.7443319554884,136270.85000000003,-0.14355321966796866,-0.567705563193361,0.01035280474389854
2024-04-18,6523.19,6481.9,6548.89,6481.01,101530.0,1.13%,-0.03049310901767393,-0.017068708916386798,8.175741644761557,-0.3329492117906153,0.018457541565378034,132.83383552785435,135752.93,-0.20466770845233304,-0.4743383411282216,0.010056293189516181
2024-04-19,6443.0,6511.5,6540.81,6406.98,103200.0,-1.23%,-0.0377616827489537,-0.023553841692792392,10.079859807234945,-0.33016131099794516,0.005937576600671002,85.02000000000407,135453.8,-0.011278697012248507,-0.5864760401346683,0.010167114253206617
2024-04-22,6444.08,6484.61,6509.66,6439.44,60740.0,0.02%,-0.03286021800468264,-0.01839634601118108,9.781449493052943,-0.3364862515870265,0.006106195657434722,150.2473976480112,135043.51,-0.02345698538739045,-0.5975533286022663,0.010179542939404094
2024-04-23,6506.8,6463.65,6515.43,6463.65,61600.0,0.97%,-0.018470006106063367,-0.005687447310118735,8.960821129052471,-0.3229982374087577,0.01589859125023223,33.08891416957239,134639.16,-0.05398562752426124,-0.79201801380245,0.010536559000793009
2024-04-24,6572.75,6538.98,6595.41,6538.98,66900.0,1.01%,-0.004362719538515326,0.005547861827851467,17.0443211297812,-0.3660309390480149,0.02619528272575824,177.75126342278895,134289.19,-0.18129644001887021,-0.8491098546851519,0.010109905506900512
2024-04-25,6574.88,6598.14,6598.14,6574.88,53870.0,0.03%,-0.0009166119720486661,0.006421256098171343,26.96935948867385,-0.37405893977015,0.026527836976597836,115.93939534050513,133898.72,-0.33881924329337904,-0.6455093354139736,0.009911965784826086
2024-04-26,6628.75,6557.95,6628.75,6547.76,58460.0,0.82%,0.009441943749927987,0.01367747591554106,39.87725403205511,-0.31966423023191676,0.03493849307647026,85.17675673254463,133591.63,-0.4431242356914564,-0.7242303831892793,0.010166709879756652
2024-04-29,6769.64,6629.57,6769.64,6629.57,107640.0,2.13%,0.03062594227143863,0.030957611486840626,63.222969202186334,-0.30832789951006395,0.056935473546324195,36.83999999999651,133367.28,-0.09554065466336584,-0.5618202304172453,0.011260012009496207
2024-04-30,6700.49,6756.32,6777.27,6700.49,95590.0,-1.02%,0.02054873655949663,0.017698574200799053,77.79868720494011,-0.36044833512946783,0.046139170050757385,37.87656199134383,133238.75,0.027411832976642764,-0.6976699857567019,0.011441677740989253
2024-05-02,6646.55,6654.97,6679.5,6634.84,80530.0,-0.81%,0.012675792081923164,0.007853233775307241,81.42179246127672,-0.40479694078557166,0.037717584937946615,110.20359930601502,133035.71000000002,0.20701526589165017,-0.49048126188844243,0.011138383270928814
2024-05-03,6615.55,6664.49,6666.05,6604.51,83230.0,-0.47%,0.008433729167737412,0.0020950242514027875,66.9424299400125,-0.3705274392627569,0.032877593493802454,77.53410602410148,132702.45,0.23196955353451232,-0.4931074079872908,0.011149873140426462
2024-05-06,6652.49,6639.27,6683.71,6639.27,65390.0,0.56%,0.013071232823666122,0.005816200635573155,62.6448204852717,-0.34849439171422636,0.038644989750147074,122.96999999998661,132357.57,0.05310403496859134,-0.42315031276996784,0.010949992725390705
2024-05-07,6618.58,6668.24,6691.68,6618.58,106390.0,-0.51%,0.005570785482597948,-0.00035716381721952265,60.06344367864005,-0.38090807637131197,0.03302648049471051,65.21980022946171,132146.24,0.049981907102578285,-0.4192454053949102,0.010945364281076788
2024-05-08,6659.18,6620.35,6659.18,6571.62,108950.0,0.61%,0.00944812098151158,0.0042123371093907985,63.91239940162907,-0.28536714899351806,0.03936331937980152,28.14333768141734,131937.76,-0.1380901150410933,-0.29101081410801255,0.01078160969524666
2024-05-09,6542.46,6670.85,6719.19,6536.25,171670.0,-1.75%,-0.00845205206592236,-0.0123089873663344,53.94690647870595,-0.3865813832484371,0.02114568798404248,33.83999999999651,131851.48,-0.0641216384306225,-0.6401717604104658,0.011427854768198858
2024-05-10,6511.93,6574.22,6598.93,6511.93,59710.0,-0.47%,-0.013814938817640454,-0.015207314944020894,42.05128563870755,-0.3838905933839159,0.011257190066217046,99.94456756137028,131652.87,-0.11314581137702381,-0.539847925930792,0.011302170861559963
2024-05-13,6604.25,6523.88,6612.73,6523.88,72540.0,1.42%,-0.001563642293068535,-0.0012679623133567948,34.29213394794082,-0.2892096464564831,0.021752415430909836,52.86666737593239,131487.15000000002,-0.20084782874833784,-0.7451937895482419,0.011802474092393156
2024-05-14,6608.36,6601.93,6608.36,6587.89,80920.0,0.06%,-0.002036764450488809,-0.0005208146003014804,34.210304684998356,-0.2005270969213428,0.014808205862163656,48.99928624314691,131432.01,-0.3275736415705269,-0.410199264464699,0.011318705610500501
2024-05-15,6558.63,6578.65,6578.65,6547.71,156460.0,-0.75%,-0.009395874972246563,-0.006776015951324755,32.92447884670333,-0.15406190070712303,0.007171453010090682,92.73922050009975,131477.94,0.0306604288823689,-0.7165205516319468,0.009968374750324267
2024-05-16,6628.2,6589.24,6628.2,6579.74,251040.0,1.06%,0.000536308888042062,0.003610329972833407,32.58712092660975,0.0023039771435291482,0.017854921659170096,14.139999999999418,131631.59999999998,0.007878063131340249,-0.8083507555946281,0.010108772989965122
2024-05-17,6618.69,6619.51,6649.61,6578.26,112110.0,-0.14%,-0.0007908556639888652,0.0022909137390628824,33.884827014396485,-0.0026686878536668563,0.01639452512542354,58.751561065126,131809.76,0.15181105826659683,-0.6104707336874409,0.009848616921834781
2024-05-20,6682.78,6633.59,6703.0,6617.58,117900.0,0.97%,0.00983052654915683,0.01079517799182083,49.4811688148537,0.0530059500820683,0.026236461387023423,51.45670089064555,131905.26,-0.006057241593336287,-0.5146223953596842,0.009535068964207766
2024-05-21,6633.66,6704.14,6704.14,6614.51,124240.0,-0.74%,0.003131625594842045,0.003043240295969662,54.45241601623084,0.04229230874048493,0.018693382760564006,93.88946996773369,132145.04,0.06766142489624119,-0.6824678038451761,0.00975151435097237
2024-05-22,6607.22,6606.8,6620.56,6578.58,87180.0,-0.40%,-0.00044196158327270004,-0.0008391844707722761,56.366048928020795,0.03725768730394501,0.014633142555279303,95.8250396233922,132334.62,0.24634124763505846,-0.5403950607567078,0.009623263850254927
2024-05-23,6659.99,6612.09,6659.99,6606.37,94910.0,0.80%,0.007057622489345577,0.006129572706070814,58.71530123194707,0.07589124317252358,0.02273673089237745,27.46147113016484,132435.03999999998,0.2611726922243224,-0.459251600687832,0.00952516113197067
2024-05-24,6619.89,6634.61,6634.61,6587.05,68400.0,-0.60%,0.00134667591245828,-6.077993678017409e-05,56.50069156293238,0.11336981571738232,0.01657880229056517,74.72935140704065,132522.28,0.33468632188243425,-0.5301100340965532,0.009643363795268532
2024-05-27,6571.6,6630.22,6630.22,6552.3,98640.0,-0.73%,-0.005453002178000956,-0.006566968136452272,50.771977226671964,0.060748362283511506,0.009163182036661954,46.128792420473744,132567.28999999998,0.5308080262878108,-0.35758181743990214,0.009605142467364332
2024-05-28,6501.34,6572.96,6572.96,6495.99,110940.0,-1.07%,-0.014404487325255299,-0.015078102275717901,27.758680823963697,-0.033980446620603344,0.0008235850116764902,72.08216839106456,132510.13999999998,0.36296969349111324,-0.7421432128158729,0.00839669243461711
2024-05-29,6411.41,6506.4,6506.4,6411.41,89530.0,-1.38%,-0.026656524028131214,-0.025059871663792803,10.39562636740343,-0.031245764887005072,0.0,5.959999999991851,132241.84,0.3069679816032216,-0.7912042524320739,0.00861930280877289
2024-05-30,6371.75,6410.39,6415.61,6341.54,111680.0,-0.62%,-0.031204817405981848,-0.02684370759429018,3.5761493883614732,-0.022639255223699195,0.004763827083011388,136.06421614150165,131952.76,0.2915690386154729,-0.7551486868099961,0.008562225161120346
2024-05-31,6433.1,6387.89,6433.1,6356.52,606500.0,0.96%,-0.02005535618652928,-0.014586429608750211,11.194153337010556,0.22659612217800806,0.014438133324082227,8.319999999992433,131677.96000000002,0.133635853920521,-1.0181981116141052,0.00892350685324346
2024-06-03,6470.74,6433.54,6472.52,6410.48,96300.0,0.59%,-0.012843552833745654,-0.006913842954314707,23.07133664276526,0.2670418995820691,0.020373600103444876,103.76606540867958,131495.51,0.1315743751131509,-1.025585880444188,0.008934641319153653
2024-06-04,6386.42,6498.56,6498.56,6351.19,85190.0,-1.30%,-0.02387540000037123,-0.01646327477812586,24.419930134215903,0.2920314612778932,0.007077145299091405,9.020000000004075,131313.76,0.14485774926953904,-1.1513907802081849,0.009279420128745148
2024-06-05,6441.32,6400.46,6443.59,6367.73,73100.0,0.86%,-0.01347151528756571,-0.005940544174675804,25.175583747012308,0.2808827388714917,0.015734348439022657,77.71598963095096,131081.6,0.13886241130150473,-1.2029790979618475,0.009404905181192087
2024-06-06,6509.86,6465.13,6511.73,6453.49,80250.0,1.06%,-0.0017857401029648377,0.005038519144649207,28.771833057547322,0.38206061231767047,0.026542448679658208,23.31999999999971,130863.73999999999,0.10770558086772354,-1.4297590332017134,0.008997582405919411
2024-06-07,6518.76,6524.36,6532.93,6512.05,62720.0,0.14%,0.0013779246335135626,0.006469450532542202,40.937672366243774,0.39606980228936056,0.027945893268827487,26.504659967635718,130831.14,0.012837630262391379,-1.4021905682939886,0.008941318196721795
2024-06-10,6458.64,6511.89,6511.89,6443.52,45720.0,-0.92%,-0.00594841540493161,-0.0017617029777787724,44.02231824141526,0.36726143332310773,0.01846554622378797,26.17926087573946,130837.97,0.12584085730657182,-1.4469780826285688,0.008522159042278604
2024-06-11,6410.07,6456.85,6464.26,6410.07,55010.0,-0.75%,-0.011280903882547594,-0.007484682649844986,35.722172902039745,0.31725223319707097,0.01080652333660274,61.963912181241355,130692.36,0.24361962790755007,-1.4732197234836273,0.008630380823060719
2024-06-13,6390.83,6428.28,6446.06,6390.83,76800.0,-0.30%,-0.01131666654327229,-0.00857299015664985,25.03674435647051,0.31500154694915417,0.007772559977544881,10.069999999999709,130494.07,0.19019360354112314,-1.4334277939386524,0.008522393917978568
2024-06-14,6383.7,6394.43,6400.34,6370.68,68390.0,-0.11%,-0.009835414627639339,-0.008031868311019085,17.64759187251087,0.22590374555682236,0.006648227402176735,80.2397669390341,130326.26999999999,0.27702106792861236,-1.247416082327772,0.008053421891903122
2024-06-18,6368.8,6394.33,6394.33,6343.69,60300.0,-0.23%,-0.009921966973265995,-0.008738882731836964,14.400787469447996,0.22421480493036264,0.0042986403933429765,44.22230771906412,130081.76999999999,0.29417760538408877,-1.2409501388616413,0.008053511558519053
2024-06-19,6366.03,6371.52,6382.76,6364.4,101410.0,-0.04%,-0.008863404418724175,-0.0077987985817155984,13.059905579101818,0.1596831992916422,0.003861837976264406,131.53540803305043,129831.88,0.3655256428204179,-1.000754832047245,0.007592753934953137
2024-06-20,6344.56,6372.46,6372.75,6313.15,85000.0,-0.34%,-0.011471201579262767,-0.009531385644120384,12.955624921959986,0.19768603180364314,0.0049753292730254734,37.59161420624696,129515.13,0.3119005036981128,-0.9575522506537193,0.007507816663417767
2024-06-21,6158.48,6349.67,6349.67,6158.48,168160.0,-2.93%,-0.03818094581616443,-0.033355449962788886,9.02914204810866,0.10123806570658837,0.0,68.7992609334971,129226.03,-0.6442661128339929,0.7421123448149327,0.009656547181130586
2024-06-24,6272.46,6202.64,6272.46,6184.72,81790.0,1.85%,-0.01862111671716354,-0.012768907283260338,14.910291760338666,0.09594037604568455,0.018507813616346968,179.54631073904065,128777.29,-0.2285553525422993,0.6127261705924116,0.01055779797073415
2024-06-25,6299.05,6291.09,6307.51,6281.67,84760.0,0.42%,-0.012566261533834446,-0.006657166684230971,22.659901188409766,0.0966672502890986,0.02282543744560356,94.38247858489653,128389.76000000001,-0.3532740714657512,0.5566752299102076,0.010649078397580072
2024-06-26,6313.11,6308.57,6313.11,6277.86,113530.0,0.22%,-0.009549208293051413,-0.003054290103597682,36.424978857880525,0.16838218888053844,0.025108468323352534,64.21149408560171,128068.92,-0.48314605941176747,0.6540844611394534,0.010632930486279295
2024-06-27,6390.58,6314.84,6390.58,6301.84,69140.0,1.23%,0.0031753122416533475,0.00882683583731318,46.93995638046919,0.24588752866895813,0.03768787103311213,32.04999999998836,127810.43,-0.6288574230010614,0.67851723436732,0.010876368903245927
2024-06-28,6411.91,6394.73,6442.79,6387.68,123110.0,0.33%,0.007630295695285625,0.01130941171312095,56.986691592112884,0.2754214656059889,0.04115138800483241,78.7100000000064,127699.67,-0.8517764959052102,1.4066927902770932,0.010463531984329068
2024-07-01,6398.77,6401.96,6436.4,6382.25,71780.0,-0.20%,0.0069215559613739356,0.00848584823126009,65.8855641975825,0.2770454641555565,0.03901774463828751,79.2100000000064,127700.17,-0.9240428588119328,1.6264526583842542,0.010374155387578333
2024-07-02,6358.96,6399.37,6399.37,6348.06,64040.00000000001,-0.62%,0.001779394470249952,0.002123624826400934,67.07864201504835,-0.018811326836180878,0.03255348722412032,52.19000000000233,127727.19,-0.7811689479649245,1.585138979191039,0.010225398104883975
2024-07-03,6450.03,6366.58,6451.94,6355.71,71710.0,1.43%,0.015669697202489716,0.014293891714712384,77.63482417398579,-0.03243770837089387,0.04734122705602684,20.33982546630929,127653.05,-0.6758263086089711,1.1693158330157543,0.010669362454672716
2024-07-04,6507.49,6447.29,6517.64,6437.58,70130.0,0.89%,0.02337495098228092,0.01997274007966898,87.36219438759274,0.026767878576738968,0.056671451397098026,1.2399999999906868,127632.34,-0.9178567120759954,1.8534299871614568,0.010394853833477257
2024-07-05,6492.75,6507.28,6560.2,6492.75,82020.0,-0.23%,0.019807707539902807,0.014822684441205504,93.24426815016166,-0.06553357421693166,0.054278003663241654,54.84473321864415,127753.40999999999,-0.8153164263285694,1.9037810690404164,0.01025944904493696
2024-07-08,6529.43,6506.42,6559.38,6506.42,94360.0,0.56%,0.02372409403091674,0.017105238035196903,90.90803196254257,-0.1179840890601906,0.060234018783855876,68.40000000000146,127804.84,-0.8378545304721505,2.166658279766276,0.010057171667530878
2024-07-09,6556.66,6530.05,6557.32,6497.53,78800.0,0.42%,0.02580342639106047,0.01757343496987458,91.55630787613273,-0.05713864402166748,0.06465556436003694,58.19916174097916,127824.41,-0.8683063097555092,2.1416858302086412,0.010093783383873237
2024-07-10,6489.35,6550.05,6561.71,6489.35,80940.0,-1.03%,0.013632525087017119,0.005096821118419837,91.17137732001595,-0.0885459606213953,0.053725919382704955,50.070000000006985,127862.31,-0.8550094451157213,2.0362011307434864,0.010148344118303627
2024-07-11,6609.24,6492.46,6609.24,6492.46,90660.0,1.85%,0.027193336041302748,0.019305041762383082,93.72456527846124,-0.0028572844146550103,0.06864013245547082,80.78000000000611,127893.01999999999,-0.8122436457359592,1.7604950150516476,0.010743126020717869
2024-07-12,6648.23,6611.39,6648.23,6589.59,68110.0,0.59%,0.028960740500639168,0.02082691841084313,94.01830220965711,0.08098150769619054,0.05899621845660781,118.38999999999942,128092.19,-0.9358512820247389,1.9364809744373304,0.01072742598910691
2024-07-15,6689.37,6635.27,6738.12,6635.27,85780.0,0.62%,0.030879771322596165,0.022366216214524844,96.46938686829189,0.08751292532752392,0.06554940696351945,139.01000000000204,128349.59,-1.0330553089602208,2.0529823274905397,0.010738974045805021
2024-07-16,6667.09,6723.21,6736.81,6667.09,85740.0,-0.33%,0.023458369343988022,0.015276342703274918,91.04244392645028,0.03812405350195888,0.057959262691531364,164.62696255473912,128655.26000000001,-1.0150646751969614,1.9884362972256175,0.010764360935021746
2024-07-17,6687.71,6677.85,6700.18,6629.51,78930.0,0.31%,0.023289837184808027,0.014842674354739557,86.73455966932744,0.1155255020989329,0.05350453524383821,131.62999999999738,128953.54999999999,-1.0700598511059611,2.0941191309817286,0.010745270271539828
2024-07-18,6705.01,6663.65,6706.2,6649.93,93150.0,0.26%,0.02266094302772769,0.01399021394502692,87.43569357561732,0.16315979604909925,0.05622977728628901,118.38542725689848,129275.23,-1.1743035800045527,2.392734942664452,0.010655433270279742
2024-07-19,6791.69,6707.45,6829.97,6707.45,121780.0,1.29%,0.031466210530552215,0.02224953499542492,90.21483921090787,0.2926195043643863,0.06988434261805956,170.40000000000146,129635.68,0.06557784917450547,-0.50280577101914,0.0077339667363453485
2024-07-22,6712.05,6756.76,6832.66,6712.05,109440.0,-1.17%,0.015481525588392093,0.007683133456553731,86.09346813029441,0.17792948629919572,0.05606612007155772,210.58094690225437,130268.89,-0.12340922532254006,-0.41497193841024727,0.007894239143087968
2024-07-23,6753.12,6727.58,6753.88,6686.71,78230.0,0.61%,0.018359595769846682,0.010947102300399969,82.21207023377958,0.20586231686296244,0.04901531320775819,23.219999999993888,130708.48000000001,-0.15688180526713857,-0.43531959442287205,0.007915639356042939
2024-07-25,6670.27,6698.25,6698.25,6651.68,74820.0,-1.23%,0.004105396907183828,-0.002230306439018687,69.09277657298338,0.13458606552311525,0.027879525684390588,185.74400866118677,131162.55,-0.18731779357424785,-0.7155014845581249,0.008667775710814164
2024-07-26,6726.01,6684.63,6726.01,6675.62,86590.0,0.84%,0.00996307940678633,0.004444535658752036,67.16695923587771,0.14341671668012274,0.03646898379652813,106.8269729828434,131519.71000000002,-0.1887719945728138,-0.6091703394555181,0.008484688706612701
2024-07-29,6649.23,6728.33,6761.76,6649.23,121510.0,-1.14%,-0.0028473023895981865,-0.006815337417605346,56.067888108900654,0.08112588842746751,0.024637290329539815,82.99859790743342,131855.14,-0.10540086890825529,-0.9023238004555458,0.009039892544184962
2024-07-30,6606.36,6658.95,6671.34,6569.86,73570.0,-0.64%,-0.009803464985124402,-0.01200162536624198,49.86261202217622,0.08533013163113004,0.018031081695393112,138.61539738301465,132092.46000000002,-0.06228026300850358,-1.012508364286465,0.00919214465200138
2024-07-31,6619.09,6599.97,6640.17,6597.87,135220.0,0.19%,-0.009271555181742022,-0.009056947635482334,39.291758771092276,0.10284645928218435,0.019504163290955986,108.93708919769838,132300.05,-0.16972497451957513,-0.8548048912570461,0.009004125859377082
2024-08-01,6693.83,6645.1,6693.83,6619.7,89250.0,1.13%,0.0010100507311225596,0.0018764546211650116,39.49262533557832,0.11317575531673649,0.018869504068579887,32.27252699192829,132560.18,-0.21192927120308266,-0.817970844748924,0.008810100063676753
2024-08-02,6605.3,6672.47,6672.47,6562.91,80660.0,-1.32%,-0.011775759480542802,-0.009757965298491954,33.36984255956046,0.0735069618604555,0.0064590250361501724,22.359778819902733,132803.97999999998,-0.0712063261824214,-0.963085879759856,0.009261201326485101
2024-08-05,6434.73,6535.57,6535.57,6397.1,121260.0,-2.58%,-0.034668006265223685,-0.030498349995145693,23.842252705035094,0.08637031027593811,0.005882352941176345,75.96778642944804,132901.78999999998,-0.47411855793506014,-0.3645603536464077,0.011003976432246888
2024-08-06,6433.24,6439.8,6512.47,6433.24,96030.0,-0.02%,-0.03246703858858165,-0.026172831817319744,10.883789160328865,0.04107960717847653,0.005649434900189057,77.15256650264858,132843.77,-0.41237133163587925,-0.33022928325278045,0.010912264368624872
2024-08-07,6535.17,6461.86,6535.17,6451.95,73020.0,1.58%,-0.015523951660890285,-0.008462890643429134,16.21207946857679,0.039018084126191524,0.021583217395382236,79.1591296669212,132747.58,-0.3535145857436225,-0.5291763374393632,0.0114829429099868
2024-08-08,6549.27,6536.5,6570.82,6515.91,105610.0,0.22%,-0.011743775770817796,-0.004532282349673356,24.97780634891482,0.09395236128314612,0.0237873411389536,95.51979589071307,132726.09,-0.5071031435289224,-0.24745011473055945,0.011237550837972766
2024-08-09,6647.8,6571.65,6647.8,6571.65,157080.0,1.50%,0.004682115824532453,0.01002018379233475,41.39804695870457,0.12504044162470015,0.03918963280236354,73.20053314370908,132786.01,-0.6080512349306885,-0.23898764946243967,0.010972117741248543
2024-08-12,6613.36,6653.0,6661.86,6594.59,69560.0,-0.52%,0.0005431353889772482,0.0048580290669061185,50.59975903726564,0.07391931767950952,0.03380594331806589,110.95112949987563,132824.57,-0.4687988024557404,-0.3370038267971518,0.010956800124229312
2024-08-13,6650.44,6624.33,6670.05,6615.38,101340.0,0.56%,0.007270693391291677,0.00966020028540157,62.11185916793149,0.08571112141101977,0.03960231980115978,103.44529634172115,132789.7,-0.4655037435877919,-0.3274884096787982,0.01093970492153557
2024-08-14,6704.96,6663.71,6723.11,6663.71,150450.0,0.82%,0.015147272933927116,0.015829151819261703,71.0671127442914,0.15446054726818337,0.04812493160963556,107.69382223283245,132750.77000000002,-0.5845129289066398,-0.3258892024079447,0.011070933541734123
2024-08-15,6692.91,6714.2,6742.48,6692.91,120520.0,-0.18%,0.01368573112831219,0.01220425666877466,78.33872648494481,0.06800536801035066,0.04624126557346289,95.54548283554901,132788.64,-0.5192667196312044,-0.36656812112013837,0.011060970723218983
2024-08-16,6847.37,6724.27,6866.66,6724.27,126000.0,2.31%,0.03486145396341694,0.03047686700247794,87.14504818735072,0.06820456475917575,0.07038658141970573,97.95423346998442,132793.84,-0.2857979650183136,-0.4650090061999066,0.012194666201794414
2024-08-19,6889.87,6863.05,6943.53,6863.05,158230.0,0.62%,0.03810741891664136,0.031220374305634426,89.06373088183909,0.020779979273557177,0.07703021681699512,97.36736773760133,132936.2,-0.2656768591670394,-0.33052722608170537,0.011942202006207525
2024-08-20,6944.76,6930.8,7005.27,6930.8,122450.0,0.80%,0.04272309527545297,0.0330899276268738,92.04075768672381,0.03601679896177043,0.08561066733363552,70.61159178072792,133034.38,-0.46630354561424475,-0.016413745924440892,0.011664925410711943
2024-08-21,6900.62,6952.27,6983.81,6900.62,77750.0,-0.64%,0.033802961590072914,0.021652202010476112,87.67433815900831,-0.03600477752796457,0.07871066577042715,6.610000000015134,133267.09,-0.3129359219893807,-0.17952249384472685,0.011753352471307205
2024-08-22,6961.96,6917.29,6987.04,6917.29,124620.0,0.89%,0.039026949743120154,0.02492755460114508,88.5739184767417,-0.01232309271106539,0.08829938565912673,112.23458035390505,133414.59,-0.5218882540242056,0.2039468274905576,0.01143007338003655
2024-08-27,6973.41,6967.95,7008.87,6967.95,118040.0,0.16%,0.0347935251354759,0.021142194537359372,89.83702301532979,-0.09005883218061636,0.083965466856514,84.80688644896203,133706.28,-0.4521936569836672,0.24391173682785539,0.011338103046929181
2024-08-28,6958.01,6985.56,7016.04,6958.01,85660.0,-0.22%,0.026797010769800646,0.014547633136637131,92.14368777964602,-0.07513814771250332,0.07843520176070806,96.59999999999127,133953.68,-0.5377706394185287,0.6906707913706285,0.010950636890206247
2024-08-29,6891.55,6953.01,6959.64,6872.55,100680.0,-0.96%,0.01318343915320035,0.002613010653185195,86.22029974284924,-0.09052879430493642,0.05764966059997764,129.33721127841434,134262.46000000002,-0.5124632920225186,0.5131925210617774,0.011102526894463024
2024-08-30,6897.54,6904.51,6930.42,6881.4,229080.0,0.09%,0.010368868033501859,0.0016257987132405657,79.38511324986916,-0.12094533572597203,0.04959028554472626,73.00999999999476,134547.65000000002,-0.49737319611249353,0.4985875603033789,0.011106284682004095
2024-09-02,6923.41,6927.25,6933.51,6904.54,72910.0,0.38%,0.011242233581849632,0.003504503441459895,75.48794093707424,-0.1511312517043592,0.04986208392030433,60.591469990384745,134826.1,-0.4509284943455667,0.6652647578567339,0.010904747262315766
2024-09-03,6882.92,6934.7,6950.61,6878.48,78600.0,-0.58%,0.002508850160107528,-0.0030670960064930787,72.71005751944722,-0.1734090063444623,0.04044212123868923,24.139999999999418,135055.68,-0.47854859937267535,1.1291506942871168,0.010488558231204414
2024-09-04,6882.12,6814.71,6882.12,6759.93,77210.0,-0.01%,-1.7955108285498647e-05,-0.0034990623724160566,68.9287062586193,-0.11775908851665366,0.03277603617204228,114.41135987001321,135333.3,0.6413949423801402,-0.0007192819168930775,0.008213224590723746
2024-09-05,6907.97,6876.27,6914.63,6872.7,67980.0,0.38%,0.0016276831241904808,-0.00025264632553616777,65.10675253463955,-0.05500551516703491,0.032132510372917075,180.20269910464788,135780.69,0.5815287201600028,0.0009605794950036106,0.008168749862654139
2024-09-06,6936.09,6888.71,6940.47,6886.49,86770.0,0.41%,0.003178384588047636,0.0030554312602407447,67.04790517539007,-0.05481493874241225,0.031500817189077726,34.903574925105325,136255.41999999998,0.724445037500327,0.7340037728215973,0.007647343797314248
2024-09-09,6984.25,6931.3,7025.46,6920.88,91710.0,0.69%,0.008717434704348813,0.008655986499138837,74.54454409200292,-0.05663911197400078,0.03318377557164049,120.10000000000582,136656.34,0.6228709271638954,0.5623606832628898,0.007694032206452889
2024-09-10,6984.63,7004.02,7109.75,6984.63,129340.0,0.01%,0.00778713715576862,0.0075324847782308165,73.77047000316476,-0.18820801369000367,0.033239989171485476,150.93573706258155,137091.32,0.8398883409976513,1.5419309187843746,0.0071986198193359045
2024-09-11,6944.88,7001.73,7017.74,6944.88,103740.0,-0.57%,0.002050513370386064,0.0015246346354813479,67.19439266525562,-0.21815069852009972,0.027359750766649923,21.94999999999709,137428.15000000002,0.8267236519860021,1.500852881397857,0.007228122030864966
2024-09-12,7024.67,6979.74,7049.81,6975.49,89550.0,1.15%,0.012268946607226647,0.011203474966141923,64.26066739084867,-0.21916583918092353,0.039163127428834286,87.47550800081086,137759.66999999998,0.7162196549158459,0.9193701495635356,0.007477699322897949
2024-09-13,7022.85,7049.71,7090.68,7022.85,64920.0,-0.03%,0.011372812436030562,0.00932736324852745,67.90254035408692,-0.28604713695606226,0.038893893871682114,64.66000000000349,138133.9,0.8922343757311244,1.2760878785623904,0.007393085400228208
2024-09-16,7104.2,7032.34,7104.2,7031.13,60970.0,1.16%,0.021713575897870135,0.017891860549465857,83.08368113124851,-0.2064541173722511,0.05092804215428259,151.7404683858215,138451.79,0.655030719364841,0.6573572936937842,0.0076010751510050215
2024-09-17,7175.36,7094.36,7180.72,7094.36,96820.0,1.00%,0.029648704972938245,0.023743168373118483,90.76610942555897,-0.21287697413431445,0.06145477837788252,126.62140870881034,138863.08000000002,-0.2151812573285309,-0.919476626219061,0.006222523109182463
2024-09-18,7155.9,7161.75,7219.17,7147.82,77470.0,-0.27%,0.024081440268049176,0.01734467055684323,94.45418841576124,-0.2253222312780072,0.058576050343716476,96.20475715888281,139191.07,-0.03364166442324716,-0.9842288907446948,0.006251889244338314
2024-09-19,7202.16,7151.28,7248.38,7151.28,100310.0,0.65%,0.027502203422940786,0.019774344692118282,91.82883657748386,-0.18583835680118607,0.06541931647221193,68.38857437534216,139457.1,-0.02648651372330044,-0.9310950301567571,0.00618400774880103
2024-09-20,7252.32,7219.62,7338.66,7219.62,193970.0,0.70%,0.031202011124887612,0.022188523350693864,87.2804767251426,-0.1800128571240982,0.07283951165174779,132.7568345534004,139714.5,-0.20044169849386198,-0.7694927429791036,0.005968463206509752
2024-09-23,7417.25,7291.47,7417.25,7291.47,105440.0,2.27%,0.04896072666553203,0.037937368901161506,91.87284672775564,-0.14703356272709572,0.09723769328972337,106.53810263349949,140066.2,0.6810641349177492,0.7281643810330061,0.0073841491039953015
2024-09-24,7432.21,7436.33,7474.44,7425.37,146760.0,0.20%,0.04526808749513047,0.03306934477300809,92.6877149085834,-0.15435582754197982,0.08141050824275761,245.21858956363732,140521.49,0.674595805576164,0.7284577100432057,0.007380495420849454
2024-09-25,7362.62,7422.36,7441.99,7341.13,96510.0,-0.94%,0.030773087715835,0.018633704545547875,91.32113159315197,-0.13892604280413492,0.06913972139653149,120.08821885899887,140980.29,0.5016118796655031,0.40130746079110313,0.007817753728730965
2024-09-26,7458.74,7374.71,7458.74,7369.35,99340.0,1.31%,0.038800645112256074,0.025952977949367458,90.37573573121591,-0.06358820998548242,0.07771555062362007,113.64239388456737,141384.90000000002,0.4625638540835794,0.24680256641593745,0.007558940580590671
2024-09-27,7428.3,7428.49,7436.46,7402.35,81650.0,-0.41%,0.030011165134749777,0.017136785992951504,89.81076488614848,-0.005606630257432303,0.0696081141790787,237.66765219524285,141952.09,0.4708187306634478,0.06465620427490482,0.007745238149152001
2024-09-30,7272.65,7417.48,7421.24,7272.65,91310.0,-2.10%,0.005560169360038815,-0.005279858899817222,83.44856642121732,-0.06398655809508158,0.047195919871905564,174.27000000000407,142482.84999999998,-0.2887091041878446,0.6034182323998487,0.009512142639659067
2024-10-01,7380.32,7278.15,7388.15,7278.15,65710.0,1.48%,0.016077659897206657,0.006731688745361497,78.10609108697476,0.0005816710074112448,0.058036066283515556,142.41033869879894,142832.09,-0.458378004073996,0.6064504746341446,0.009677021848085342
2024-10-02,7402.81,7351.77,7412.87,7335.19,64959.99999999999,0.30%,0.015398114721710638,0.0072481248776891305,75.72314466537597,-0.014595749162119906,0.05410339107342461,160.04959762524186,143329.49,-0.5112641737991848,0.6938911811189352,0.00963990983841187
2024-10-03,7388.92,7406.79,7470.39,7388.92,84160.0,-0.19%,0.009870964416419041,0.0035672299145165774,81.99447084373314,-0.08206380466413679,0.05088655735280104,98.16509103317424,143850.18,-0.4197007075462639,0.5243580866131019,0.009720045262028102
2024-10-04,7467.92,7392.49,7467.92,7392.41,96060.0,1.07%,0.017056838358294274,0.011526930409609946,87.71053259628592,-0.06962828642808859,0.052655912584080936,98.61025530590696,144331.13,-0.484372354358513,0.41088885131514985,0.009855332480957749
2024-10-07,7554.68,7464.81,7604.61,7464.81,110540.0,1.16%,0.025090136542323425,0.01937559409872988,89.35423540030017,-0.06275990990279358,0.05692085139245261,203.5725061430396,144862.96,-0.5124794966711244,0.2976445305920432,0.0099896360553495
2024-10-08,7537.25,7535.34,7546.29,7488.99,91690.0,-0.23%,0.018958913422072548,0.013968505232952516,90.83167143566926,0.035964221712758856,0.05397215603360521,219.5480330710522,145433.38999999998,-0.47680406803543485,0.19958511027213266,0.010052247563691205
2024-10-09,7424.52,7518.21,7518.21,7424.52,85120.0,-1.50%,0.001568406245064726,-0.0016893973705822977,75.81086808415763,0.046099281456720036,0.028380995121626975,84.81591732072039,145986.01,-0.516008601806971,-0.12490819154324706,0.010707826027302064
2024-10-10,7411.47,7416.43,7457.41,7399.43,75000.0,-0.18%,-0.0017229227034223677,-0.0034186825373638706,60.060506729574115,0.007900207968021919,0.01908795280949869,98.54707219877263,146465.65000000002,-0.37094361102141227,-0.13063737308576906,0.010590134842256713
2024-10-11,7310.32,7415.19,7415.19,7291.05,72950.0,-1.36%,-0.014333149094702622,-0.015007634046421402,35.462735238762306,0.015573543228993562,0.005179680034100373,138.4899999999907,146852.45,-0.2979350497263472,-0.5444135293054173,0.011195361794105442
2024-10-14,7326.41,7334.59,7404.46,7326.41,56830.0,0.22%,-0.011156119245021629,-0.011237163402375442,23.120255452464292,-0.046634807997378604,0.007392078540834527,4.819858306978953,147139.92,-0.22022024647482646,-0.4178277148036833,0.010969923607062882
2024-10-15,7456.31,7359.1,7479.59,7359.1,76620.0,1.77%,0.00546827788160006,0.005439224715917467,27.622805960557653,-0.06732016862271827,0.02525351831863224,73.22999999998137,147362.13,-0.16890945559968512,-0.5711390579884696,0.011408320282873358
2024-10-16,7437.0,7471.88,7483.78,7430.4,115840.0,-0.26%,0.00307440696855297,0.002452544886159407,40.34321404185261,-0.08024045904136469,0.02259836510762932,177.96375193930766,147643.08,-0.17038915734845386,-0.5686952603156792,0.011405702993861509
2024-10-17,7400.33,7468.04,7484.67,7400.33,91130.0,-0.49%,-0.0016024722149974835,-0.0022414794868905108,47.76579507571213,-0.13108247070898899,0.01755618653448197,71.92396159464482,147924.18,-0.030100226155069534,-0.6259105158451241,0.01145493735951727
2024-10-18,7415.73,7427.59,7447.94,7393.15,64190.0,0.21%,-0.0009023809017438407,-0.00022845819492393302,43.371476921232436,-0.09772123292814752,0.018903155334803478,115.61513438992255,148122.35,0.02913040575978967,-0.5682326064351186,0.011382354400319787
2024-10-21,7406.63,7416.81,7428.02,7386.85,38350.0,-0.12%,-0.0023809821599514295,-0.0011716544392320295,39.15534090954649,-0.16429864047163917,0.015852312081250288,38.61999999999534,148285.76,-0.10802095536339726,-0.46700236518208404,0.010191796230135722
2024-10-22,7413.16,7414.13,7452.74,7398.99,94250.0,0.09%,-0.0016008557907045825,-9.062854007706705e-05,39.3155541197495,-0.13242497290648725,0.016747930682137643,49.23999999999069,148275.14,-0.09153927290545294,-0.4606137298256767,0.010182998846456976
2024-10-23,7367.66,7411.31,7415.9,7346.24,101850.0,-0.61%,-0.007525782649162104,-0.005201112985507072,33.41199982991031,-0.12224291399747475,0.010507402911789067,30.189999999987776,148256.09000000003,-0.11380748689061547,-0.3537435113025533,0.01005292789102039
2024-10-24,7283.79,7354.07,7354.07,7283.79,73250.0,-1.14%,-0.01708222621447966,-0.014045073859862995,21.125143513203227,-0.22998647965412225,0.0,25.15000000000873,148261.13,0.05599415395236157,-0.2926515778836216,0.009876799371522678
2024-10-25,7314.23,7283.79,7317.43,7272.21,57650.0,0.42%,-0.010681532578051189,-0.008203587703630033,13.254538561998606,-0.22912380552062936,0.005778160971699047,98.28347266961973,148086.18,-0.06322859882235149,-0.3354364544886419,0.00991993824290562
2024-10-28,7343.24,7314.42,7355.55,7296.03,48070.0,0.40%,-0.004892421702280977,-0.0033696499768524606,14.735091291368212,-0.15906403581656486,0.009767319700613671,35.729999999995925,147972.11,0.14323899523101497,-0.37599743687442366,0.008740530640111667
2024-10-29,7239.98,7331.89,7331.89,7230.97,79630.0,-1.41%,-0.017129875552550886,-0.014899830249226014,15.918904193746258,-0.23481941773452839,0.0012460292325924887,34.86000000000058,148042.7,0.16389322940990803,-0.28138404678434314,0.008640220760116852
2024-10-30,7280.24,7215.72,7280.24,7184.72,73590.0,0.56%,-0.010405065176445946,-0.007875397826384292,21.42357666607666,-0.21750004096525435,0.013294881359329177,72.09676094494696,147902.36,0.132239358178893,-0.37281594404536067,0.008718945894836296
2024-10-31,7142.96,7252.11,7252.11,7142.96,72130.0,-1.89%,-0.027485111740837828,-0.022786658311395758,11.79891541946423,-0.21152224494356953,0.0,7.396750947252155,147779.78999999998,0.013244290529147315,-0.5742629597655875,0.009610575896552677
2024-11-04,7136.1,7150.56,7150.56,7106.68,61610.0,-0.10%,-0.02661759811437075,-0.019993767013322734,13.209527413688393,-0.26498117529589327,0.004139767092369443,190.43730705796284,147533.83,0.07947517268692034,-0.2551496376669493,0.009166104818049057
2024-11-05,7257.94,7131.26,7257.94,7131.26,64900.00000000001,1.71%,-0.008081200332022104,-0.001921783674250163,15.933402118221826,-0.25078008396189794,0.021284200217260282,33.229999999995925,147202.01,0.25206763799035425,-0.1684393991673785,0.009667414773285622
2024-11-06,7165.42,7252.95,7262.24,7154.88,63090.0,-1.27%,-0.018122510886788627,-0.01189721202387656,21.113433335978893,-0.3330648037864037,0.008265462916579864,102.27938285619217,146905.27000000002,0.32301485477276143,-0.36315592104123295,0.009964613485635182
2024-11-07,7014.44,7142.54,7142.54,6923.99,126620.0,-2.11%,-0.03516709123620881,-0.027653532572533727,24.22113609895114,-0.28190289530168783,0.013063277098898153,108.32000000000698,146533.44,0.15798912012781927,-0.3635361020302801,0.010449552774318836
2024-11-08,6977.18,7010.02,7010.02,6899.2,93250.0,-0.53%,-0.03613916189746553,-0.02755359006029655,15.577995372134746,-0.22489718221504038,0.011302759740259809,106.88361279099377,146123.36,0.20893269819117416,-0.36251253107778947,0.010461380365958114
2024-11-11,6940.01,6967.48,6969.17,6900.93,65880.0,-0.53%,-0.036839259152417723,-0.027333711978990694,12.855480021945239,-0.18651699296708207,0.005915178571428629,132.52999999999884,145689.06999999998,0.16296743162943783,-0.15864163337290504,0.010175632967313726
2024-11-12,6810.11,6934.11,6953.97,6810.11,90470.0,-1.87%,-0.049183182362602926,-0.03843576620686621,7.153352362370782,-0.20414524419365004,0.0,36.7174628683796,145318.75999999998,0.2506093929660887,-0.3706983714553753,0.010722355404841129
2024-11-13,6714.33,6815.61,6832.99,6714.33,118040.0,-1.41%,-0.05640786681626183,-0.04389477270206031,2.4575158675676065,-0.30239949471527233,0.0,277.3976667078341,144802.46,0.2062807589940603,-0.3278368329719492,0.009703120161394027
2024-11-14,6557.09,6730.38,6730.38,6557.09,126980.0,-2.34%,-0.07173400171720472,-0.056276062188358816,0.0,-0.3250899578260985,0.0,225.98398732808343,144060.47999999998,0.18539362758923814,-0.5300975450453032,0.010495642686131613
2024-11-15,6676.65,6567.44,6694.59,6565.15,97730.0,1.82%,-0.048674941878684146,-0.03187584194075945,4.991274870792968,-0.22337579949316977,0.01823369818013776,398.9108560626138,143180.57,0.30315688082736314,-0.6468459092995764,0.011838103169792885
2024-11-18,6761.35,6710.67,6774.24,6693.39,91150.0,1.27%,-0.030867028824515686,-0.014700186207798942,13.778918994007569,-0.17492259268215807,0.031151013635621932,247.03776701488607,142456.89,0.2802333397106167,-0.878888003801392,0.012399261430834984
2024-11-19,6803.19,6768.94,6835.23,6758.38,91450.0,0.62%,-0.020489626326436822,-0.005249430309309241,25.122807998133016,-0.15956180130243572,0.03753189295861418,41.16891362852015,141802.51,0.20796890208066032,-1.020546058108384,0.012612417869688721
2024-11-20,6975.63,6829.21,6975.63,6775.72,93760.0,2.53%,0.007494088663852467,0.019365676751751736,39.91644886630817,-0.07781740164999335,0.0638301441645608,256.2899999999936,141199.07,0.3607526938283928,-0.917660049153942,0.01421251972063316
2024-11-21,6863.01,6890.76,6919.57,6857.9,80690.0,-1.61%,-0.005900626419713082,0.004096429902211893,45.59003048702514,-0.09563303649127483,0.04665484231572238,55.684971635114884,140761.54,0.4054933864613843,-0.9923381295618614,0.014504135490219401
2024-11-22,6780.13,6856.28,6856.28,6771.37,62570.0,-1.21%,-0.01427528815175793,-0.005631517962868471,44.789524687418826,-0.08203113550161201,0.03401508901052143,263.1668392341575,140256.89,0.4085786357819633,-0.9978712684652056,0.014524914041385378
2024-11-25,6850.0,6803.1,6880.76,6794.47,138210.0,1.03%,0.00011951376045569579,0.005172210211786525,38.85083551962946,-0.08387525734750816,0.04467073046122592,80.46486790993568,139753.22999999998,0.3621019592429019,-1.1166166687237191,0.014757572164432815
2024-11-26,6806.86,6852.99,6859.16,6806.86,67810.0,-0.63%,-0.002448864743821788,-0.0003304116964985595,38.61057940020324,-0.13749122312143117,0.03809159245945984,179.25163658092907,139289.0,0.46923572262989305,-1.017014492689956,0.014674585014085558
2024-11-27,6702.59,6820.98,6823.14,6702.59,65019.99999999999,-1.53%,-0.014512677365119294,-0.013306259441733746,38.77525262824542,-0.13841804762973692,0.022189721355052316,137.31056811750705,138752.62,0.46992961788896015,-1.0274414302067647,0.014723962540727232
2024-11-28,6638.54,6702.93,6711.37,6613.07,79330.0,-0.96%,-0.020446252398700807,-0.01960316307433196,31.415861246056995,-0.2018307110986755,0.012421668758549878,45.7862490251773,138215.22999999998,0.6231896055407865,-0.8567328177234721,0.014608620302796204
2024-11-29,6613.85,6634.25,6683.54,6609.56,101150.0,-0.37%,-0.02072301419738462,-0.020099375101109568,21.715367561724648,-0.20825410016942603,0.008656278928610133,276.5162594413651,137573.53,0.5683316511981542,-0.8074089604462729,0.014212520600545045
2024-12-02,6742.89,6625.7,6742.89,6625.7,68990.0,1.95%,-0.0009064824448800088,-0.0007654127867362898,25.804781701470258,-0.18054300013902738,0.028335740397035906,89.62467642544728,137044.41999999998,0.45814856192478653,-1.1403114391550746,0.015131055075756749
2024-12-03,6734.21,6771.92,6771.92,6707.13,77250.0,-0.13%,-0.0024024932176257455,-0.0017598363020192287,33.42412513340031,-0.2224141310579768,0.02701198244953171,133.53252891888363,136651.21000000002,0.5872042544585623,-0.8065631352443288,0.01440647410219103
2024-12-04,6729.96,6743.86,6762.88,6701.35,85020.0,-0.06%,-0.004852403165817472,-0.0019860968980163077,42.2871676756544,-0.19516843512805027,0.025103767621455778,57.18774700966426,136127.48,0.4895470274613921,-0.819198926920508,0.01425728991875703
2024-12-05,6690.77,6730.06,6737.23,6683.67,81300.0,-0.58%,-0.01079488680153465,-0.0063830965649406615,34.88445766826676,-0.22150635408402716,0.012286748285816307,132.5399999999936,135692.02000000002,0.5117743672938411,-0.7005550001547975,0.013636169248522834
2024-12-06,6729.14,6692.95,6729.14,6645.28,63600.0,0.57%,-0.004783502183639551,1.0473294402723139e-06,31.666906905406364,-0.2105987295666138,0.01809197586526182,61.87471432734248,135368.35,0.3887634951690269,-0.830855691832117,0.013729922555942704
2024-12-09,6680.57,6729.14,6729.14,6670.23,66090.0,-0.72%,-0.010685315928014343,-0.0056225869817108825,24.74936487557025,-0.24061241727200797,0.010743529070013632,56.90999999998894,135120.31,0.40467485950487136,-0.8390888877868856,0.013762542165010461
2024-12-10,6724.82,6729.05,6742.01,6648.24,101110.0,0.66%,-0.0014833380600194784,0.0015185050965519655,29.74775291876033,-0.15122902536310487,0.017438377138568877,91.15603710042447,134860.87,0.28075246562647804,-0.8131414965325878,0.013282491527073071
2024-12-11,6642.71,6720.93,6724.9,6642.71,75080.0,-1.22%,-0.011365298621068571,-0.008897456056950253,22.933608836511564,-0.1299588779140729,0.00501546245135828,93.4235802441878,134775.58000000002,0.2859013796390503,-0.7864944080429574,0.013189306350499695
2024-12-12,6641.35,6622.33,6667.98,6598.5,132140.0,-0.02%,-0.010107288264469157,-0.007565857504837691,21.52797863678441,-0.03777912903230267,0.006493900128817211,63.96953953641664,134703.96,0.45405513246615864,-0.7783475012044638,0.012032686658271943
2024-12-13,6616.51,6631.61,6633.6,6583.61,77760.0,-0.37%,-0.011352074400737659,-0.009449187382631829,13.114748978653937,-0.06531793062883927,0.004997258343067185,86.77065252650436,134788.22,0.6400888941757037,-0.2952317496936194,0.011330861686752122
2024-12-16,6615.16,6622.51,6633.89,6575.07,89370.0,-0.02%,-0.00952728076201144,-0.008120357176277578,14.427185561343736,-0.08284046390776317,0.006097273489103561,102.74330351006456,134728.08000000002,0.806765866683052,0.20999807624056155,0.01090650294966947
2024-12-17,6501.71,6591.24,6591.24,6462.72,134690.0,-1.72%,-0.024417969181645186,-0.021667594966219297,13.570159705202611,-0.11993557233474728,0.006033063477916385,15.06196330856426,134581.89,0.8679500109886606,0.2703070234770584,0.011333044608742328
2024-12-18,6469.08,6512.49,6520.81,6461.19,71660.0,-0.50%,-0.027547887837068595,-0.022747124722063437,10.436634730700854,-0.20668237465477396,0.0012211372827606569,216.78615595217124,134280.41,0.67264142609439,0.22788270007683753,0.009299536723075416
2024-12-19,6395.6,6439.38,6439.38,6337.83,113640.0,-1.14%,-0.03633534837627036,-0.028825236585176765,9.485814412898085,-0.15542979885625938,0.009115107221241408,17.999999999985448,133773.86,0.7636573824782462,0.387893417602855,0.009020406509288103
2024-12-20,6406.38,6415.82,6476.93,6401.86,111720.0,0.17%,-0.03120234759954227,-0.022629628401599565,10.546379385568835,-0.1781777243753503,0.010816004847084915,104.06678298244327,133306.45,0.6280323359570855,0.3691637586887784,0.008853656405255858
2024-12-23,6534.91,6422.74,6534.91,6382.2,62060.0,2.01%,-0.009633500893658642,-0.0014404893193081239,25.155422025391847,-0.17306530128724917,0.03109581670698014,75.66000000000349,132932.7,0.8574327062069875,0.4736957325546216,0.009828640824512222
2024-12-26,6539.02,6523.56,6539.31,6489.47,38180.0,0.06%,-0.006958084335084357,0.0003993746384719776,37.31176429587517,-0.11382737369839227,0.03174430364967197,42.31305902636138,132617.61,0.7605900882405147,0.39153444058775033,0.009802581681455784
2024-12-27,6528.79,6558.81,6560.34,6472.75,86560.0,-0.16%,-0.006766475687511342,-2.2434923514932708e-05,47.79663773031498,-0.06042616465895977,0.030130186514942817,117.82085089297644,132349.77,0.8274660142955591,0.6900342348835631,0.009284859919680722
2025-01-02,6550.39,6527.84,6550.39,6484.57,45310.0,0.33%,-0.0015410410791859878,0.003754877790433097,49.87134445049244,-0.012006538063211935,0.03353829307507466,29.034760202208613,132175.97,0.70161449033325,0.6870153276769164,0.009124990338733102
2025-01-03,6603.81,6540.32,6627.12,6521.61,61250.0,0.82%,0.007443589555829907,0.01104607858939056,55.21467333036444,0.06294341728786997,0.041967045502956137,72.442730168188,132087.82,0.5138649614678671,0.3031929338690862,0.009297992669722433
2025-01-06,6625.17,6623.23,6661.13,6602.76,49000.0,0.32%,0.011800840378577121,0.012865821366984047,64.21079271393917,0.014196129479439957,0.04533728421241973,63.88971234129014,132077.78,0.33070471621739617,0.8610326009050122,0.008137033436921993
2025-01-07,6545.38,6628.16,6640.99,6545.38,81030.0,-1.20%,0.0006777087547173552,0.0007187982898235734,67.63577078792194,-0.02786130887053635,0.03274780169237739,29.30930568949021,131960.06,0.36063052923914424,0.4547667486245621,0.008514254532303178
2025-01-08,6496.72,6565.29,6566.71,6496.72,70300.0,-0.74%,-0.005190387299908088,-0.005824466870733102,62.082100844419735,-0.06803546362941275,0.025070094969413873,9.376443192303757,131771.23,0.4506521969221179,0.36836140565682784,0.008617750668137315
2025-01-09,6511.57,6501.0,6516.7,6460.6,62720.0,0.23%,-0.0017707344063737462,-0.003164624785288538,55.250409583498985,0.0008358928958384602,0.027413168229504386,56.470000000001164,131537.99000000002,0.3187300580360149,0.3115071806414593,0.0086056252749568
2025-01-10,6496.32,6516.46,6520.29,6473.13,62170.0,-0.23%,-0.0028109250769009536,-0.0049548642025331905,50.63614805650067,-0.03976307538653621,0.025006981884966903,2.2835790196144634,131358.79,0.45296508286561615,0.6180373210618519,0.00844508712906546
2025-01-13,6343.1,6492.87,6492.87,6343.1,82010.0,-2.36%,-0.0246340760475117,-0.025008111446265118,34.797401793999406,-0.0637016405400476,0.0008315148875877764,2.8500000000058208,131125.97,-0.048710570165932214,0.433808456286215,0.009704547380220786
2025-01-14,6299.67,6353.95,6374.72,6290.89,98340.0,-0.68%,-0.02950642094360032,-0.02762562551644013,17.674693115855565,-0.15214821695003147,0.0013956689752959827,176.0225795446187,130788.5,0.11313837741305925,0.6944877605245585,0.009500120140733813
2025-01-15,6330.46,6332.65,6373.07,6309.09,112090.0,0.49%,-0.024063531908722402,-0.019629885810556934,4.896387252408156,-0.12565643365746076,0.006290047990029981,84.82999999999447,130363.35,-0.08261952392993129,0.7893156398084069,0.009417201340212074
2025-01-16,6265.52,6370.58,6419.26,6265.52,121240.0,-1.03%,-0.03257442332886987,-0.02523806398186676,4.353032267358106,-0.21973867051086615,0.0,45.33228217212776,130051.1,0.05203580599770311,0.5825757155748503,0.009563170509410834
2025-01-17,6352.12,6329.43,6352.12,6278.11,67650.0,1.38%,-0.017221723445441053,-0.009209162681243504,10.85930250026304,-0.19454677449976823,0.013821678009167547,59.45746799183625,129675.26999999999,0.010395861180876216,0.04229613617317529,0.010259487815812509
2025-01-20,6349.89,6319.83,6382.25,6316.85,85210.0,-0.04%,-0.015509046565456808,-0.007212696783567874,14.405601476201307,-0.21457196000823103,0.013465761820247942,105.25086528517205,129410.88,0.012541062477299487,0.04384812026472229,0.010258195740463955
2025-01-21,6340.21,6339.24,6368.03,6326.3,70420.0,-0.15%,-0.014952669688369875,-0.006453806781142158,20.698836396113986,-0.20445804764866185,0.011920798273726618,31.53929860026024,129145.61,-0.024103553678233254,0.563227155241778,0.009618222256011095
2025-01-22,6348.34,6335.59,6392.05,6335.59,104140.0,0.13%,-0.011473025621222167,-0.0033449268609276705,20.380340908133423,-0.20305200574144888,0.013218376128397914,12.210000000006403,128984.11,-0.121142249065631,0.6135193590832735,0.009590154740525495
2025-01-23,6378.86,6359.37,6385.73,6319.39,69310.0,0.48%,-0.004229214057952424,0.002352124805818349,22.821297068661835,-0.18338704682699644,0.018089480202760383,62.603088597979735,128863.37,-0.31003540837235277,0.9996253862969517,0.009340081577068109
2025-01-24,6296.2,6367.87,6378.7,6296.2,70440.0,-1.30%,-0.01351428178770467,-0.00835652239573387,19.251759559105903,-0.16987767644006035,0.00489664066190825,77.49314319296063,128846.63,-0.16463190754402737,0.43810656598651265,0.009758239121013914
2025-01-27,6196.88,6320.78,6325.61,6196.88,82040.0,-1.58%,-0.02527406622440358,-0.020180912965093917,12.273506565838142,-0.2624832562537562,0.0,98.29085697045795,128736.45000000001,-0.5167962306583506,-0.0784930434276978,0.008980830721086758
2025-01-28,6153.47,6212.08,6248.31,6153.47,66140.0,-0.70%,-0.028355019099933956,-0.022840301956057695,2.72369741035679,-0.3248708289505338,0.0,136.06000000000495,128398.42000000001,-0.3920001862727767,-0.17810534017795954,0.008997979575807624
2025-01-30,6107.66,6163.02,6163.02,6076.93,138810.0,-0.74%,-0.03117494365994515,-0.02546429674180688,2.3103873451221095,-0.35421560545646164,0.005056829682092695,170.90990637881305,128012.87,-0.29250910928478707,-0.27846141995888685,0.00904471145422081
2025-01-31,5862.59,6122.63,6128.93,5862.59,593880.0,-4.01%,-0.06332338829902028,-0.05569589432810793,2.3103873451221095,-0.5613099245412487,0.0,32.5435626077742,127591.74,-1.1024329243126667,1.6188547873325483,0.012081625421804673
2025-02-03,5883.04,5986.65,5994.04,5883.04,240730.0,0.35%,-0.055094991780522774,-0.04469004287115952,3.5349309107294906,-0.6361369173127843,0.003488219370619439,376.9381721864705,126903.94,-1.1671289419942927,1.8193503863237996,0.01184759726103373
2025-02-04,6089.06,5930.74,6094.0,5930.74,96720.0,3.50%,-0.01963629170725315,-0.008294032659765109,14.785540206346115,-0.5803153037001314,0.03862968414983826,204.61000000000058,126183.17,0.17704213081164297,1.9148279066617668,0.01485775927747496
2025-02-05,6281.08,6102.49,6282.07,6094.66,131900.0,3.15%,0.011854334599237825,0.02142569948079661,39.84467158879291,-0.4809619340680903,0.07138312588804603,146.58724165411724,125647.06,0.25024130541305695,0.9720047422613902,0.016712059829752168
2025-02-06,6241.97,6281.09,6281.09,6206.72,76510.0,-0.62%,0.005826450480695552,0.014307435289479248,62.504840749359374,-0.45247014827363347,0.06471201294990782,25.489597572141268,125382.76000000001,0.24097015275624475,0.9858340811616455,0.016693282571705416
2025-02-07,6154.99,6254.65,6254.65,6154.99,81770.0,-1.39%,-0.005933950623550477,0.0012758997042716532,67.35253724250549,-0.5032140651488157,0.04987556694225583,57.31233647873432,125128.01000000001,0.36080396513920027,0.8886586816938471,0.01687401803413589
2025-02-10,6037.12,6167.57,6188.89,6030.5,79450.0,-1.92%,-0.021439834241561487,-0.014594227207170575,53.281330663946925,-0.5287669200650269,0.029770118667687785,34.629999999990105,124771.43000000001,0.43956721358576506,0.6624585775888101,0.01727038321752388
2025-02-11,5987.75,6059.31,6059.31,5955.73,86520.0,-0.82%,-0.025465417469929197,-0.018773739338722797,37.27634445157959,-0.5079983469472286,0.02134892598663728,111.24829370359738,124312.23000000001,0.44034584819564065,1.0150913577041356,0.01666095926582176
2025-02-12,6044.13,6013.43,6073.83,5957.48,106370.0,0.94%,-0.012798023211860597,-0.007363902589178687,30.434981923905998,-0.454041666385141,0.030965835918936844,69.22000000000116,123956.88,0.2983954079842351,0.7824609697015035,0.016846147179508414
2025-02-13,6113.19,6038.17,6117.27,6022.94,88080.0,1.14%,0.0015860898759295279,0.004182324237064642,35.63223728186955,-0.41059181956772706,0.042745612434094735,103.43750988229617,123701.34000000001,0.2514311800670437,0.6040728737432679,0.017047725281194196
2025-02-14,6061.33,6111.99,6113.45,6061.33,121590.0,-0.85%,-0.0041734798847047365,-0.0034157972086890586,42.06002808192997,-0.41067575761627334,0.033899692797893045,43.926450012304784,123484.07,0.2408123789650138,0.6329726406186773,0.017004880331220225
2025-02-17,5993.48,6070.02,6070.02,5968.53,136460.0,-1.12%,-0.012964696510540068,-0.012552824895160733,40.89367010850216,-0.45372265642078735,0.02232630970270809,91.10783715086265,123279.88,0.43112163454321567,0.9370027373311465,0.016735059670512826
2025-02-18,6094.96,5994.64,6107.62,5994.64,108000.0,1.69%,0.004438841303389404,0.003664656637163385,43.17341477421468,-0.4171435305869973,0.03963606528854992,46.9600000000064,122921.24,0.3157441357478979,0.45756779348144017,0.01730304498862792
2025-02-19,6119.88,6097.77,6142.86,6089.65,101620.0,0.41%,0.008400560374753745,0.006622187484599171,49.31105177839233,-0.39763778007392775,0.04388674630154931,73.87764061200389,122666.31,0.26536241782622044,0.3978912646460171,0.017354979831485644
2025-02-20,6066.63,6126.77,6126.77,6050.29,106200.0,-0.87%,-0.0027685082567391796,-0.002086951149009838,54.24643647880862,-0.3987591608050807,0.0312066550626887,12.360000000000582,122445.98,0.3472272917355869,0.39190868935847867,0.017410474333407772
2025-02-21,6098.04,6070.3,6114.58,6068.99,74640.0,0.52%,-0.00012941593825799505,0.002759359409656174,51.65452752426021,-0.4112590530954165,0.028208958747137827,161.51906362550034,122164.26999999999,0.3440580505790795,0.38453839332979856,0.017418419969748758
2025-02-24,6095.97,6108.02,6114.6,6060.47,76300.0,-0.03%,-0.0005497097335863146,0.002481815636190593,45.5339018164586,-0.37400405105580475,0.023547071475705027,11.470000000001164,121883.45,0.25613846505580995,0.47761949334077247,0.017232123093334
2025-02-25,6064.16,6101.29,6106.34,6030.06,71000.0,-0.52%,-0.003232926634544023,-0.001979859089330608,41.306265079931315,-0.3467494126306323,0.018205996578085356,21.436649500376113,121683.22,0.20606457116478233,0.6719544629629768,0.016930056059080628
2025-02-26,6144.96,6070.59,6144.96,6058.21,98770.0,1.33%,0.011199908223872165,0.009963140507813191,46.53477023818359,-0.2793678175164063,0.031772763372416225,39.348395641497504,121550.5,0.04889986118392643,0.4739783120074321,0.017155888076430204
2025-02-27,6124.09,6151.3,6168.83,6122.05,90750.0,-0.34%,0.008131746594095454,0.005493197157114733,56.279550257208086,-0.3013946157857367,0.028268574968979554,31.478483564544742,121541.98999999999,0.017178471685909375,0.5272232960164329,0.0170862940438064
2025-02-28,5997.97,6143.16,6143.16,5997.97,531860.0,-2.06%,-0.012175063236310815,-0.013557214680385647,51.77805631468875,-0.2840998632155364,0.007092329571689901,27.598847177452743,121558.42,0.7173412554255981,-0.06919898240156153,0.015098360610809202
2025-03-03,6037.19,6045.57,6087.1,6037.19,169250.0,0.65%,-0.006293737371552302,-0.0063507781338123775,43.24809904022208,-0.2630737382988012,0.013379818312440837,41.12884715529828,121693.79999999999,0.6829008128169876,-0.1274952390359041,0.0151375264491303
2025-03-04,6064.11,6040.94,6081.27,6000.54,104340.0,0.45%,-0.00209718468060797,-0.0016721280873195383,35.08493119977137,-0.27490281797275906,0.016013993395358646,76.06254597369346,121847.95,0.5117597726250344,0.006991163235455122,0.012949861978073072
2025-03-05,6121.77,6060.96,6141.6,6057.72,137050.0,0.95%,0.007289690935627016,0.006827720356686091,53.979451924549984,-0.29813591433127357,0.025674663610637912,100.97238929529424,121823.0,-0.11687243467694923,-1.023297054182437,0.01088797159954431
2025-03-06,6219.96,6139.41,6275.34,6135.97,116810.0,1.60%,0.02154154989778076,0.019790161717649364,68.7244684617415,-0.2820611928962977,0.042125950610954505,34.609999999993306,121663.69,-0.21101278782603203,-1.0896938837173036,0.011472550531647929
2025-03-07,6298.29,6237.22,6306.17,6224.2,94750.0,1.26%,0.030720538345849785,0.027925204674050477,85.30851053385841,-0.21727066814962384,0.05065358386825558,12.599999999998545,121641.68,-0.4072522441509903,-0.9130164901251892,0.011323113206386652
2025-03-10,6360.77,6283.09,6360.77,6279.42,101810.0,0.99%,0.037721093544522535,0.03250083975226435,93.14009648826006,-0.14611096979455832,0.06048713147948392,97.66434692237607,121784.98,-0.5217332139390277,-0.6788055463621014,0.010399831548872411
2025-03-11,6206.55,6311.3,6311.34,6156.97,164940.0,-2.42%,0.01153940269935699,0.005791318532011008,84.98742652135265,-0.15168843088610537,0.03477509890846402,180.64615626933227,122108.63,-0.7443399993172788,-0.3840991588299967,0.011807011722506444
2025-03-12,6195.26,6173.74,6195.26,6123.88,121250.0,-0.18%,0.008189671656412935,0.0026724015112138044,70.62385152517457,-0.12437324522254994,0.03289279539577556,12.573101659881896,122327.43,-0.6341149507070339,-0.4315319062924132,0.011695467708940819
2025-03-13,6242.07,6212.1,6271.49,6206.63,108440.0,0.76%,0.014109504216628117,0.008135208117805241,59.71793458287389,-0.15011979387729493,0.04069710251968574,125.27999999999884,122478.56,-0.6345645332681161,-0.3732490089785574,0.01155023896659575
2025-03-14,6294.11,6251.46,6299.7,6236.6,100730.0,0.83%,0.020218299466743923,0.0135087822397265,67.7627710400587,-0.073124167813398,0.04937337132396451,3.6000000000058208,122607.44,-0.8367037156643108,-0.05809803836179217,0.011426872092139708
2025-03-17,6306.19,6313.24,6335.95,6306.19,85820.0,0.19%,0.01932001428418184,0.012479903308352889,77.95479603087084,-0.08098464193953549,0.051387386065618754,91.83379151634588,122840.22,-1.029198173032412,0.5405648674945072,0.011001386131131302
2025-03-18,6284.68,6312.63,6329.74,6284.68,89070.0,-0.34%,0.014207115119118208,0.006913645554483845,81.8697170158029,-0.14950004595180014,0.047801172730107026,83.52999999999884,123152.93,-1.0188681881477861,0.5602279534259131,0.010537609297173962
2025-03-19,6313.12,6268.5,6313.12,6245.24,140600.0,0.45%,0.016581621503244975,0.008959725088530187,83.61631753031965,-0.09819895083618906,0.05254277697287576,102.78597039857961,123342.65,-1.0230828918284767,0.5610820981865543,0.010543516364003486
2025-03-20,6323.13,6315.11,6337.72,6305.53,76910.0,0.16%,0.014399682813244849,0.008132326485577056,85.14805804731941,-0.07270630443288066,0.053760161585457336,49.53651460295529,123535.89000000001,-1.2095058157550227,1.145872461682366,0.010261235320150483
2025-03-21,6266.75,6325.94,6325.94,6266.75,154520.0,-0.89%,0.0027171291828407005,-0.0015651093342983187,83.43905678069221,-0.13691713289423713,0.0443643405426845,41.09660957403866,123792.39000000001,-0.9792998090940753,0.5204236619363658,0.01052109276295872
2025-03-24,6192.02,6266.43,6266.43,6187.49,123830.0,-1.19%,-0.010686374054247398,-0.012259572897532968,69.25574929931695,-0.1842199138090258,0.022170057381325017,0.7400000000052387,123961.1,-0.8072250993970937,-0.05217045276678167,0.010933804601219363
2025-03-25,6159.85,6194.02,6194.02,6106.39,79810.0,-0.52%,-0.016253767991535686,-0.01531673447997939,46.410643636475044,-0.17429453424299357,0.008754763452711018,39.01029786023659,124057.15,-0.8075898096357979,-0.051187099708120076,0.010933140836350165
2025-03-26,6166.05,6162.19,6166.05,6114.36,99840.0,0.10%,-0.014657653268779698,-0.012313630495311789,29.59500808011599,-0.17382784857765657,0.009770093295711517,1.1000000000058208,124152.84,-0.8130259314876719,0.09770689803907606,0.010532478713259187
2025-03-27,6139.51,6180.22,6180.22,6125.52,100850.0,-0.43%,-0.017117426791931224,-0.01407456271168228,19.16293209633881,-0.1607556826883659,0.005423826516157646,22.19000000000233,124173.93,-0.7976314922858603,0.06310336196366517,0.010550846039644877
2025-03-28,6147.44,6142.99,6151.3,6126.6,64349.99999999999,0.13%,-0.013441242008956711,-0.010704201106045183,18.07273520895924,0.06338266333301763,0.006722466137930802,6.7700000000040745,124189.34999999999,-0.9159197330555796,0.970813785567064,0.009349524350471592
2025-03-31,6180.72,6149.19,6180.72,6105.93,111810.0,0.54%,-0.007806592983216565,-0.004270092793702171,21.010459825315092,0.19412745223688968,0.01224874834791751,60.29566902432577,124338.81999999999,-0.9112216980877291,0.9959259648880532,0.009319507044013702
2025-04-02,6247.68,6197.22,6247.68,6170.36,89960.0,1.08%,0.002340043903899233,0.006121190808270697,37.05532708879415,0.20927603380194232,0.023215136760493485,12.709999999991851,124482.35,-0.8985009176491201,0.8077264074878752,0.009542563978580668
2025-04-03,6145.73,6221.02,6221.02,6112.78,68910.0,-1.63%,-0.01292645448999149,-0.00843670235194431,36.863827890187885,0.1687294240906349,0.00651825356661463,48.8386042557001,124665.92000000001,-0.6767942638105235,0.04687641199622039,0.010135894134850498
2025-04-04,6084.19,6111.11,6111.11,6053.74,69310.0,-1.00%,-0.0204514734053797,-0.015357368321492999,29.682598086724397,0.163015390009711,0.005029948428574703,47.96580811112255,124689.88,-0.6642085119597474,-0.11811019091154273,0.009662159073275344
2025-04-07,5822.85,5900.19,5900.19,5804.56,151400.0,-4.30%,-0.05728700002729148,-0.04968777448867384,10.441263626017456,0.07782474154675223,0.003150970960761877,16.593249605872455,124554.11,-1.4949478278998611,2.2768314868102095,0.012954154568851722
2025-04-08,6006.34,5839.06,6006.34,5839.06,97680.0,3.15%,-0.024440056996094313,-0.016094139965763664,17.33304199102401,0.07601115611349085,0.03476232479292138,375.38905544605905,124078.67,-0.5264125685952499,1.8366962202753712,0.014912589200345735
2025-04-10,6077.82,6197.72,6197.72,6067.97,133990.0,1.19%,-0.010127957070305197,-0.0026641886859771653,30.843149023432602,0.05073259626253134,0.04707678101354785,157.55999999999767,123724.23999999999,-0.7416212171676516,2.704118644047017,0.014350904832429517
2025-04-11,6082.44,6048.74,6087.18,5970.08,70220.0,0.08%,-0.00659395732984113,-0.0006473939401281392,47.46532553648808,0.023911716029224636,0.047872706975205556,110.347081793612,123595.51,-0.7686511221835481,2.7266267187165862,0.01435426078623418
2025-04-14,6145.52,6111.6,6145.52,6091.61,62350.0,1.04%,0.005130016813445574,0.009214720418039994,59.457188255502224,0.05098488204594457,0.058740025083727276,173.47000000000116,123482.69,-0.768243194939806,2.6136967545781866,0.014454165526447883
2025-04-15,6186.1,6131.53,6186.1,6128.23,133080.0,0.66%,0.011837054387173371,0.014280934646810068,71.07391492384136,0.07520662812176357,0.06573108039196768,141.9702830720338,123386.14,-0.7643048003270843,2.670920865943428,0.014402351786122156
2025-04-16,6134.62,6175.06,6178.08,6121.26,73520.0,-0.83%,0.003712528929081452,0.005381094527363102,78.13673067129183,0.09920165456268605,0.05686219110492431,136.01095782896365,123278.13,-0.6506463426384553,2.446339832810006,0.014483691603982706
2025-04-21,6138.0,6143.07,6152.38,6120.3,74310.0,0.06%,0.004594865310497143,0.0053622910036586965,78.61226454835408,0.1488790614815492,0.057444491916699904,154.94463770134982,123106.56,-0.6929632827199086,2.4894958878758287,0.014480074118560306
2025-04-22,6145.59,6146.16,6150.24,6112.26,66330.0,0.12%,0.005765617737743844,0.005822070888462476,75.56493350183543,0.10712628676414473,0.05875208456799477,143.58507954509517,122959.88,-0.6678280389646777,2.530248969961357,0.014431666115006927
2025-04-23,6168.48,6148.48,6168.48,6111.71,163210.0,0.37%,0.009263483847805041,0.008289564506012356,78.11202383101637,0.18090843657623434,0.0626955359234807,106.57042906870147,122792.35,-0.6846625697458023,2.5056742976540995,0.01446163562920711
2025-04-24,6158.48,6167.28,6183.87,6146.41,100320.0,-0.16%,0.00788928811238768,0.005633262801882761,79.65261479208031,0.2473932968581591,0.060972752456689074,115.6737632747958,122637.70000000001,-0.7709267194696903,2.755900714055765,0.014346639103288492
2025-04-25,6268.75,6188.12,6294.72,6188.12,266460.0,1.79%,0.025683308730179207,0.020119715124108633,85.5661601210909,0.3489289907189439,0.07996988574500041,157.3421538471335,122529.43,-0.8995263304203298,2.6973608875388395,0.014673081054892269
2025-04-28,6249.5,6293.51,6323.45,6249.5,224520.0,-0.31%,0.02129506372690685,0.013957247307896005,86.77338906885551,0.21727876397327764,0.07665352757142653,112.01187419214212,122606.16,-0.9261605726140244,2.781895272543374,0.014635650680489765
2025-04-29,6252.19,6268.53,6285.98,6223.75,121870.0,0.04%,0.019734919850115183,0.011483515843505019,88.90566446598177,0.1659949370875944,0.0771169563239934,124.24648606701311,122695.81,-0.9200678167433769,2.7741370599794557,0.014635842198842335
2025-04-30,6354.99,6280.28,6375.45,6278.54,183210.0,1.64%,0.03011549769928558,0.023175186359936595,89.40029152211126,0.22678295840269558,0.08835840015344924,139.19262116922576,122781.95,-1.0068485288160203,2.573455465421895,0.014986309305714431
2025-05-02,6411.86,6373.97,6452.63,6370.94,153500.0,0.89%,0.03447678196111891,0.0269817171113845,91.33452821406995,0.20022075914522972,0.07399900838849727,165.79000000000087,122997.43,-1.062834817991788,2.5611683085464856,0.015069309785860926
2025-05-05,6359.63,6418.62,6445.35,6359.63,192090.0,-0.81%,0.0227286642012082,0.015115783138222642,89.48804385876811,0.0720384839857182,0.06525038190443012,9.30906551750028,123261.85,-0.9114925654285632,2.1738022719852337,0.015222156501066031
2025-05-06,6418.69,6368.85,6437.98,6368.85,241080.0,0.93%,0.02825485969031611,0.020191872453531306,87.62579304985702,0.07418849887186975,0.053693522730444,74.47481406628836,123440.76,-0.9093128661421614,2.213401713765249,0.015176300950023319
2025-05-07,6465.45,6458.35,6531.99,6458.35,178790.0,0.73%,0.03196779745789441,0.022787473295741375,85.16464742581536,0.028668200286103524,0.05787905512532496,150.16973353792415,123611.76999999999,-1.1638035335151777,3.263462016772481,0.014628797646762186
2025-05-08,6389.49,6474.7,6516.85,6389.49,139510.0,-1.17%,0.01748424513841206,0.008127558668781374,80.28686302134714,-0.022893346849898296,0.04545045494632431,78.16679765996378,123931.48999999999,-1.1420167514298634,3.114317675580285,0.014712703767378143
2025-05-09,6458.2,6441.35,6487.49,6433.94,185560.0,1.08%,0.024654547350216924,0.015156378702966489,77.56812918371884,0.003958520465623157,0.05669280774120496,239.7220589525868,124236.79,0.576763739550121,0.5222445903062045,0.010168994828160761
2025-05-13,6566.82,6506.22,6566.82,6499.87,153190.0,1.68%,0.03684932081564385,0.026549997728094594,82.84556327527685,0.02291230092949091,0.0744652478602551,45.91897904034442,124872.14,-0.19343237062307722,-0.8479137988452203,0.00857726865348625
2025-05-14,6551.81,6558.56,6591.94,6550.06,215430.0,-0.23%,0.029761657509895706,0.019562953524596985,91.36208157459441,-0.005650103912387377,0.07200930672430471,191.10153087199407,125432.62,-0.0031501958719585125,-0.843364233785155,0.008519912689552973
2025-05-15,6466.86,6537.47,6537.47,6436.0,186020.0,-1.30%,0.013016499889451826,0.0041680750232798896,87.85638641286077,-0.049560612273094135,0.0521361249900348,137.9306847052764,125906.61,-0.0895324843455648,-0.9538774285236125,0.009294928368996069
2025-05-16,6465.53,6459.74,6471.88,6403.03,97680.0,-0.02%,0.009340456604650178,0.002264882020361523,77.42186938382143,-0.043508243663619287,0.04482944739274608,169.7415852424455,126291.03,0.05489868928889548,-0.8595793769370208,0.009159970717043116
2025-05-19,6454.84,6482.87,6482.87,6445.02,142990.0,-0.17%,0.005584990785154731,-0.0004075456157077923,67.79527037935652,-0.10726420605269457,0.03713034745932921,76.55999999999767,126611.04,0.1839525818062423,-0.8334601769769523,0.00915521270927349
2025-05-20,6335.33,6458.27,6458.27,6335.33,160740.0,-1.85%,-0.01397494588484115,-0.017217125189342083,53.92174830498212,-0.1418944144858238,0.017928098011648914,51.66995003675966,126879.78,-0.11638704034618447,-0.584992221349026,0.010013386507943126
2025-05-21,6375.35,6343.8,6375.35,6315.04,116130.0,0.63%,-0.009102984906441545,-0.009989773228930998,41.319677374013004,-0.10711592374505324,0.015419189811644172,8.529999999998836,127080.48999999999,-0.19746399622604777,-0.6114191237913555,0.010062702616646357
2025-05-22,6305.37,6360.38,6360.38,6269.09,126770.0,-1.10%,-0.019439550446024956,-0.018243750215294615,24.144219481586703,-0.12790480363484094,0.0057871238090376345,58.304908724989495,127317.84,-0.09707980942266456,-0.8784237541611453,0.010470400676362871
2025-05-23,6413.1,6335.06,6413.1,6335.06,117840.0,1.71%,-0.0026999836825768292,-0.0011118116076396444,28.911168996266454,-0.1433944185941026,0.022971436045741922,17.14938171929979,127477.62,-0.11308758621479065,-1.0502930906313805,0.01104146377866652
2025-05-26,6389.94,6403.32,6405.31,6373.35,115250.0,-0.36%,-0.0066360356210826395,-0.003880870248842495,31.091838315007,-0.130674712569456,0.01927711996477949,46.14310342441212,127722.23999999999,-0.08926779777123175,-1.081345783529868,0.01108474070473128
2025-05-27,6384.62,6387.32,6399.85,6374.91,162360.0,-0.08%,-0.0070874338264199695,-0.003716070067721474,39.274172732435126,-0.18858926308173907,0.018428511953090438,82.19999999999709,127953.7,-0.025589294474397395,-0.922531031411967,0.010433938856343953
2025-05-28,6425.8,6411.01,6473.82,6411.01,168420.0,0.64%,-0.00024293461458184602,0.0028015049639721194,40.58541118166334,-0.14906438820518103,0.02499724840447338,89.6642819078979,128069.57,-0.15474543358099796,-0.9221397051216966,0.010457141800266712
2025-05-29,6412.81,6452.93,6453.72,6412.81,129040.0,-0.20%,-0.002522487850305712,0.0010774131190438953,42.9466728614941,-0.18618021909137275,0.02292517733833782,21.770000000004075,128245.87,-0.11946634862950573,-0.9492811830286594,0.010483987562444364
2025-05-30,6341.53,6444.92,6456.27,6337.24,512100.0,-1.11%,-0.012329442380000973,-0.008243651952337106,38.49775437509688,-0.3349297358285499,0.011555106083977036,102.95819610758191,128406.48999999999,0.014854126007270126,-0.9629788798893988,0.010199120263762759
2025-06-02,6352.66,6350.37,6367.91,6319.29,150040.0,0.18%,-0.008233124859563285,-0.005091604142950729,30.946259873006085,-0.3193248533372081,0.01333048337158977,116.33123994063386,128393.03,0.08744626614455234,-0.8183481583085248,0.009989508363079673
2025-06-03,6412.86,6366.32,6412.86,6366.32,209400.0,0.95%,0.0027188881418323857,0.00417998774792085,33.96410534824201,-0.20331058071503713,0.02293315297754531,122.46565401997267,128333.83,-0.10860836175299668,-0.8463214672449677,0.010048844533326372
2025-06-04,6378.56,6420.27,6428.89,6378.56,165910.0,-0.53%,-0.0016597296986080128,-0.0008382083614782525,43.553833218762385,-0.28711976449017007,0.01746186448112888,71.92686843053468,128387.06000000001,0.06533698610228757,-0.7609550311135904,0.009904457508798386
2025-06-05,6376.79,6379.14,6401.67,6361.58,166070.0,-0.03%,-0.0009456179059075288,-0.0008572420862573046,51.718435964449064,-0.25770712281444486,0.017179526853179618,33.69727659432383,128346.93000000001,0.16298337235310204,-0.6133640603937671,0.009744030304586489
2025-06-09,6406.13,6386.99,6406.13,6368.96,221660.0,0.46%,0.004198482043335255,0.003251436379074423,56.17422789644072,-0.14854802952968305,0.02185963194020184,65.30406215268845,128258.27,0.008861477608155506,-0.4471980629511334,0.009444698120964394
2025-06-10,6347.67,6403.75,6413.18,6340.24,374120.0,-0.91%,-0.0051029301573307356,-0.005245901463181391,51.899365029678016,-0.21694409923149804,0.012534514578670896,80.97290032727489,128274.91,0.2061403234422429,-0.32413832965029554,0.009317717633505697
2025-06-11,6381.32,6359.53,6384.45,6345.77,211200.0,0.53%,0.00010433323228377219,4.626620529996969e-06,53.379247464139816,-0.2072315063261199,0.017902119765388528,127.16075083592568,128164.38,0.01744862095629407,-0.15855254691962273,0.008489143742837305
2025-06-13,6395.59,6405.76,6422.9,6394.85,309630.0,0.22%,0.001329465715373996,0.0019281766686369303,47.525442280973756,-0.22709577855984842,0.012074141240550788,66.95557482391416,127978.88,-0.0601814845973008,-0.20132009396732942,0.008524384754604692
2025-06-16,6358.58,6375.68,6377.27,6335.98,152750.0,-0.58%,-0.003857668439250117,-0.0032760398094281527,43.20651700213026,-0.20615641189586767,0.0062174706335680055,82.95512117454638,127822.66,-0.05057559135949626,0.11780487101659087,0.00814426425708494
2025-06-17,6369.19,6378.59,6396.94,6364.77,150820.0,0.17%,-0.001963755640970694,-0.0013203780116854836,35.69749131775928,-0.25225322226211344,0.007896456722195,43.48134347454457,127714.38,-0.08408543391525278,0.09382425572638464,0.008162376253541277
2025-06-18,6337.43,6375.54,6386.04,6332.58,141100.0,-0.50%,-0.006415674807148898,-0.005379288089209251,23.15192303544086,-0.26447204012801223,0.0028705756501126436,52.859200704502946,127618.04000000001,-0.02748822241336741,0.012517042408144441,0.0082163143333878
2025-06-19,6357.01,6344.34,6365.97,6320.56,138040.0,0.31%,-0.0025775503756495515,-0.0018605707799049945,23.855717359115868,-0.20239234797056296,0.005969025001226444,50.75725071356856,127500.63,0.3150320997193928,-0.08422834079367814,0.007124135918118513
2025-06-20,6339.77,6358.34,6370.28,6332.5,471120.0,-0.27%,-0.004467608074872587,-0.003865373020385507,18.07559179560762,-0.2820576582668425,0.0032408704142396494,45.88000980819526,127522.31000000001,0.4907744792205627,0.1996222492608748,0.007000778519873675
2025-06-23,6218.28,6300.17,6300.17,6204.04,165910.0,-1.92%,-0.02219340856035324,-0.01987563793819729,16.273688469589676,-0.3008886428583997,0.0022952785604218834,35.82822849841446,127486.73000000001,-0.10826922634944845,0.6578904380894501,0.007848550987849789
2025-06-24,6292.75,6259.62,6331.02,6259.62,133630.0,1.20%,-0.009816916413974553,-0.006746064095681383,20.24572245288824,-0.3297710270663484,0.014298747267909303,110.0446728645273,127399.64000000001,-0.5216553800897483,0.35743943061200767,0.007304639516217728
2025-06-25,6325.64,6307.97,6337.96,6307.97,114630.0,0.52%,-0.0036648597942210348,-0.0009344576427334982,33.28885923949301,-0.32604092128705753,0.019600131527198465,9.970000000001164,127279.29000000001,-0.6522092293015795,0.3503368436980039,0.007400048432133849
2025-06-26,6330.65,6340.99,6345.66,6306.41,179030.0,0.08%,-0.0023379950651082433,0.00024139358947896107,50.461077909978805,-0.30646801844498583,0.0204076698409423,45.06051153726064,127214.99,-0.6844185191490981,0.3716948283445096,0.0074048831230136055
2025-06-27,6408.27,6334.74,6417.24,6334.74,165460.0,1.23%,0.009536586057477488,0.011167912397271815,68.41520883414374,-0.2553901714653479,0.03291887221874786,20.30000000000291,127161.02,-0.5073819899978126,0.1723029067443811,0.007791642547446051
2025-06-30,6364.94,6414.06,6448.02,6364.94,198970.0,-0.68%,0.003175495223360327,0.0039674004997821855,72.37105230650276,-0.26741129195676755,0.02593471350926165,25.7830427610582,127143.48999999999,-0.4215236759146065,-0.0642654201205679,0.007923889275113623
2025-07-01,6423.85,6393.66,6423.85,6372.59,210450.0,0.93%,0.011592711944116332,0.011577578662971414,83.11894674266564,-0.11729197271674166,0.03543013907067014,10.039999999993597,127095.62,-0.6067284002274718,0.3103620602235577,0.007774383643466758
2025-07-02,6419.05,6416.95,6419.05,6385.54,152200.0,-0.07%,0.010408023296342528,0.009363293720730732,81.38918490586651,-0.09335022459373633,0.03465644966828071,92.3599999999933,127177.94,-0.5572504315845324,0.2688770412045849,0.007776202278819736
2025-07-03,6468.98,6401.2,6489.66,6401.2,244830.0,0.78%,0.017427856327499387,0.014745523289605713,90.3263789540643,-0.11196946688970588,0.04270443130605212,25.969999999993888,127244.32999999999,-0.5836577686174494,0.3468154520698623,0.007682307042209318
2025-07-04,6395.57,6469.41,6470.01,6395.57,128870.0,-1.13%,0.005464261193930804,0.0024460653787220757,82.64777186565284,-0.10380851103907598,0.030871819008259093,48.085880316408904,127300.45,-0.5473241091616347,-0.04550174309590682,0.008030449850723142
2025-07-07,6425.24,6403.57,6425.24,6376.99,117910.0,0.46%,0.009493372213742449,0.005742382560287692,79.08759890763949,-0.06539685864015826,0.03565418662677865,56.82391617622557,127317.45999999999,-0.6194778149107867,-0.05671879848046402,0.008091252168551806
2025-07-08,6433.6,6422.83,6447.42,6393.31,124520.0,0.13%,0.009717096619419,0.005607364724360042,74.95856966132162,-0.10840604871994683,0.03700169566927364,105.24699657621716,127365.91,-0.5770183138661795,-0.028410306923344564,0.008034732580018045
2025-07-09,6504.34,6438.62,6508.6,6438.62,143820.0,1.10%,0.019136118672743632,0.013861484028752927,85.47311360056415,0.0008297990113530629,0.04840394323698754,86.05999999999767,127393.38,-0.7450242243526195,0.29259469031040863,0.008059359963801433
2025-07-10,6463.2,6511.92,6536.68,6463.2,147190.0,-0.63%,0.011293067645300789,0.005755861018137721,85.62794555930805,-0.08944225667191139,0.04177278031734158,100.62819279586344,127550.05,-0.545316579546805,-0.03634012378907192,0.00817035978548498
2025-07-11,6459.88,6481.45,6488.15,6450.41,108980.0,-0.05%,0.008051633176527491,0.0038051774933079937,82.93056207595032,-0.0242376649755826,0.03199235736354607,50.119961093358526,127631.93,-0.4949563496654124,-0.0656756968403216,0.00816574301556513
2025-07-14,6525.04,6479.13,6547.8,6476.57,105960.0,1.01%,0.015590186579505432,0.011483592002359499,80.2539000310798,-0.017464203290643306,0.03466790138922146,35.77109447584981,127696.22,-0.6621112018932912,0.043898312612908,0.008289748022342568
2025-07-15,6459.47,6529.94,6537.85,6459.47,113590.0,-1.00%,0.0038908959473406726,0.0006037456513577064,75.41980351788865,-0.018935388367015117,0.024270543780058766,17.818101012784965,127862.68,-0.49246087591577664,-0.45680265318818547,0.008669602332909433
2025-07-16,6337.48,6428.26,6428.26,6309.31,131510.0,-1.89%,-0.01514270735432368,-0.016323301098964474,55.26361802674263,-0.004952695542285206,0.00446483054406887,65.3773138251363,127952.95999999999,-0.5770611374000977,-0.6098660899978245,0.00965395524883047
2025-07-17,6295.55,6347.1,6358.59,6285.41,132660.0,-0.66%,-0.020433072349473825,-0.02000483183359995,26.361351974029137,-0.059488062823019154,0.0016132599146277376,65.37406995456129,127953.01000000001,-0.4279150171489472,-0.7814568221091234,0.009736439276410134
2025-07-18,6303.72,6312.64,6339.86,6290.6,122070.0,0.13%,-0.018494028302517222,-0.016218475905326223,7.551484943044663,0.012565504326627945,0.002913095565762679,28.650659112403353,127891.55,-0.4914101187930139,-0.7354211547017768,0.009728483636666367
2025-07-21,6352.74,6310.1,6355.09,6310.1,101550.0,0.78%,-0.010078596355944656,-0.007127025871080684,12.167638502483682,0.08501822748049633,0.010712109472572184,63.67840949477745,127855.5,-0.5620117006793091,-0.5495246615387552,0.008790283514392946
2025-07-22,6355.69,6365.26,6365.26,6326.26,76350.0,0.05%,-0.008919977055151197,-0.005386552512496947,19.807665434404274,0.10393988320223436,0.011181450374756739,61.04013065172291,127989.95999999999,-0.5473907165682146,-0.4129558655911678,0.008409784223867026
2025-07-23,6462.25,6370.34,6462.25,6370.34,98960.0,1.68%,0.007772092004156584,0.01024879497976208,39.94689838281435,0.1325113627596419,0.028134998353329402,39.65875313665466,128052.9,-0.32728951753300006,-0.5121758714378006,0.009115129243293786
2025-07-24,6444.16,6451.62,6466.1,6436.34,77880.0,-0.28%,0.004407365827395227,0.0067545449423088155,51.560653988337926,0.10823077163149539,0.02525690448196697,98.9811938349282,128189.51,-0.2666519007322957,-0.5793848115973992,0.009156968483467216
2025-07-25,6413.18,6461.85,6461.85,6393.83,88270.0,-0.48%,-0.0002870494809615856,0.0019710315719932863,58.8640319117853,0.04762846064631332,0.020328029515974365,18.2933486092961,128303.01999999999,-0.1273227524094373,-0.45632301593892954,0.008834953706626038
2025-07-28,6379.75,6411.26,6417.43,6340.51,115990.0,-0.52%,-0.004901597601063796,-0.002519039655777382,48.38344957251932,0.1283321125984128,0.015009362953252078,18.81763494916515,128307.93,-0.14324367410608238,-0.39862414401726287,0.008778477212305067
2025-07-29,6325.42,6384.23,6384.23,6316.7,134380.0,-0.85%,-0.011405203961305836,-0.009242399452668157,33.29903324567765,0.006603801644402393,0.006365535422510261,7.614710175293597,128322.73999999999,0.05350847481164089,-0.3682835859214766,0.008707749380524139
2025-07-30,6318.23,6328.78,6333.92,6305.51,64510.00000000001,-0.11%,-0.010928234638480723,-0.008708979764989978,21.236835753395088,-0.0599416350597075,0.005221616410067078,4.3692989052587405,128224.31,0.06037760220883066,-0.3683198947061528,0.00870821190324043
2025-07-31,6252.73,6314.4,6315.49,6222.04,112890.0,-1.04%,-0.018909299492151563,-0.016200807185777735,12.392479774728534,-0.13868691184914542,0.004932465879357831,29.159571406680676,128123.49,0.25870296526401504,-0.3066462176495217,0.008717570135640021
2025-08-01,6306.13,6257.29,6306.13,6245.02,82140.0,0.85%,-0.008096936740575008,-0.006399962041308641,16.185304686921437,-0.045766838700676465,0.013514860078045166,5.639999999999418,127907.24,0.06961659063045328,-0.3667118506166509,0.008688871923726468
2025-08-04,6348.65,6315.54,6348.65,6258.93,95360.0,0.67%,-0.00016401246944749707,0.0004877955507332429,29.308134384428897,-0.05659134007895969,0.02034863163849793,38.421491203568344,127817.8,0.05143188099766352,-0.444096516040565,0.008768857033935172
2025-08-05,6353.63,6355.52,6375.38,6334.82,82300.0,0.08%,0.00043852432235407483,0.001189740864093843,44.140142185794616,-0.08901499272398336,0.02114901222107221,7.209999999999127,127741.20999999999,0.06027047167296898,-0.4376422442478889,0.008763835980372569
2025-08-06,6370.65,6355.89,6412.43,6348.73,106990.0,0.27%,0.002271906672137011,0.0034541643299251935,55.56147395449193,-0.1666252981946769,0.02388444947316309,56.73258677096321,127661.23999999999,0.08232083961559468,-0.12638292895860026,0.00837388879008823
2025-08-07,6364.69,6386.91,6388.58,6310.97,114830.0,-0.09%,0.0006486396647195725,0.0023368676443533258,57.752192083913656,-0.07667923743609266,0.022926564277953795,46.50999999999476,127527.55,-0.0007256752144213902,-0.009636970681073276,0.008279852885154187
2025-08-08,6339.38,6355.32,6377.49,6322.83,97800.0,-0.40%,-0.0031810126721606457,-0.0012047635953424032,55.80594935671542,-0.06945424110443886,0.0188587665781641,20.446008546917536,127429.04000000001,0.0602106830993745,-0.05070782602992896,0.008311128939248149
2025-08-11,6254.36,6340.29,6342.63,6244.77,119860.0,-1.34%,-0.015429219298392582,-0.012416456041324447,39.923242918407944,-0.13402205727519265,0.00519443783710804,68.5,127308.54000000001,0.1903900821110632,0.01136002561085414,0.008335882621373511
2025-08-12,6289.85,6266.76,6299.41,6260.17,154320.0,0.57%,-0.007919148101510011,-0.005503388935871267,29.701712693599955,-0.040127808547761205,0.01089835488039299,104.20690955977913,127037.86000000002,-0.0068401924038254255,0.024942261804589805,0.00828637306573994
2025-08-13,6325.09,6300.36,6340.5,6286.68,217980.0,0.56%,-0.001020738085691823,0.00038412094822518083,27.999438602880517,0.03535600151040133,0.016562092175556598,32.55999999999767,126868.24,0.2691712749736142,-0.16680099086433353,0.0073013408326511806
2025-08-14,6291.85,6346.17,6366.78,6291.85,145410.0,-0.53%,-0.004908585488928488,-0.004039280375370263,35.49473782388191,0.012746139292625022,0.01121979286536255,44.950000000004366,126855.85,0.26681564872137203,-0.10804961109450151,0.007243256703569228
2025-08-15,6315.93,6313.43,6321.17,6266.71,257910.00000000003,0.38%,-0.0003795081858796263,-8.075676020089107e-05,42.671542291355046,0.125119949802297,0.015089906204396038,41.25,126852.15,0.21593572935371114,-0.19326749795676346,0.007289128838610142
2025-08-18,6288.88,6331.01,6336.36,6286.09,85320.0,-0.43%,-0.004249375565836086,-0.0037439466043818286,40.04999787353889,0.05439078992443878,0.010742457457682713,29.040000000000873,126864.35999999999,0.4131834172253172,0.11641131313955455,0.007119424313821446
2025-08-19,6277.67,6288.58,6290.17,6237.51,103120.0,-0.18%,-0.0055681470893303685,-0.004719928135669842,37.880140763695636,0.06025977725478713,0.008940797551928325,34.81999999999971,126800.5,0.46093512770575157,0.1411828918313205,0.007121449002798369
2025-08-20,6277.87,6288.28,6301.5,6270.94,90100.0,0.00%,-0.005819265348432408,-0.00395231456121046,29.133087478544116,-0.0026460753384047637,0.0064705307085679495,43.19999999999709,126722.48,-0.13759274448325642,-0.5954077764458146,0.005842789583545379
2025-08-22,6281.58,6309.24,6309.24,6267.55,86670.0,0.06%,-0.004955415292676822,-0.0026666739247738986,25.828917047003472,0.0010203998788168745,0.007065319334157333,35.66077944618152,126538.1,-0.22336852389733955,-0.5856021583327338,0.00585014815401468
2025-08-26,6145.24,6267.93,6271.75,6145.24,179980.0,-2.17%,-0.02430699639711957,-0.020838983139967883,16.089259852122783,-0.056999594983930424,0.0,16.376959259855653,126375.52,-0.8885708032405001,0.6617068895439662,0.007403303609964651
2025-08-27,6273.34,6197.57,6277.91,6184.23,119540.0,2.08%,-0.0030605116805026583,0.00010306197617044607,24.37926187567851,-0.013870573000079007,0.020845402295109772,102.34928173533936,126107.58,-0.042151712431106485,0.9864488956719035,0.008957506818850734
2025-08-28,6190.19,6279.05,6279.05,6190.19,96840.0,-1.33%,-0.014255211115347527,-0.01099993898348332,22.138502570229736,-0.012911568376445836,0.0073146044743573595,31.76859124878206,126001.17,-0.06054343109269022,0.6808600360021733,0.009230764465469526
2025-08-29,6155.57,6186.63,6207.8,6137.09,101080.0,-0.56%,-0.01743103157337843,-0.013923494719351575,24.700898576885255,-0.02965531952376113,0.0030111991188005328,96.03208021806607,125865.94,0.008040388194327942,0.5931124897366935,0.009286842882081935
2025-09-01,6140.35,6170.68,6170.68,6114.34,60500.0,-0.25%,-0.017631234346390027,-0.013740623153737438,12.154241038556819,-0.016082306533215938,0.004253934194042238,41.284499612675816,125703.28,-0.07075479990451682,0.9384383525181033,0.009044098278231343
2025-09-02,6128.89,6145.26,6145.68,6076.27,101470.0,-0.19%,-0.018056746045823947,-0.013009651067584997,12.03453339887608,-0.02826471032507477,0.008659918008910052,69.85621945930706,125590.9,0.03849366240804939,1.369045931596946,0.008769550174154307
2025-09-03,6082.93,6113.35,6113.35,6065.1,68980.0,-0.75%,-0.02310698272838049,-0.017062343709282855,11.442216062776557,-0.0759873187471292,0.002939770160426032,47.83999999999651,125413.66,0.2301673683590489,1.6168009094977753,0.008652029562607296
2025-09-04,6106.92,6095.15,6115.99,6088.21,78740.0,0.39%,-0.016793662078164774,-0.01063014675285764,12.628526823819263,-0.06215712347933475,0.0068951872186773025,53.448055156381756,125147.94,0.18387409702657012,1.4383632572785219,0.008735899812479315
2025-09-05,6149.13,6131.39,6175.48,6122.9,74650.0,0.69%,-0.00837037688063345,-0.0024536699896754092,16.916755515130166,-0.04891939958538162,0.013854676757184504,66.84999999999854,124901.23000000001,0.1460586099979759,1.1459846173370183,0.008903415106596852
2025-09-08,6101.86,6162.01,6170.24,6101.86,89870.0,-0.77%,-0.013560904208085922,-0.007994059626048463,19.463868223079345,-0.10695317493001906,0.0060609058383207706,103.11134393036912,124679.70999999999,0.24126532698320227,1.0111882694328838,0.008999180920975585
2025-09-09,6122.71,6107.42,6142.33,6100.23,107480.0,0.34%,-0.008287339798748754,-0.0032424469846427254,22.70878345130338,-0.08690339816417647,0.0094986067830703,25.540000000000873,124416.88,0.12269714462374709,0.8666651596034614,0.009068241331153044
2025-09-10,6120.09,6134.37,6151.73,6109.34,106240.0,-0.04%,-0.006901170385922424,-0.0025044283588445252,19.89088406849179,-0.06849186505832389,0.009066627096008273,48.48515339771722,124200.20999999999,0.04484217690546273,1.4550928123228388,0.008640214169004777
2025-09-11,6126.89,6137.72,6138.27,6114.11,103480.0,0.11%,-0.004054887687982482,-0.0006201428518943337,23.810108953878935,-0.10216219839456153,0.010187795749451774,21.695856323360246,124065.94,0.10368544717429297,1.7137790492048532,0.008512630498736462
2025-09-12,6109.21,6133.52,6146.65,6102.01,175490.0,-0.29%,-0.004937331100183333,-0.0025793549909899553,22.816725677998534,-0.19906664896458015,0.007272757250498701,102.95774176653823,123902.98,0.2353024025755057,2.070545167422475,0.008361832801891912
2025-09-15,6057.43,6116.1,6116.1,6036.63,104770.0,-0.85%,-0.012362239506875237,-0.009262720790757717,18.168788508427177,-0.1592014563697813,0.003445631088869151,55.0199999999968,123687.1,0.26174127091873256,1.8687107509097283,0.008464248100974105
2025-09-16,6148.74,6066.73,6158.5,6066.73,121150.0,1.51%,0.003982346350184493,0.005332116046963612,25.14776701394327,-0.22471971786307232,0.018571620258322884,112.58668075127073,123452.68,0.3390511721633002,1.0017000474332596,0.009203486066583501
2025-09-17,6210.66,6167.69,6225.45,6155.22,102460.0,1.01%,0.013850756599298982,0.013549107681983627,48.997825923981004,-0.1576515038422731,0.02882899896134097,122.25000000000728,123285.48999999999,0.1682278292638409,0.5301412311140732,0.009513077221247904
2025-09-18,6233.62,6197.84,6233.62,6186.15,95800.0,0.37%,0.016673572972234364,0.014915265527768874,79.47110920643843,-0.13805059792236976,0.03263244558636189,72.59981007858545,123207.26999999999,0.08268034773345505,0.45514848200423197,0.009555508927460675
2025-09-19,6264.49,6255.79,6287.38,6248.46,178070.0,0.50%,0.02023287306471794,0.01700274180564119,94.34617638452083,-0.12412080959214504,0.03774622595719792,53.38408002391756,123163.22,0.010971755837660723,0.3521983272972391,0.009627802932110394
2025-09-22,6214.83,6256.08,6256.08,6210.69,65920.0,-0.79%,0.011134403903055288,0.007314687001249365,87.31272848122296,-0.13731409898279165,0.029519781732522916,64.26344839797993,123149.84,0.1164641880453313,0.17451527819990265,0.009784503605955782
2025-09-23,6118.54,6222.46,6236.15,6118.54,78190.0,-1.55%,-0.0049434791982631895,-0.007694917899905441,64.86806247922893,-0.09407190022346411,0.013568828965830249,103.04999999999563,123083.09,0.47223337690750944,-0.12786663916353103,0.009153916429456357
2025-09-24,6108.72,6132.32,6149.21,6080.42,62450.0,-0.16%,-0.006561275510844136,-0.008425197216787863,44.160850780990366,-0.15705939905863092,0.011942093519066126,104.53968289601485,123056.39,0.14616198031915448,-0.3911457130733611,0.007701475686223436
2025-09-25,6042.28,6117.29,6120.89,6032.2,92780.0,-1.09%,-0.016145020584421563,-0.016937819150941634,21.78863519168962,-0.14461402721295474,0.0016710321275819648,34.86999999999534,122891.77,0.2133952540241785,-0.35850517624234124,0.0075234929700872906
2025-09-26,6027.12,6067.04,6067.04,5997.75,105220.0,-0.25%,-0.017759666367616597,-0.016966582701920065,14.280142566009259,-0.1279835693475794,0.004896836313617588,37.4068059087669,122743.86,0.16615284913490297,-0.290437145530019,0.007459661551547245
2025-09-29,5997.6,6042.94,6059.09,5984.09,63150.0,-0.49%,-0.02114496791917753,-0.018826210160380902,6.181719819587095,-0.14590592453866105,0.0022576532104296924,15.409999999996217,122615.41,0.20594731605751596,-0.3380177720776856,0.007503971948754387
2025-09-30,5953.46,5991.19,6008.61,5905.35,113330.0,-0.74%,-0.026457832220328464,-0.0223431057895622,9.06275282144264,-0.17526672568378865,0.008146849890353606,72.5316510221655,122472.66,0.2775914505163571,-0.4538673392075605,0.007631079767502528
2025-10-01,6026.03,5951.85,6033.59,5932.35,82720.0,1.22%,-0.013428526957331566,-0.008488830922746679,16.212292187104413,-0.1299245485169563,0.02043570660502754,47.34186672638822,122297.23,0.1404333386458535,-0.6904983979572581,0.008063728171661502
2025-10-02,6039.76,6025.15,6050.55,6008.55,69040.0,0.23%,-0.010376942458201525,-0.004738602379955858,26.455164952141576,-0.12742358044297453,0.022760716976978478,8.809999999990396,122240.32999999999,0.16773750187870448,-0.64285205874025,0.00802459223175373
2025-10-03,6108.86,6063.22,6108.86,6034.48,56240.0,1.14%,0.0003430621613897612,0.006520466353793851,40.01430952193974,-0.10003320080641362,0.034461970924669884,58.349999999998545,122173.17000000001,0.19008241362091768,-0.7678412453225478,0.008304442584397243
2025-10-06,6000.32,6111.15,6129.1,6000.32,84330.0,-1.78%,-0.015721948780667575,-0.009045734567331699,37.77103019832641,-0.09750015668860063,0.016082027314214965,18.07999999999447,122132.9,-0.040710663064118274,-0.7004636183785418,0.009049174198662718
2025-10-07,6083.83,6007.4,6083.83,6007.4,69340.0,1.39%,-0.0005379053094209634,0.005018910355179519,41.616277953738255,-0.06728527803157325,0.030223441455629142,43.616832099386684,122031.35999999999,-0.01246215029963834,-0.892147192248228,0.009594871498450057
2025-10-08,6098.74,6097.06,6138.25,6093.9,98030.0,0.25%,0.0034998115992344717,0.007223829525720458,40.73327574623275,-0.08020459866231372,0.03274827063594866,67.93172839697274,121992.48,-0.05724140626233257,-0.9064353856330412,0.009614024986803615
2025-10-09,6057.4,6105.56,6117.08,6056.65,84960.0,-0.68%,-0.0008705488345614299,0.0008387333450628904,46.897653114207856,-0.1276622860432545,0.02574783882411699,51.93455348893358,121971.13,0.05222700394550959,-0.9872179176910656,0.009721644207718061
2025-10-10,6037.79,6051.23,6071.42,6032.26,75380.0,-0.32%,-0.0020234839366260033,-0.001854078929560686,44.67013032269011,-0.09882136184651931,0.02242712116978665,32.599999999998545,121901.63999999998,0.05731571642091207,-0.990650304155793,0.009726455711505341
2025-10-13,6052.33,6026.11,6078.37,6002.98,73400.0,0.24%,0.001162413699230854,0.0004989469640252788,47.88699980677844,-0.05958743917120501,0.02488929530002448,68.98507894278255,121830.22,-0.08262938696435886,-0.8760253798446476,0.009562343536653424
2025-10-14,6076.22,6054.07,6112.99,6054.07,64410.0,0.39%,0.0055003596852737004,0.003764144450901913,57.89160489447369,-0.12648495028378948,0.02893477947962439,72.47824662305766,121825.12,-0.16317889492352294,-0.7345853095710155,0.008942869044622097
2025-10-15,6094.1,6103.46,6110.73,6071.56,139130.0,0.29%,0.007841843863388726,0.005585609758692511,71.56063507991573,-0.14570697935424584,0.031962542440329526,100.81608262938953,121752.6,-0.1512667945793621,-0.5543799361405988,0.008633832493068525
2025-10-16,6093.67,6104.47,6130.17,6093.67,49260.0,-0.01%,0.006979098587100582,0.004476250229499454,78.42278517246324,-0.23474512566975092,0.03188972711185615,27.657070452604273,121636.04000000001,-0.09540759410042302,-0.495637880287652,0.008568852789772362
2025-10-17,6089.53,6120.45,6120.45,6077.44,54820.0,-0.07%,0.0052042139300033895,0.002954099947960564,80.32775153857166,-0.24836397204371904,0.031188667902833766,88.93951503563831,121496.09,-0.016678561177579217,-0.3771485276716482,0.008451236616174496
2025-10-20,6084.07,6110.68,6141.87,6084.07,52140.0,-0.09%,0.0027586848302943215,0.0014815429115997449,77.45100771612447,-0.24942722337248097,0.025575025074380194,19.869999999995343,121321.13,-0.12142879679390048,-0.20534164013773015,0.008309662812089535
2025-10-21,6093.53,6113.5,6130.98,6078.65,87850.0,0.16%,0.0035204031518589517,0.0024623302623849553,72.4479362098093,-0.2223612004918647,0.01553417151085276,38.95087814116536,121190.37,-0.13078815597145915,0.263571046401875,0.007591222387241706
2025-10-22,6030.87,6087.84,6093.78,6023.81,65540.0,-1.03%,-0.006694959580599073,-0.006946762994277291,53.28171253670845,-0.24801494591817308,0.005091395125593332,33.35510588541777,121165.36,-0.05834602172976905,-0.12802860998249965,0.007918091836498593
2025-10-23,6053.96,6024.51,6055.75,6006.6,74190.0,0.38%,-0.0022475359744667115,-0.002760292155340657,41.77557988932072,-0.16105969517400578,0.008939523225428032,60.55495749465415,121087.51,-0.2209934356729251,0.2501201487693683,0.007590710806504804
2025-10-24,5988.02,6062.35,6069.89,5980.35,191610.0,-1.09%,-0.012972181007242503,-0.011895280171086159,21.408618156945167,-0.23920336932392885,0.0012825336309747878,72.21623472740652,121099.19,-0.1699565961419211,-0.17256030249485255,0.007965931064703663
2025-10-27,5933.76,5996.42,5996.42,5895.02,86600.0,-0.91%,-0.020184824988774438,-0.017976174568143172,19.44570530667423,-0.22390739662616307,0.006571648611879142,56.50012810248128,121060.09,-0.13788582883542005,-0.3629481989841232,0.008144939098435026
2025-10-28,5953.16,5934.39,5961.49,5926.54,63390.0,0.33%,-0.015290575520026923,-0.012524651465633195,14.66504797162086,-0.20558998373462,0.009862561959077223,30.838354385381905,120996.25,-0.3093581231986635,-0.1650202891524022,0.008019836499028803
2025-10-29,5963.77,5961.28,6021.29,5959.02,89280.0,0.18%,-0.012443110029974605,-0.008971149506128007,22.3658091958679,-0.29440637482355386,0.011662386217519194,30.76783225240599,120995.95000000001,-0.3915839972860465,0.1631114690865738,0.007510686965629703
2025-10-30,5929.68,5961.56,5972.45,5905.27,88790.0,-0.57%,-0.016830957450122058,-0.012245454061152284,21.81486732833702,-0.32595747478869513,0.005879539000715833,34.778159902837515,120933.69,-0.24043400519696312,0.010231767047477192,0.007567988053926901
2025-11-03,5828.06,5801.34,5828.97,5761.32,65430.00000000001,-1.71%,-0.031106582878530777,-0.0247732673779975,19.80987047404763,-0.31966915823457737,0.011584150854318229,58.80286639831306,120823.61,-0.34738637904983166,-0.128182323258498,0.007810906815483427
2025-11-04,5867.04,5849.21,5907.13,5849.21,97470.0,0.67%,-0.022197482429840272,-0.014995215915538738,19.78651110859715,-0.2891067053588515,0.01834996146716382,42.270000000004075,120542.81,-0.33220728409480427,0.06721635869491838,0.00715194697562328
2025-11-05,5818.06,5891.23,5891.23,5763.68,85080.0,-0.83%,-0.027163700007572233,-0.019218851328298536,20.076205492051134,-0.33494784565977276,0.009848437510848329,15.548563732374191,120409.53,-0.7067613644518855,-0.4695377985540312,0.006383207132734637
2025-11-06,5835.59,5833.88,5876.3,5828.4,95550.0,0.30%,-0.021215515681851215,-0.013048843308071715,20.735777164630274,-0.32964120080391546,0.012891143001951018,113.64564470919207,120143.76,-0.7042697899442749,-0.48386032474763985,0.006406019058324983
2025-11-07,5759.37,5790.67,5804.82,5722.71,142130.0,-1.31%,-0.03016348295997047,-0.021466657982743484,14.390850511203267,-0.2799805908929966,0.006406055872130486,74.87818440640532,119880.61,-0.655531399314713,-0.7857431310752165,0.006785994329563356
2025-11-10,5702.64,5763.46,5784.34,5702.64,132500.0,-0.99%,-0.03529045279395176,-0.025900626009570528,9.420850949165805,-0.3146843618638428,0.0,95.1164891199871,119582.58,-0.5189320406536434,-1.0712334221885282,0.006982200102037359
2025-11-11,5629.07,5712.17,5712.17,5613.41,148520.0,-1.29%,-0.042361657515428114,-0.03224799489229385,4.002016882988355,-0.3683085515268139,0.0027897481210173236,124.34020806210954,119247.43000000001,-0.3104263467335058,-1.3179304235244664,0.007213286853071742
2025-11-12,5714.02,5646.35,5721.44,5646.35,79490.0,1.51%,-0.024152375933502716,-0.013935173774149871,8.433461055863384,-0.32313800476004195,0.01792315188094235,223.12247641215424,118824.17000000001,0.177158621635723,-0.6062969712982222,0.008190653710089727
2025-11-13,5726.99,5704.37,5768.91,5690.69,102220.0,0.23%,-0.01802062309711917,-0.008767257796277971,16.72736221254055,-0.34488016307902386,0.020233690394964903,64.44999999999709,118461.97,0.18505737456108698,-0.5804613399902183,0.008166151178495744
2025-11-14,5584.35,5726.39,5769.81,5584.35,91410.0,-2.49%,-0.03772095361272652,-0.027897858084170987,15.640699848113142,-0.3594594425581286,0.0,78.57494678341398,118094.86,-0.13902583967523632,-0.2805258787676772,0.009470272836157267
2025-11-17,5779.12,5616.1,5795.85,5616.1,121220.0,3.49%,-0.0022596857946611012,0.006570794598066828,23.152539261069837,-0.28471803905299836,0.034877828216354545,196.78732352821834,117585.54000000001,1.0297385764111506,1.8001923283038765,0.012903388558159276
2025-11-18,5756.66,5803.82,5809.51,5723.74,110920.0,-0.39%,-0.003723124536896301,0.0034872821349307024,28.003844921499496,-0.26337198902007003,0.030855874005031828,94.65592551405032,117275.13,1.0658680154303137,1.8539667645671871,0.012900740020011214
2025-11-19,5813.71,5756.4,5821.48,5756.4,123900.0,0.99%,0.008020126730832917,0.01259573211916409,47.70323511303089,-0.19442667547819398,0.04107192421678434,115.82952908883561,116947.72,0.9478271527189508,1.374765621543256,0.013177532116988659
2025-11-20,5930.81,5805.91,5934.87,5769.55,153430.0,2.01%,0.028309321053101476,0.029087494846589502,65.79183729925414,-0.09396793641767778,0.06204124025177505,56.16000000000349,116667.9,0.6983971780108079,0.4716479975139971,0.013937532689709714
2025-11-21,5997.13,5893.31,5997.13,5853.78,132700.0,1.12%,0.03763550095310416,0.03509684439111009,85.97996381548064,-0.06244055966845153,0.07391728670301821,43.89999999999418,116567.84,0.6165362206863101,0.21611852274656584,0.014159747939966896
2025-11-24,6021.59,5987.94,6021.59,5918.51,193970.0,0.41%,0.03988140489022267,0.03356301492964436,99.6139069572826,0.09767773394010903,0.07829738465533137,12.930000000007567,116511.01,0.5018223333599756,0.24967033779382586,0.013969030552909463
2025-11-25,5976.17,6016.92,6066.18,5976.17,153650.0,-0.75%,0.03002884993478787,0.021430266415645202,93.77304581837302,0.03613326151019062,0.07016394029743832,46.50000000001455,116544.58,0.4973333535544591,0.27933753147841056,0.013919095503388351
2025-11-26,6004.7,5997.72,6012.43,5960.43,122360.0,0.48%,0.03279595038252943,0.021586201246746508,89.51981680952478,0.057883057308048706,0.075272860762667,4.0900000000110595,116586.99,0.4797399777962042,0.25007185783758157,0.0139391992236229
2025-11-27,5969.13,6005.45,6005.45,5929.67,65290.00000000001,-0.59%,0.02403901473529714,0.01197405100223952,82.8058305488104,0.0924677199390129,0.06890327432915196,55.63000000000466,116638.53,0.5519918310013312,0.2458908114718752,0.014008886157700047
2025-11-28,6022.24,5986.5,6043.99,5973.34,121660.0,0.89%,0.029119925630165536,0.016537826638039436,85.99298507772444,0.12153226886193856,0.07841378137115321,50.2699999999968,116643.89000000001,0.4019215439545179,0.0952005889989107,0.014068473157002562
2025-12-01,5989.29,6052.5,6110.92,5989.29,209950.0,-0.55%,0.019008722149393403,0.007858041763876587,82.54669961872732,0.004281232568697759,0.07251336323833563,56.296972452091026,116736.45000000001,0.4427166809986323,0.3736790141444315,0.013513526508689543
2025-12-02,5994.4,6006.33,6006.33,5972.6,65040.00000000001,0.09%,0.016414810451093248,0.006080581394155674,81.88464850549327,0.02738646266583552,0.07342842049656616,18.400000000001455,116897.68,0.5118344286314832,0.47162488454165485,0.013457390165218814
2025-12-03,5905.84,6004.54,6004.54,5905.84,98110.0,-1.48%,-0.0007659664362159751,-0.00896595829777228,71.9423185268182,-0.00748878357900241,0.05756981564550928,92.19941250356518,117025.04000000001,0.4837576113309909,0.2971122049740105,0.013769411975705814
2025-12-04,5887.58,5915.62,5922.32,5881.72,89320.0,-0.31%,-0.007492621468669382,-0.011526126319644262,64.59663137252487,-0.006153276041594075,0.04833959509267989,21.18000000000029,117112.82,0.5486762496436576,0.3280489984393067,0.013786329449208297
2025-12-05,5949.22,5905.26,5955.46,5888.44,70010.0,1.05%,0.0008484895240203137,-0.001561588191132507,58.05149513213372,0.023919902837403594,0.03939382291997898,73.17000000000553,117164.81,0.3835842076564896,0.3241174506396236,0.013567418889510283
2025-12-09,5976.64,5963.75,5976.64,5922.73,111860.0,0.46%,0.0028105747410217654,0.002312108206300215,58.40810293118512,0.1274508122950274,0.03826002362587741,67.11903279254946,117354.66,0.27558112331611756,0.4862452413524738,0.013301643961547625
2025-12-10,5959.94,5991.1,5991.1,5927.97,87830.0,-0.28%,-0.0017409888989227613,-0.0004896978966470757,58.71074760143384,0.1753089395427422,0.03299910738272472,133.3282887637941,117628.66,0.2707510720804136,0.8102792085400847,0.012873528103528547
2025-12-11,5990.0,5973.44,6011.68,5965.45,187220.0,0.50%,0.0025839311356589565,0.0041099620065034054,56.95693223441435,0.14585553390452433,0.023270433805165254,80.80088307787429,117959.53,0.3656011998976377,1.1977330685181489,0.012566694985108519
2025-12-12,6036.72,6000.49,6062.59,5993.24,134110.0,0.78%,0.009925736818243401,0.010537766349120334,58.79129641695462,0.1608915813458781,0.026352835565106803,102.43000000000757,118235.51,0.2973991457519863,1.0946547373329274,0.012623555159661902
2025-12-15,6058.02,6033.45,6093.83,6031.61,122010.0,0.35%,0.013048153789977653,0.012281606204196905,65.84042695814077,0.18839296918596174,0.029974225226634416,113.83793959062614,118545.24,0.962862808221692,1.6021888443555081,0.010821908313255288
2025-12-16,6055.68,6065.74,6112.2,6053.27,148320.0,-0.04%,0.011696026463196797,0.010187115960700528,73.3411708856991,0.09247694727674331,0.029576382418748264,60.270055200088706,119018.91,0.011072041791882403,-0.07968395594705813,0.008072820636391745
2025-12-17,6079.02,6082.21,6111.95,6065.57,106850.0,0.39%,0.014695425456269251,0.011979462383587004,79.33364752195858,0.0849787010582169,0.03354460939997147,10.190000000002328,119295.47,-0.11173281482880985,0.10433464435495488,0.007941526715199569
2025-12-18,6031.48,6075.66,6080.01,6020.66,73920.0,-0.78%,0.006012313895563651,0.0031636530723757523,75.35288672914507,0.028991398632499946,0.025461939704712108,127.74643517531096,119617.83,0.07494690794508085,-0.030593456626810678,0.00808934863757925
2025-12-19,5920.87,6050.36,6068.38,5920.87,126590.0,-1.83%,-0.011242600021232264,-0.013602103765139753,55.85589494388523,-0.08324804186651263,0.0066562162088640115,38.82855188742353,119835.6,-0.6418742912636498,-0.30443438542010526,0.008091283774557981
2025-12-22,6041.26,5951.74,6041.26,5951.74,69700.0,2.03%,0.008236946346779609,0.0052694960490228425,50.39482818465806,-0.11219260670430016,0.027124718619723476,43.463175850322436,119825.66,-0.10050081693650678,0.12954490786011919,0.008970945439999961
2025-12-23,6041.91,6058.1,6063.82,5988.67,69670.0,0.01%,0.007774663432703874,0.004263477856389337,51.903274326044205,-0.1922788180530604,0.027235230510802892,1.8356491600745173,119869.79000000001,-0.03722622225189219,0.1803678462063889,0.00892920397730976
2025-12-26,6065.64,6058.6,6077.46,6048.33,43290.0,0.39%,0.009810214714537229,0.006638521747847009,72.84073816961715,-0.1260604962928248,0.03126976462667384,19.421616958731093,119890.11000000002,-0.19944826395912482,0.4086855859705736,0.00877227113373993
2025-12-29,6052.92,6073.9,6100.71,6052.92,83760.0,-0.21%,0.005715213462439412,0.0035015057339910717,74.26959570283887,-0.20982472190274348,0.02793269524695853,28.819999999992433,119979.58,-0.08757061429458285,0.4303268630907988,0.008742110021947648
