Date,Close,Open,High,Low,Volume,Change %
2016-01-04,6833.42,6954.27,6957.24,6833.42,51490.0,-1.71%
2016-01-05,6835.13,6823.92,6863.75,6785.72,86200.0,0.03%
2016-01-06,6813.9,6846.99,6870.56,6813.9,94120.0,-0.31%
2016-01-07,6618.88,6823.37,6823.37,6618.88,136630.0,-2.86%
2016-01-08,6575.43,6588.08,6651.0,6555.45,137450.0,-0.66%
2016-01-11,6288.26,6523.28,6523.28,6288.26,193640.0,-4.37%
2016-01-12,6330.55,6322.87,6433.75,6322.87,119010.0,0.67%
2016-01-13,6494.13,6371.94,6506.91,6371.94,195310.0,2.58%
2016-01-14,6408.76,6395.87,6433.7,6346.0,134470.0,-1.31%
2016-01-15,6449.5,6462.07,6510.4,6449.5,109580.0,0.64%
2016-01-18,6335.09,6327.7,6348.37,6276.1,183620.0,-1.77%
2016-01-19,6357.05,6348.03,6376.25,6311.66,112460.0,0.35%
2016-01-20,6259.61,6348.62,6374.5,6253.88,218440.0,-1.53%
2016-01-21,6084.28,6212.41,6213.88,6084.28,234020.0,-2.80%
2016-01-22,6208.05,6116.32,6208.05,6116.15,291970.0,2.03%
2016-01-25,6434.08,6299.6,6434.08,6287.25,209650.0,3.64%
2016-01-26,6311.6,6317.24,6362.67,6258.88,158160.0,-1.90%
2016-01-27,6507.22,6344.06,6507.22,6344.06,215470.0,3.10%
2016-01-28,6563.38,6495.57,6564.66,6447.61,250420.0,0.86%
2016-01-29,6687.62,6590.07,6687.62,6589.29,247450.0,1.89%
2016-02-01,6701.36,6705.52,6736.87,6650.97,185650.0,0.21%
2016-02-02,6642.45,6619.68,6653.12,6619.68,141970.0,-0.88%
2016-02-03,6521.48,6604.29,6604.29,6521.2,150470.0,-1.82%
2016-02-04,6652.83,6553.63,6652.83,6553.63,182010.0,2.01%
2016-02-05,6765.13,6664.18,6769.08,6664.18,218650.0,1.69%
2016-02-09,6637.43,6723.2,6723.2,6637.43,111610.0,-1.89%
2016-02-10,6637.48,6609.79,6637.48,6550.12,83880.0,0.00%
2016-02-11,6663.43,6633.28,6674.7,6610.89,111770.0,0.39%
2016-02-12,6654.45,6623.96,6677.48,6607.46,147750.0,-0.13%
2016-02-15,6692.58,6684.54,6711.74,6680.62,158350.0,0.57%
2016-02-16,6743.95,6718.05,6777.43,6718.05,240580.0,0.77%
2016-02-17,6756.82,6776.63,6779.3,6727.93,127790.0,0.19%
2016-02-18,6848.87,6781.47,6848.87,6778.93,196790.0,1.36%
2016-02-19,6792.06,6844.96,6844.96,6789.1,184280.0,-0.83%
2016-02-22,6783.08,6792.54,6799.32,6773.83,104910.0,-0.13%
2016-02-23,6819.34,6795.73,6829.12,6795.73,130139.99999999999,0.53%
2016-02-24,6769.26,6812.41,6812.41,6713.81,102790.0,-0.73%
2016-02-26,6771.3,6731.4,6773.03,6728.65,119620.0,0.03%
2016-02-29,6671.04,6777.05,6818.04,6671.04,131970.0,-1.48%
2016-03-01,6729.53,6670.75,6731.33,6661.68,115250.0,0.88%
2016-03-02,6882.45,6781.43,6882.45,6781.43,244770.0,2.27%
2016-03-03,6963.44,6886.28,6988.68,6883.94,314810.0,1.18%
2016-03-04,6899.07,6973.9,6987.22,6899.07,130220.0,-0.92%
2016-03-07,6892.69,6949.2,6955.91,6871.83,117550.0,-0.09%
2016-03-08,6915.51,6897.25,6915.51,6840.05,96370.0,0.33%
2016-03-09,6948.18,6914.33,6951.04,6889.63,174860.0,0.47%
2016-03-10,7048.08,6938.11,7052.25,6936.54,142970.0,1.44%
2016-03-11,7098.64,7002.06,7119.86,7002.06,173360.0,0.72%
2016-03-14,7112.89,7161.09,7204.61,7112.89,137570.0,0.20%
2016-03-15,7148.26,7140.65,7207.93,7140.23,145030.0,0.50%
2016-03-16,7065.39,7146.76,7156.28,7065.39,131220.0,-1.16%
2016-03-17,7210.9,7114.31,7210.9,7110.27,122710.0,2.06%
2016-03-18,7306.74,7229.73,7318.49,7227.14,188060.0,1.33%
2016-03-21,7376.41,7346.76,7412.33,7346.76,166100.0,0.95%
2016-03-22,7342.03,7372.66,7383.3,7295.67,161420.0,-0.47%
2016-03-23,7360.05,7307.48,7360.05,7262.69,108720.0,0.25%
2016-03-28,7334.52,7355.59,7359.23,7303.73,80780.0,-0.35%
2016-03-29,7274.4,7323.93,7339.08,7264.69,110960.0,-0.82%
2016-03-30,7299.23,7299.44,7362.6,7293.63,198830.0,0.34%
2016-03-31,7262.3,7329.63,7357.96,7229.0,144590.0,-0.51%
2016-04-01,7245.13,7273.88,7285.63,7205.62,84460.0,-0.24%
2016-04-04,7254.53,7245.7,7302.62,7235.9,76580.0,0.13%
2016-04-05,7219.23,7269.5,7269.83,7215.94,94200.0,-0.49%
2016-04-06,7180.55,7223.08,7223.08,7171.13,127330.0,-0.54%
2016-04-07,7232.97,7204.36,7239.22,7199.96,93800.0,0.73%
2016-04-08,7247.2,7217.38,7247.2,7189.09,107510.0,0.20%
2016-04-11,7291.43,7252.01,7291.43,7252.01,75100.0,0.61%
2016-04-12,7306.56,7295.12,7306.56,7276.52,103940.0,0.21%
2016-04-13,7341.0,7324.02,7343.29,7318.37,186010.0,0.47%
2016-04-14,7357.28,7340.53,7374.96,7338.41,182350.0,0.22%
2016-04-15,7321.3,7360.83,7363.04,7303.29,78240.0,-0.49%
2016-04-18,7243.4,7313.58,7313.58,7235.79,80440.0,-1.06%
2016-04-19,7215.09,7244.69,7264.49,7183.28,111100.0,-0.39%
2016-04-20,7201.37,7212.41,7229.7,7189.53,108340.0,-0.19%
2016-04-21,7257.85,7212.66,7257.85,7194.08,121820.0,0.78%
2016-04-22,7255.39,7253.3,7272.42,7235.03,111190.0,-0.03%
2016-04-25,7250.13,7260.04,7267.44,7227.25,90230.0,-0.07%
2016-04-26,7211.92,7245.63,7249.86,7202.0,103600.0,-0.53%
2016-04-27,7180.53,7192.07,7201.0,7137.78,129110.00000000001,-0.44%
2016-04-28,7162.56,7199.98,7220.66,7158.63,111450.0,-0.25%
2016-04-29,7159.29,7162.49,7162.49,7122.76,106330.0,-0.05%
2016-05-02,7053.88,7106.35,7124.26,6980.18,129669.99999999999,-1.47%
2016-05-03,7046.57,7064.46,7098.48,7046.57,122300.0,-0.10%
2016-05-04,7081.86,7049.64,7081.86,6982.32,83910.0,0.50%
2016-05-05,6999.75,7007.63,7011.28,6986.86,108420.0,-1.16%
2016-05-06,6991.87,6976.36,7003.03,6961.65,137120.0,-0.11%
2016-05-10,7174.88,6966.35,7174.88,6941.42,235050.0,2.62%
2016-05-11,7396.52,7227.55,7423.52,7227.55,299830.0,3.09%
2016-05-12,7325.04,7399.79,7399.79,7310.1,161400.0,-0.97%
2016-05-13,7436.79,7368.93,7517.95,7352.03,278440.0,1.53%
2016-05-16,7511.74,7382.43,7527.11,7382.43,184350.0,1.01%
2016-05-17,7524.84,7525.61,7568.82,7513.4,218750.0,0.17%
2016-05-18,7534.3,7531.58,7542.83,7487.68,199180.0,0.13%
2016-05-19,7427.33,7539.25,7539.25,7427.33,126310.0,-1.42%
2016-05-20,7299.03,7390.91,7395.6,7295.28,114060.0,-1.73%
2016-05-23,7306.69,7320.65,7351.07,7306.69,97150.0,0.10%
2016-05-24,7356.72,7309.03,7363.96,7304.56,125050.0,0.68%
2016-05-25,7463.95,7396.0,7466.72,7396.0,172620.0,1.46%
2016-05-26,7376.38,7438.89,7454.51,7354.17,116640.0,-1.17%
2016-05-27,7411.68,7393.87,7430.93,7373.96,157300.0,0.48%
2016-05-30,7464.34,7409.01,7465.23,7409.01,119970.0,0.71%
2016-05-31,7401.6,7478.89,7519.17,7401.6,212770.0,-0.84%
2016-06-01,7500.79,7447.27,7507.47,7434.55,130150.0,1.34%
2016-06-02,7464.59,7506.78,7553.6,7464.59,143180.0,-0.48%
2016-06-03,7514.22,7511.71,7533.48,7497.53,133080.0,0.66%
2016-06-06,7598.22,7549.87,7606.85,7535.51,142870.0,1.12%
2016-06-07,7710.54,7645.35,7744.54,7634.38,272590.0,1.48%
2016-06-08,7722.79,7724.26,7792.34,7722.79,195880.0,0.16%
2016-06-09,7536.65,7725.55,7725.55,7536.65,109120.0,-2.41%
2016-06-10,7509.94,7567.74,7616.94,7509.94,155460.0,-0.35%
2016-06-13,7554.4,7510.31,7554.4,7407.22,165980.0,0.59%
2016-06-14,7460.12,7516.68,7516.68,7414.37,109170.0,-1.25%
2016-06-15,7501.65,7455.11,7521.6,7451.56,121280.0,0.56%
2016-06-16,7564.47,7516.08,7576.82,7513.42,120330.0,0.84%
2016-06-17,7622.07,7607.95,7656.33,7607.95,127340.0,0.76%
2016-06-20,7665.33,7632.1,7678.08,7624.08,152210.0,0.57%
2016-06-21,7767.23,7701.9,7781.17,7700.69,214870.0,1.33%
2016-06-22,7756.37,7767.44,7777.6,7756.37,166990.0,-0.14%
2016-06-23,7729.78,7761.38,7763.05,7711.56,143660.0,-0.34%
2016-06-24,7629.72,7771.75,7813.58,7538.18,223290.0,-1.29%
2016-06-27,7715.9,7571.33,7715.9,7488.51,157600.0,1.13%
2016-06-28,7666.69,7711.88,7711.88,7651.34,96760.0,-0.64%
2016-06-29,7798.53,7715.4,7798.53,7714.18,144240.0,1.72%
2016-06-30,7796.25,7819.14,7980.75,7768.44,307910.0,-0.03%
2016-07-01,7830.35,7811.2,7878.52,7811.2,141740.0,0.44%
2016-07-04,7846.54,7856.67,7879.66,7832.13,122410.0,0.21%
2016-07-05,7808.13,7872.96,7910.88,7797.94,200050.0,-0.49%
2016-07-07,7753.46,7816.26,7818.67,7748.87,138200.0,-0.70%
2016-07-08,7771.52,7752.62,7774.39,7752.02,183310.0,0.23%
2016-07-11,7865.27,7830.5,7890.56,7827.51,200350.0,1.21%
2016-07-12,7937.95,7881.54,7937.95,7880.31,239190.0,0.92%
2016-07-13,7944.02,7951.05,8005.73,7944.02,314860.0,0.08%
2016-07-14,7956.14,7953.39,7964.07,7905.88,146080.0,0.15%
2016-07-15,8030.06,7968.63,8037.41,7968.63,185620.0,0.93%
2016-07-18,7986.25,8024.48,8024.48,7969.35,86070.0,-0.55%
2016-07-19,8036.01,8001.12,8036.01,7999.07,144740.0,0.62%
2016-07-20,8051.97,8034.76,8051.97,8023.28,113440.0,0.20%
2016-07-21,8102.3,8050.26,8102.3,8023.31,170220.0,0.63%
2016-07-22,8025.35,8103.45,8118.44,8025.35,140410.0,-0.95%
2016-07-25,8049.13,8065.54,8114.34,8038.11,152700.0,0.30%
2016-07-26,8024.54,8061.96,8092.96,8024.54,172320.0,-0.31%
2016-07-27,8100.48,8046.07,8100.48,8044.92,177460.0,0.95%
2016-07-28,8024.98,8107.23,8107.23,7977.29,141700.0,-0.93%
2016-07-29,7963.11,8021.22,8064.01,7963.11,131580.0,-0.77%
2016-08-01,8069.81,8006.72,8078.98,8006.72,98480.0,1.34%
2016-08-02,8037.78,8075.13,8075.13,8010.63,140060.0,-0.40%
2016-08-03,7888.44,8027.27,8027.27,7848.73,145600.0,-1.86%
2016-08-04,7978.57,7909.11,7978.57,7907.44,110310.0,1.14%
2016-08-05,7970.35,7986.32,7987.17,7955.67,80070.0,-0.10%
2016-08-08,7993.58,7990.15,7993.58,7957.04,129430.0,0.29%
2016-08-09,8055.06,8012.76,8064.02,8006.94,193320.0,0.77%
2016-08-10,8051.4,8053.42,8059.03,8019.64,164310.0,-0.05%
2016-08-11,7981.35,8058.88,8058.88,7970.97,215940.0,-0.87%
2016-08-12,7955.86,8020.84,8030.94,7932.88,186510.0,-0.32%
2016-08-15,7960.17,7949.64,7960.17,7894.56,160500.0,0.05%
2016-08-16,7983.38,7969.23,7983.38,7944.39,170970.0,0.29%
2016-08-17,7946.19,7999.81,8002.28,7930.39,193900.0,-0.47%
2016-08-18,7952.81,7948.3,7993.96,7936.3,128650.0,0.08%
2016-08-19,7930.75,7959.5,7964.86,7916.67,172210.0,-0.28%
2016-08-22,7981.21,7938.61,7981.21,7934.98,111000.0,0.64%
2016-08-23,7935.18,7963.1,7966.33,7912.95,120920.0,-0.58%
2016-08-24,7866.13,7938.7,7938.7,7830.41,167740.0,-0.87%
2016-08-25,7854.54,7870.43,7870.43,7839.6,145520.0,-0.15%
2016-08-26,7845.49,7849.61,7849.61,7804.28,201760.0,-0.12%
2016-08-30,7794.93,7863.15,7863.15,7719.14,243560.0,-0.64%
2016-08-31,7787.37,7770.79,7802.81,7707.38,230500.0,-0.10%
2016-09-01,7773.31,7775.78,7780.39,7646.3,231920.0,-0.18%
2016-09-02,7807.42,7769.92,7829.7,7769.92,126420.0,0.44%
2016-09-05,7764.05,7780.14,7807.93,7747.06,96910.0,-0.56%
2016-09-06,7719.18,7769.69,7771.75,7697.41,131890.0,-0.58%
2016-09-07,7619.1,7723.14,7723.14,7597.32,304270.0,-1.30%
2016-09-08,7667.07,7588.78,7667.62,7536.07,203060.0,0.63%
2016-09-09,7581.79,7678.75,7678.9,7581.79,117150.0,-1.11%
2016-09-13,7550.27,7569.99,7571.01,7527.76,142740.0,-0.42%
2016-09-14,7546.01,7526.3,7546.01,7493.64,175120.0,-0.06%
2016-09-15,7708.42,7537.14,7708.42,7510.62,117560.0,2.15%
2016-09-16,7553.76,7683.67,7683.67,7549.32,181650.0,-2.01%
2016-09-19,7575.84,7570.64,7576.84,7519.81,89010.0,0.29%
2016-09-20,7671.72,7590.19,7671.72,7590.19,112370.0,1.27%
2016-09-21,7675.42,7686.26,7686.26,7632.25,126890.0,0.05%
2016-09-22,7762.35,7714.05,7770.37,7712.29,137710.0,1.13%
2016-09-23,7723.6,7768.31,7781.93,7692.99,119530.0,-0.50%
2016-09-26,7632.46,7715.32,7715.32,7615.45,93860.0,-1.18%
2016-09-27,7557.34,7627.0,7627.0,7538.0,125920.0,-0.98%
2016-09-28,7586.96,7559.3,7603.81,7554.94,86370.0,0.39%
2016-09-29,7714.86,7611.04,7714.86,7605.42,192370.0,1.69%
2016-09-30,7629.73,7709.77,7709.77,7629.73,105390.0,-1.10%
2016-10-03,7677.73,7643.34,7677.73,7643.34,80560.0,0.63%
2016-10-04,7719.24,7670.22,7719.24,7666.4,100280.0,0.54%
2016-10-05,7639.79,7706.66,7706.66,7607.08,82550.0,-1.03%
2016-10-06,7620.16,7635.75,7642.71,7609.01,88740.0,-0.26%
2016-10-07,7578.29,7621.57,7628.85,7550.89,152140.0,-0.55%
2016-10-10,7534.71,7584.46,7586.36,7523.97,52640.0,-0.58%
2016-10-11,7520.82,7529.18,7566.01,7510.25,106920.0,-0.18%
2016-10-12,7429.82,7494.65,7495.49,7393.51,139760.0,-1.21%
2016-10-13,7312.18,7381.58,7393.86,7312.18,205100.0,-1.58%
2016-10-14,7389.3,7321.71,7403.81,7321.71,152610.0,1.05%
2016-10-17,7358.21,7378.76,7426.56,7358.21,115070.0,-0.42%
2016-10-18,7571.15,7361.94,7571.15,7357.15,142860.0,2.89%
2016-10-19,7721.57,7578.96,7721.57,7576.35,183850.0,1.99%
2016-10-20,7713.32,7705.46,7720.03,7656.99,110540.0,-0.11%
2016-10-21,7650.22,7714.18,7714.18,7645.4,72060.0,-0.82%
2016-10-24,7609.31,7593.36,7614.58,7571.44,94090.0,-0.53%
2016-10-25,7580.22,7599.53,7624.77,7580.22,89850.0,-0.38%
2016-10-26,7494.41,7542.36,7546.87,7478.55,117920.0,-1.13%
2016-10-27,7445.14,7496.05,7497.12,7424.63,121350.0,-0.66%
2016-10-28,7404.8,7442.92,7447.61,7317.72,106180.0,-0.54%
2016-11-02,7252.4,7371.68,7374.57,7237.34,154130.0,-2.06%
2016-11-03,7160.91,7230.37,7252.55,7129.1,188770.0,-1.26%
2016-11-04,7227.37,7174.4,7227.37,7160.61,134770.0,0.93%
2016-11-07,7197.19,7201.9,7232.18,7164.9,106600.0,-0.42%
2016-11-08,7307.8,7279.03,7307.8,7231.57,105280.0,1.54%
2016-11-09,7119.04,7325.41,7329.24,7038.19,146960.0,-2.58%
2016-11-10,7181.87,7232.5,7254.27,7172.65,113930.0,0.88%
2016-11-11,6975.09,7146.09,7153.5,6971.58,183330.0,-2.88%
2016-11-14,6871.48,6939.31,6945.26,6865.94,157420.0,-1.49%
2016-11-15,6857.15,6883.11,6948.61,6857.15,142130.0,-0.21%
2016-11-16,6966.28,6900.9,7001.36,6900.9,92970.0,1.59%
2016-11-17,7050.12,6999.38,7115.76,6993.66,112900.0,1.20%
2016-11-18,7067.73,7071.24,7082.6,7037.58,69300.0,0.25%
2016-11-21,6979.06,7073.12,7084.72,6947.61,67630.0,-1.25%
2016-11-22,6802.73,6973.75,6973.75,6802.73,144830.0,-2.53%
2016-11-23,6836.64,6822.07,6836.64,6722.31,132140.0,0.50%
2016-11-24,6873.31,6847.07,6873.31,6808.17,115430.0,0.54%
2016-11-25,6889.78,6884.29,6904.93,6845.72,68630.0,0.24%
2016-11-28,6825.4,6902.09,6907.09,6786.26,122500.0,-0.93%
2016-11-29,6781.2,6823.6,6825.54,6769.11,241740.0,-0.65%
2016-12-01,6864.87,6902.14,6943.2,6864.87,202890.0,1.23%
2016-12-02,6886.74,6880.67,6902.35,6834.65,156900.0,0.32%
2016-12-05,6776.41,6902.51,6902.51,6776.41,178460.0,-1.60%
2016-12-06,6806.14,6808.51,6835.49,6751.93,128250.0,0.44%
2016-12-07,6866.81,6810.24,6866.81,6789.94,92240.0,0.89%
2016-12-08,7022.38,6917.88,7022.38,6903.91,199990.0,2.27%
2016-12-09,7043.16,7044.41,7045.83,7018.99,130400.0,0.30%
2016-12-12,6868.89,7048.74,7048.74,6844.84,160330.0,-2.47%
2016-12-13,6880.91,6874.16,6880.91,6799.22,151510.0,0.17%
2016-12-14,6928.34,6888.61,6928.34,6888.61,119250.0,0.69%
2016-12-15,6855.31,6891.66,6891.66,6837.36,119530.0,-1.05%
2016-12-16,6850.71,6855.24,6881.21,6825.32,191420.0,-0.07%
2016-12-19,6714.13,6843.25,6848.37,6683.35,133260.0,-1.99%
2016-12-20,6658.66,6707.99,6710.16,6589.69,190670.0,-0.83%
2016-12-21,6686.36,6687.09,6732.2,6681.02,155100.0,0.42%
2016-12-22,6587.17,6664.55,6676.6,6564.15,192990.0,-1.48%
2016-12-23,6563.67,6545.53,6563.67,6499.0,115420.0,-0.36%
2016-12-27,6658.2,6579.21,6658.2,6575.85,85570.0,1.44%
2016-12-28,6846.44,6688.94,6846.44,6677.06,102210.0,2.83%
2016-12-29,6840.64,6846.55,6855.37,6797.66,150750.0,-0.08%
2017-01-03,6861.31,6840.06,6861.31,6746.8,56060.0,0.30%
2017-01-04,7030.95,6874.68,7041.06,6874.68,203960.0,2.47%
2017-01-05,7209.44,7051.86,7279.92,7049.34,223920.0,2.54%
2017-01-06,7248.2,7184.46,7289.51,7181.69,205910.0,0.54%
2017-01-09,7276.34,7255.18,7276.34,7210.8,110250.0,0.39%
2017-01-10,7364.34,7278.57,7371.84,7276.72,256700.0,1.21%
2017-01-11,7321.82,7362.24,7402.54,7316.78,161970.0,-0.58%
2017-01-12,7264.55,7335.66,7347.82,7260.71,127410.0,-0.78%
2017-01-13,7238.52,7256.72,7270.85,7227.16,109440.0,-0.36%
2017-01-16,7238.45,7243.55,7279.48,7225.43,104980.0,0.00%
2017-01-17,7123.33,7244.03,7244.03,7123.33,223340.0,-1.59%
2017-01-18,7156.36,7136.15,7165.15,7129.89,91910.0,0.46%
2017-01-19,7246.08,7183.99,7246.08,7172.19,128190.0,1.25%
2017-01-20,7232.66,7252.44,7255.17,7204.27,128570.0,-0.19%
2017-01-23,7374.35,7242.62,7374.35,7237.33,132790.0,1.96%
2017-01-24,7370.65,7373.89,7384.58,7340.54,180740.0,-0.05%
2017-01-25,7323.36,7383.68,7398.29,7323.36,153150.0,-0.64%
2017-01-26,7332.64,7320.64,7361.78,7320.64,148210.0,0.13%
2017-01-27,7333.67,7338.22,7366.04,7333.67,149980.0,0.01%
2017-01-30,7336.71,7350.89,7376.93,7336.71,79500.0,0.04%
2017-01-31,7229.66,7327.9,7343.93,7229.66,111950.0,-1.46%
2017-02-01,7227.45,7297.72,7300.21,7209.73,89820.0,-0.03%
2017-02-02,7225.91,7228.85,7282.04,7208.14,120510.0,-0.02%
2017-02-03,7226.7,7223.34,7227.1,7186.44,140190.0,0.01%
2017-02-06,7294.4,7244.31,7294.4,7243.65,165350.0,0.94%
2017-02-07,7262.64,7283.85,7283.85,7241.62,118770.0,-0.44%
2017-02-08,7234.82,7277.89,7286.44,7221.44,137070.0,-0.38%
2017-02-09,7252.66,7238.45,7252.66,7227.85,109530.0,0.25%
2017-02-10,7235.21,7257.72,7265.52,7196.75,138530.0,-0.24%
2017-02-13,7294.67,7241.8,7294.67,7237.23,86080.0,0.82%
2017-02-14,7206.84,7279.85,7282.46,7206.84,110850.0,-1.20%
2017-02-15,7174.3,7217.24,7234.4,7174.3,184960.0,-0.45%
2017-02-16,7283.25,7176.64,7293.16,7176.64,132940.0,1.52%
2017-02-17,7244.79,7289.63,7292.62,7236.91,182550.0,-0.53%
2017-02-20,7281.19,7252.54,7281.19,7252.54,99730.0,0.50%
2017-02-21,7282.68,7284.93,7284.93,7258.31,99430.0,0.02%
2017-02-22,7304.45,7275.51,7304.45,7263.2,177960.0,0.30%
2017-02-23,7335.56,7312.42,7339.9,7290.21,173830.0,0.43%
2017-02-24,7258.99,7328.95,7331.72,7258.99,148810.0,-1.04%
2017-02-27,7232.47,7266.78,7296.0,7232.47,94530.0,-0.37%
2017-02-28,7212.09,7239.64,7245.6,7152.45,161330.0,-0.28%
2017-03-01,7170.7,7167.89,7186.48,7150.61,205740.0,-0.57%
2017-03-02,7234.94,7183.45,7244.05,7183.45,122340.0,0.90%
2017-03-03,7247.12,7232.47,7247.12,7197.16,100910.0,0.17%
2017-03-06,7313.87,7228.92,7316.57,7216.12,150280.0,0.92%
2017-03-07,7294.52,7310.65,7326.07,7285.25,143140.0,-0.26%
2017-03-08,7294.56,7314.42,7341.58,7294.56,96690.0,0.00%
2017-03-09,7295.45,7298.1,7326.83,7295.45,112030.0,0.01%
2017-03-10,7146.27,7298.18,7298.74,7146.27,171460.0,-2.04%
2017-03-13,7233.09,7213.74,7238.6,7202.17,134060.0,1.21%
2017-03-14,7261.75,7253.13,7281.57,7244.0,148100.0,0.40%
2017-03-15,7253.79,7268.35,7275.98,7214.96,191310.0,-0.11%
2017-03-16,7278.6,7279.86,7320.5,7268.18,117430.0,0.34%
2017-03-17,7345.02,7307.01,7417.76,7274.68,438500.0,0.91%
2017-03-20,7316.57,7374.45,7380.57,7297.32,156140.0,-0.39%
2017-03-21,7323.31,7319.92,7361.44,7318.19,197680.0,0.09%
2017-03-22,7254.93,7300.46,7300.46,7230.17,218010.0,-0.93%
2017-03-23,7301.03,7299.89,7315.89,7281.85,176370.0,0.64%
2017-03-24,7269.62,7308.65,7317.25,7269.62,208950.0,-0.43%
2017-03-27,7245.97,7268.64,7276.0,7222.15,192000.0,-0.33%
2017-03-28,7331.46,7276.26,7331.46,7274.6,161160.0,1.18%
2017-03-29,7324.0,7320.09,7354.46,7310.02,236890.0,-0.10%
2017-03-30,7332.59,7327.38,7360.39,7327.38,172840.0,0.12%
2017-03-31,7311.72,7336.61,7340.64,7301.69,158070.0,-0.28%
2017-04-03,7341.65,7323.74,7346.0,7317.74,157200.0,0.41%
2017-04-04,7446.49,7363.88,7456.26,7354.57,171300.0,1.43%
2017-04-05,7584.21,7478.5,7584.86,7476.57,253000.0,1.85%
2017-04-06,7565.32,7580.24,7603.9,7529.47,320720.0,-0.25%
2017-04-07,7583.75,7559.65,7667.33,7553.52,292330.0,0.24%
2017-04-10,7617.91,7598.24,7624.2,7580.36,173640.0,0.45%
2017-04-11,7601.4,7615.95,7645.1,7588.82,156040.0,-0.22%
2017-04-12,7629.64,7600.78,7631.8,7594.72,163040.0,0.37%
2017-04-17,7588.53,7615.44,7621.5,7584.34,96780.0,-0.54%
2017-04-18,7588.98,7594.92,7607.83,7573.71,108260.0,0.01%
2017-04-19,7522.98,7586.44,7591.81,7502.93,107120.0,-0.87%
2017-04-20,7563.45,7502.29,7563.45,7493.96,190700.0,0.54%
2017-04-21,7578.16,7585.04,7609.65,7575.34,135400.0,0.19%
2017-04-24,7588.88,7585.36,7599.05,7565.02,114200.0,0.14%
2017-04-25,7700.46,7599.9,7719.67,7596.39,176710.0,1.47%
2017-04-26,7726.45,7708.85,7733.78,7683.47,117490.0,0.34%
2017-04-27,7661.01,7721.16,7721.16,7661.01,124150.0,-0.85%
2017-05-02,7703.1,7687.29,7720.33,7685.54,144870.0,0.55%
2017-05-03,7682.26,7713.86,7731.98,7682.26,129370.0,-0.27%
2017-05-04,7755.75,7696.22,7767.91,7689.2,153120.0,0.96%
2017-05-05,7841.99,7753.06,7908.97,7742.51,205440.0,1.11%
2017-05-08,7962.33,7849.89,7962.33,7849.89,242060.0,1.53%
2017-05-09,7923.5,7980.36,8018.39,7913.14,187600.0,-0.49%
2017-05-10,7794.17,7915.06,7943.72,7794.17,216380.0,-1.63%
2017-05-11,7816.4,7798.81,7863.97,7773.17,211070.0,0.29%
2017-05-12,7815.53,7797.84,7815.53,7724.37,174640.0,-0.01%
2017-05-15,7772.93,7818.02,7860.31,7772.93,151800.0,-0.55%
2017-05-16,7791.07,7805.53,7840.68,7789.13,206240.0,0.23%
2017-05-17,7826.53,7805.57,7842.21,7803.09,164850.0,0.46%
2017-05-18,7757.69,7797.52,7797.52,7718.96,145670.0,-0.88%
2017-05-19,7767.62,7755.35,7767.62,7738.75,121000.0,0.13%
2017-05-22,7806.57,7795.29,7821.28,7795.29,192690.0,0.50%
2017-05-23,7812.14,7823.03,7848.14,7812.14,243920.0,0.07%
2017-05-24,7837.82,7788.11,7837.82,7761.61,126350.0,0.33%
2017-05-25,7871.65,7845.81,7873.86,7828.94,135110.0,0.43%
2017-05-26,7867.49,7870.03,7885.42,7858.77,180990.0,-0.05%
2017-05-29,7886.03,7866.48,7925.9,7866.4,173000.0,0.24%
2017-05-30,7860.77,7891.75,7897.77,7850.47,153430.0,-0.32%
2017-05-31,7837.12,7855.98,7858.2,7816.61,469150.0,-0.30%
2017-06-01,7927.49,7835.27,7936.03,7835.27,210140.0,1.15%
2017-06-02,7907.66,7921.4,8002.32,7907.66,222700.0,-0.25%
2017-06-05,8001.38,7954.62,8040.34,7954.62,144050.0,1.19%
2017-06-06,7953.12,8019.2,8020.1,7953.12,147040.0,-0.60%
2017-06-07,8002.32,7964.02,8018.25,7964.02,190670.0,0.62%
2017-06-08,7958.63,8007.04,8046.63,7947.71,178540.0,-0.55%
2017-06-09,7990.24,7961.46,8026.33,7956.71,153610.0,0.40%
2017-06-13,7917.89,7995.98,7998.76,7900.11,208580.0,-0.91%
2017-06-14,7966.01,7933.75,7966.01,7901.84,156200.0,0.61%
2017-06-15,7964.49,7975.43,8028.22,7964.49,149400.0,-0.02%
2017-06-16,7882.22,7961.94,7961.94,7882.22,427530.0,-1.03%
2017-06-19,7943.75,7900.72,7951.08,7900.72,100040.0,0.78%
2017-06-20,7917.86,7944.84,7950.57,7917.86,103260.0,-0.33%
2017-06-21,7886.37,7921.88,7921.88,7851.97,111130.0,-0.40%
2017-06-22,7858.34,7886.59,7886.59,7831.82,167490.0,-0.36%
2017-06-23,7814.17,7872.59,7872.59,7799.89,94450.0,-0.56%
2017-06-27,7876.37,7851.93,7890.63,7837.23,92260.0,0.80%
2017-06-28,7857.18,7889.8,7894.33,7854.78,112170.0,-0.24%
2017-06-29,7788.06,7877.35,7877.69,7774.49,161650.0,-0.88%
2017-06-30,7843.16,7774.91,7843.16,7734.52,215740.0,0.71%
2017-07-03,7866.52,7840.23,7866.52,7797.83,96890.0,0.30%
2017-07-04,7833.96,7854.98,7858.9,7830.33,83930.0,-0.41%
2017-07-05,7848.84,7848.03,7848.84,7821.37,104650.0,0.19%
2017-07-06,7888.31,7850.5,7892.71,7849.08,172740.0,0.50%
2017-07-07,7889.33,7887.69,7894.61,7880.13,144050.0,0.01%
2017-07-10,7837.47,7889.47,7900.28,7837.47,112790.0,-0.66%
2017-07-11,7858.14,7846.84,7863.66,7844.63,133920.0,0.26%
2017-07-12,7938.37,7872.63,7952.96,7872.63,238320.0,1.02%
2017-07-13,7936.85,7963.73,7994.27,7911.83,180780.0,-0.02%
2017-07-14,7885.9,7952.87,7958.08,7875.52,127190.0,-0.64%
2017-07-17,7934.5,7915.43,7955.01,7914.44,92130.0,0.62%
2017-07-18,7952.92,7941.37,7967.81,7941.37,138190.0,0.23%
2017-07-19,7972.9,7974.45,8005.31,7967.7,189770.0,0.25%
2017-07-20,7904.34,7988.14,8001.59,7904.34,168020.0,-0.86%
2017-07-21,7989.73,7917.26,7989.73,7849.26,137220.0,1.08%
2017-07-24,7962.64,7985.04,7985.04,7949.41,93160.0,-0.34%
2017-07-25,7971.72,7985.42,7999.0,7958.95,138230.0,0.11%
2017-07-26,8037.51,8007.7,8062.99,7998.14,225270.0,0.83%
2017-07-27,8045.78,8072.21,8106.74,8045.78,177600.0,0.10%
2017-07-28,8071.47,8075.72,8079.7,8046.76,119150.0,0.32%
2017-07-31,8018.05,8068.66,8070.04,7953.47,180740.0,-0.66%
2017-08-01,7906.6,8015.68,8017.18,7906.6,167180.0,-1.39%
2017-08-02,7872.65,7936.89,8037.91,7872.65,159220.0,-0.43%
2017-08-03,7876.66,7897.84,7946.31,7862.11,117570.0,0.05%
2017-08-04,7932.82,7918.91,7960.8,7918.03,258510.0,0.71%
2017-08-07,7992.27,7955.37,7992.27,7955.1,112110.0,0.75%
2017-08-08,7986.51,8030.07,8039.05,7986.51,161850.0,-0.07%
2017-08-09,7985.83,8007.25,8011.59,7940.97,153470.0,-0.01%
2017-08-10,7966.25,8005.39,8008.01,7934.82,103680.0,-0.25%
2017-08-11,7928.43,7953.89,7953.89,7873.31,112190.0,-0.47%
2017-08-14,7962.12,7954.89,7973.34,7951.57,108710.0,0.42%
2017-08-15,8009.41,8003.08,8009.41,7964.33,143610.0,0.59%
2017-08-16,8046.59,8015.69,8082.49,7996.01,157420.0,0.46%
2017-08-17,8072.75,8084.41,8105.01,8049.61,120940.0,0.33%
2017-08-18,8016.73,8079.0,8079.0,8015.68,80510.0,-0.69%
2017-08-22,8015.93,8018.14,8026.31,7969.74,114860.0,-0.01%
2017-08-23,7998.75,8027.97,8028.9,7998.75,90480.0,-0.21%
2017-08-24,8004.93,8023.4,8023.4,7978.86,78240.0,0.08%
2017-08-25,8015.14,8018.2,8031.5,8009.72,91650.0,0.13%
2017-08-29,7948.39,8036.04,8036.04,7931.78,116520.0,-0.83%
2017-08-30,7956.73,7978.8,7984.38,7912.43,106130.0,0.10%
2017-08-31,7958.57,7975.51,7976.3,7943.21,202010.0,0.02%
2017-09-04,8035.2,8014.49,8047.44,7980.86,149200.0,0.96%
2017-09-05,8049.35,8038.28,8049.35,7995.13,157440.0,0.18%
2017-09-06,7983.97,8025.24,8027.22,7972.62,160630.0,-0.81%
2017-09-07,8022.98,8003.83,8025.74,7994.83,157690.0,0.49%
2017-09-08,8022.75,8044.6,8048.51,8018.91,152590.0,0.00%
2017-09-11,8049.31,8036.93,8055.63,8012.55,99340.0,0.33%
2017-09-13,8053.88,8097.27,8103.68,8047.04,173590.0,0.06%
2017-09-14,8144.91,8073.24,8169.64,8071.76,202640.0,1.13%
2017-09-15,8180.85,8141.39,8180.85,8104.95,227890.0,0.44%
2017-09-18,8294.14,8185.24,8294.14,8155.94,157350.0,1.38%
2017-09-19,8162.7,8299.81,8299.85,8162.7,204150.0,-1.58%
2017-09-20,8219.32,8201.69,8250.0,8201.69,127580.0,0.69%
2017-09-21,8286.86,8239.22,8321.81,8237.83,197020.0,0.82%
2017-09-22,8281.27,8297.94,8314.44,8275.45,100650.0,-0.07%
2017-09-25,8244.73,8247.41,8252.2,8195.45,140270.0,-0.44%
2017-09-26,8170.14,8230.56,8230.56,8119.59,392330.0,-0.90%
2017-09-27,8221.92,8159.18,8221.92,8113.3,459310.0,0.63%
2017-09-28,8156.04,8223.69,8223.69,8151.86,182210.0,-0.80%
2017-09-29,8171.43,8151.58,8240.52,8151.58,176860.0,0.19%
2017-10-02,8256.28,8210.76,8257.83,8197.89,113510.0,1.04%
2017-10-03,8312.93,8261.29,8321.22,8261.29,115830.0,0.69%
2017-10-04,8344.05,8328.74,8377.79,8328.74,99190.0,0.37%
2017-10-05,8294.01,8353.23,8355.63,8294.01,88750.0,-0.60%
2017-10-06,8310.88,8332.56,8406.34,8297.02,113030.0,0.20%
2017-10-09,8367.38,8333.7,8367.38,8326.78,60960.0,0.68%
2017-10-10,8398.04,8354.88,8409.92,8340.17,81750.0,0.37%
2017-10-11,8358.47,8418.33,8427.13,8353.11,161370.0,-0.47%
2017-10-12,8402.81,8367.09,8406.36,8361.44,114760.0,0.53%
2017-10-13,8447.94,8422.22,8447.94,8399.84,136340.0,0.54%
2017-10-17,8497.74,8484.94,8586.73,8484.94,179540.0,0.59%
2017-10-18,8431.73,8537.66,8548.58,8332.3,133220.0,-0.78%
2017-10-19,8487.37,8441.36,8487.37,8375.09,88130.0,0.66%
2017-10-20,8420.95,8465.64,8474.18,8415.9,80550.0,-0.78%
2017-10-23,8348.32,8429.89,8456.98,8342.2,97510.0,-0.86%
2017-10-24,8279.92,8351.03,8373.45,8279.92,90740.0,-0.82%
2017-10-25,8303.35,8299.68,8327.76,8244.11,109440.0,0.28%
2017-10-26,8267.92,8301.17,8313.48,8225.95,80550.0,-0.43%
2017-10-27,8295.95,8260.6,8295.95,8209.88,74180.0,0.34%
2017-10-30,8365.26,8332.33,8365.26,8305.65,68010.0,0.84%
2017-11-02,8516.02,8342.98,8543.8,8321.65,157750.0,1.80%
2017-11-03,8376.13,8544.02,8605.15,8376.13,168240.0,-1.64%
2017-11-06,8523.07,8393.05,8523.07,8393.05,109620.0,1.75%
2017-11-07,8521.81,8519.66,8543.41,8462.22,92530.0,-0.01%
2017-11-08,8508.49,8525.04,8532.45,8486.52,138300.0,-0.16%
2017-11-09,8519.82,8515.4,8563.51,8506.77,131310.0,0.13%
2017-11-10,8433.48,8548.07,8548.21,8433.48,104230.0,-1.01%
2017-11-13,8330.02,8460.62,8486.61,8330.02,95950.0,-1.23%
2017-11-14,8379.64,8349.61,8379.64,8280.43,112460.0,0.60%
2017-11-15,8273.44,8335.87,8348.52,8260.61,142920.0,-1.27%
2017-11-16,8206.44,8211.03,8332.94,8206.44,135590.0,-0.81%
2017-11-17,8311.08,8274.89,8326.81,8262.9,104620.0,1.28%
2017-11-20,8321.98,8332.71,8371.95,8321.98,67870.0,0.13%
2017-11-21,8289.19,8339.81,8340.63,8289.19,93620.0,-0.39%
2017-11-22,8265.68,8306.72,8346.92,8265.68,96310.0,-0.28%
2017-11-23,8343.23,8291.86,8343.23,8278.51,52650.0,0.94%
2017-11-24,8365.11,8330.09,8365.11,8261.15,126830.0,0.26%
2017-11-27,8361.69,8358.35,8361.69,8261.28,68090.0,-0.04%
2017-11-28,8291.88,8341.77,8341.77,8254.25,94280.0,-0.83%
2017-11-29,8254.03,8272.07,8304.38,8213.65,212700.0,-0.46%
2017-12-01,8144.02,8236.15,8236.15,8122.32,157680.0,-1.33%
2017-12-04,8084.45,8108.21,8126.97,8051.86,117390.0,-0.73%
2017-12-05,8145.0,8093.63,8149.22,8085.44,114590.0,0.75%
2017-12-06,8129.62,8157.6,8197.39,8119.37,122960.0,-0.19%
2017-12-07,8174.93,8128.06,8174.93,8109.57,96880.0,0.56%
2017-12-08,8304.7,8176.21,8304.7,8167.6,119250.0,1.59%
2017-12-11,8358.57,8296.23,8358.57,8277.26,82520.0,0.65%
2017-12-12,8334.06,8346.27,8362.28,8311.68,118570.0,-0.29%
2017-12-13,8359.61,8341.81,8363.15,8321.59,77580.0,0.31%
2017-12-14,8461.06,8366.6,8461.06,8344.02,111080.0,1.21%
2017-12-15,8337.04,8425.66,8425.66,8337.04,226810.0,-1.47%
2017-12-18,8422.82,8345.97,8422.82,8345.32,68250.0,1.03%
2017-12-19,8365.96,8422.09,8422.77,8348.88,88310.0,-0.68%
2017-12-20,8362.61,8376.32,8377.57,8343.99,57720.0,-0.04%
2017-12-21,8378.28,8371.91,8378.28,8323.01,88100.0,0.19%
2017-12-22,8432.31,8377.92,8432.31,8364.42,47020.0,0.64%
2017-12-27,8490.91,8427.05,8490.91,8412.89,47950.0,0.69%
2017-12-28,8535.09,8474.99,8571.46,8468.19,106540.0,0.52%
2017-12-29,8558.42,8562.86,8640.04,8535.1,170540.0,0.27%
2018-01-02,8558.42,8562.86,8640.04,8535.1,170540.0,0.00%
2018-01-03,8724.13,8584.46,8724.13,8580.5,129600.0,1.94%
2018-01-04,8739.83,8710.0,8760.26,8690.34,124750.0,0.18%
2018-01-05,8770.0,8743.41,8858.07,8739.74,158230.0,0.35%
2018-01-08,8745.12,8818.9,8820.53,8713.86,99600.0,-0.28%
2018-01-09,8923.72,8758.96,8923.72,8755.4,116130.0,2.04%
2018-01-10,8920.29,8914.25,8926.78,8877.98,96730.0,-0.04%
2018-01-11,8813.25,8908.64,8909.0,8745.63,141640.0,-1.20%
2018-01-12,8814.62,8836.29,8868.56,8803.62,125850.0,0.02%
2018-01-15,8857.72,8844.35,8897.56,8809.53,147110.0,0.49%
2018-01-16,8865.13,8890.74,8969.18,8865.13,141740.0,0.08%
2018-01-17,8848.99,8879.67,8902.27,8821.41,162530.0,-0.18%
2018-01-18,8820.74,8790.05,8822.4,8772.45,173130.0,-0.32%
2018-01-19,8915.92,8824.72,8915.92,8802.78,124470.0,1.08%
2018-01-22,8950.62,8893.14,8975.12,8883.0,98600.0,0.39%
2018-01-23,8999.02,8952.81,8999.02,8916.07,112600.0,0.54%
2018-01-24,8920.23,8992.37,8992.37,8898.21,96370.0,-0.88%
2018-01-25,8999.17,8907.45,8999.17,8907.24,148080.0,0.88%
2018-01-26,9041.2,8995.61,9041.2,8945.32,116740.0,0.47%
2018-01-29,9058.62,9051.75,9078.37,9008.41,119560.0,0.19%
2018-01-30,8910.48,9025.29,9025.29,8838.69,166240.0,-1.64%
2018-01-31,8764.01,8831.83,8831.83,8721.85,150760.0,-1.64%
2018-02-01,8738.72,8748.38,8818.1,8738.72,99360.0,-0.29%
2018-02-02,8810.75,8746.86,8810.75,8746.86,146970.0,0.82%
2018-02-05,8616.0,8680.59,8680.59,8555.55,152490.0,-2.21%
2018-02-06,8550.42,8475.08,8550.42,8379.83,150030.0,-0.76%
2018-02-07,8667.56,8648.0,8700.56,8603.18,115340.0,1.37%
2018-02-08,8645.08,8679.37,8679.37,8601.53,95000.0,-0.26%
2018-02-09,8503.69,8545.88,8546.02,8421.74,114160.0,-1.64%
2018-02-12,8487.91,8533.8,8554.51,8460.56,85890.0,-0.19%
2018-02-13,8570.14,8514.06,8570.14,8476.46,125570.0,0.97%
2018-02-14,8598.11,8563.57,8598.11,8498.57,169610.0,0.33%
2018-02-15,8612.44,8603.71,8612.44,8505.86,179690.0,0.17%
2018-02-19,8710.22,8593.87,8757.83,8538.2,110780.0,1.14%
2018-02-20,8722.7,8727.16,8728.08,8637.77,126920.0,0.14%
2018-02-21,8613.65,8677.51,8677.51,8613.5,149140.0,-1.25%
2018-02-22,8515.57,8598.5,8605.93,8472.89,136830.0,-1.14%
2018-02-23,8467.56,8520.73,8526.23,8465.79,114550.0,-0.56%
2018-02-26,8499.98,8450.15,8499.98,8373.68,113780.0,0.38%
2018-02-27,8592.38,8507.68,8592.38,8507.45,147010.0,1.09%
2018-02-28,8475.29,8538.53,8575.44,8475.29,157800.0,-1.36%
2018-03-01,8465.77,8471.22,8503.68,8429.75,103060.0,-0.11%
2018-03-02,8458.57,8414.94,8458.57,8337.69,86430.0,-0.09%
2018-03-05,8386.17,8434.67,8449.82,8350.53,61360.0,-0.86%
2018-03-06,8360.22,8388.02,8411.76,8344.84,142960.0,-0.31%
2018-03-07,8404.69,8373.62,8404.69,8333.11,109850.0,0.53%
2018-03-08,8381.85,8388.08,8389.74,8350.53,95440.0,-0.27%
2018-03-09,8372.51,8401.33,8409.75,8367.63,100780.0,-0.11%
2018-03-12,8453.5,8442.25,8484.65,8425.93,136120.0,0.97%
2018-03-13,8419.57,8454.09,8462.25,8397.96,96030.0,-0.40%
2018-03-14,8348.74,8430.03,8430.03,8284.76,101220.0,-0.84%
2018-03-15,8190.01,8322.1,8326.01,8190.01,110940.0,-1.90%
2018-03-16,8238.15,8200.14,8258.09,8156.19,289470.0,0.59%
2018-03-19,8235.54,8236.54,8240.13,8169.0,152700.0,-0.03%
2018-03-20,8059.6,8180.25,8180.25,8015.49,134720.0,-2.14%
2018-03-21,7909.07,8097.59,8097.59,7909.07,157640.0,-1.87%
2018-03-22,8124.45,7934.83,8124.45,7928.75,130460.00000000001,2.72%
2018-03-23,7970.8,7980.66,7980.66,7923.65,105200.0,-1.89%
2018-03-26,7932.38,7948.05,7949.61,7834.11,87670.0,-0.48%
2018-03-27,8047.03,7947.21,8047.03,7947.21,97590.0,1.45%
2018-03-28,7979.83,8016.35,8056.22,7967.28,121790.0,-0.84%
2018-04-02,8039.45,7993.63,8039.45,7944.86,61920.0,0.75%
2018-04-03,8048.72,7976.33,8071.68,7976.33,121020.0,0.12%
2018-04-04,7997.67,8084.93,8084.93,7991.6,86140.0,-0.63%
2018-04-05,8022.16,8035.64,8043.66,7988.37,59460.0,0.31%
2018-04-06,7945.66,8018.77,8047.7,7901.79,76650.0,-0.95%
2018-04-10,7934.68,7946.45,7984.64,7890.31,119550.0,-0.14%
2018-04-11,7943.93,7958.33,7990.98,7930.66,92670.0,0.12%
2018-04-12,8043.07,7962.66,8043.07,7951.09,85630.0,1.25%
2018-04-13,7899.98,8031.23,8031.23,7899.98,127000.0,-1.78%
2018-04-16,7870.25,7928.99,7928.99,7845.47,83350.0,-0.38%
2018-04-17,7723.39,7861.72,7861.72,7691.79,128360.00000000001,-1.87%
2018-04-18,7793.13,7743.14,7828.85,7743.14,125310.0,0.90%
2018-04-19,7682.24,7689.35,7756.4,7537.42,303920.0,-1.42%
2018-04-20,7726.72,7698.08,7783.55,7691.93,119100.0,0.58%
2018-04-23,7719.47,7736.09,7746.86,7663.53,96680.0,-0.09%
2018-04-24,7600.36,7704.18,7704.27,7600.36,104160.0,-1.54%
2018-04-25,7557.91,7595.49,7636.57,7526.3,112220.0,-0.56%
2018-04-26,7617.42,7544.02,7617.42,7529.13,81790.0,0.79%
2018-04-27,7721.02,7631.44,7721.02,7604.54,129380.0,1.36%
2018-04-30,7819.25,7726.96,7822.84,7726.27,135550.0,1.27%
2018-05-02,7736.07,7791.63,7856.5,7736.07,101850.0,-1.06%
2018-05-03,7535.1,7792.41,7792.41,7535.1,144840.0,-2.60%
2018-05-04,7546.19,7541.0,7558.31,7499.26,94480.0,0.15%
2018-05-07,7533.28,7578.8,7581.72,7517.09,60640.0,-0.17%
2018-05-08,7577.57,7544.1,7615.22,7543.35,108820.0,0.59%
2018-05-09,7555.27,7587.68,7590.8,7535.93,108030.0,-0.29%
2018-05-10,7571.0,7547.46,7630.29,7531.66,98270.0,0.21%
2018-05-11,7752.11,7625.1,7760.26,7625.1,118700.0,2.39%
2018-05-15,7885.97,7771.9,7906.45,7765.46,163630.0,1.73%
2018-05-16,7869.56,7869.48,7869.56,7751.33,159990.0,-0.21%
2018-05-17,7694.12,7855.9,7855.9,7694.12,134750.0,-2.23%
2018-05-18,7672.28,7742.39,7742.39,7639.15,82270.0,-0.28%
2018-05-21,7658.05,7693.22,7715.66,7658.05,68850.0,-0.19%
2018-05-22,7646.2,7698.23,7698.65,7633.52,83420.0,-0.15%
2018-05-23,7560.47,7673.62,7673.62,7517.56,102140.0,-1.12%
2018-05-24,7652.53,7573.67,7652.53,7555.45,72440.0,1.22%
2018-05-25,7647.51,7673.82,7674.29,7605.98,80100.0,-0.07%
2018-05-28,7642.9,7669.96,7669.96,7598.13,76890.0,-0.06%
2018-05-29,7602.36,7662.37,7662.37,7585.16,94260.0,-0.53%
2018-05-30,7470.14,7575.38,7575.38,7461.73,115660.0,-1.74%
2018-05-31,7497.17,7496.11,7537.63,7457.05,387820.0,0.36%
2018-06-01,7630.26,7499.9,7630.26,7487.37,113340.0,1.78%
2018-06-04,7579.61,7619.38,7620.13,7551.89,77620.0,-0.66%
2018-06-05,7685.76,7594.55,7685.76,7550.64,133330.0,1.40%
2018-06-06,7689.14,7666.77,7702.33,7654.13,105620.0,0.04%
2018-06-07,7803.31,7693.3,7814.88,7687.94,157560.0,1.48%
2018-06-08,7740.74,7803.35,7803.35,7718.33,82460.0,-0.80%
2018-06-11,7771.3,7738.28,7779.26,7699.67,60730.0,0.39%
2018-06-13,7602.98,7722.43,7723.85,7553.74,124820.0,-2.17%
2018-06-14,7529.54,7553.8,7561.44,7479.57,280510.0,-0.97%
2018-06-18,7414.11,7403.93,7414.11,7328.3,137550.0,-1.53%
2018-06-19,7312.61,7347.44,7348.23,7253.12,124240.0,-1.37%
2018-06-20,7261.62,7316.29,7349.74,7261.01,116210.0,-0.70%
2018-06-21,7098.15,7262.73,7271.21,7092.16,147420.0,-2.25%
2018-06-22,7063.2,7092.04,7132.71,6923.67,175300.0,-0.49%
2018-06-25,6986.88,7240.06,7240.06,6986.88,121760.0,-1.08%
2018-06-26,7007.21,7014.05,7021.26,6929.86,115410.0,0.29%
2018-06-27,7176.43,6997.99,7176.43,6984.14,123290.0,2.41%
2018-06-28,7066.57,7128.51,7128.51,7055.63,93000.0,-1.53%
2018-06-29,7193.68,7061.48,7193.68,7061.48,136540.0,1.80%
2018-07-02,7227.96,7184.62,7261.29,7160.83,104020.0,0.48%
2018-07-03,7267.34,7223.04,7267.34,7194.55,70260.0,0.54%
2018-07-04,7348.42,7272.03,7348.42,7227.29,102220.0,1.12%
2018-07-05,7233.57,7306.01,7306.01,7225.07,97300.0,-1.56%
2018-07-06,7186.71,7225.95,7225.95,7143.57,71110.0,-0.65%
2018-07-09,7186.62,7196.83,7214.57,7162.64,73630.0,0.00%
2018-07-10,7233.29,7218.25,7233.29,7192.58,77740.0,0.65%
2018-07-11,7333.73,7245.73,7333.73,7239.11,78570.0,1.39%
2018-07-12,7350.58,7328.04,7370.46,7307.6,93820.0,0.23%
2018-07-13,7399.18,7372.48,7405.42,7366.5,76320.0,0.66%
2018-07-16,7369.44,7388.98,7390.0,7334.88,48800.0,-0.40%
2018-07-17,7381.68,7375.1,7385.95,7346.78,52910.0,0.17%
2018-07-18,7451.37,7381.74,7451.37,7379.97,60960.0,0.94%
2018-07-19,7387.87,7443.94,7459.14,7365.69,71820.0,-0.85%
2018-07-20,7399.61,7390.57,7411.45,7327.35,90140.0,0.16%
2018-07-23,7376.8,7388.5,7408.16,7368.52,87350.0,-0.31%
2018-07-24,7447.02,7362.98,7447.02,7362.98,92350.0,0.95%
2018-07-25,7514.0,7438.85,7620.39,7438.85,153690.0,0.90%
2018-07-26,7665.85,7557.86,7665.85,7557.86,165590.0,2.02%
2018-07-27,7701.38,7661.66,7701.38,7586.34,137030.0,0.46%
2018-07-30,7773.32,7693.45,7773.32,7683.1,99190.0,0.93%
2018-07-31,7672.0,7730.09,7742.85,7623.77,158110.0,-1.30%
2018-08-01,7838.22,7664.99,7838.22,7655.3,141750.0,2.17%
2018-08-02,7759.55,7824.52,7824.52,7746.09,95530.0,-1.00%
2018-08-03,7819.39,7763.49,7819.39,7709.86,102640.0,0.77%
2018-08-06,7817.31,7809.38,7843.59,7784.05,81450.0,-0.03%
2018-08-07,7725.85,7813.38,7814.89,7725.85,87590.0,-1.17%
2018-08-08,7851.46,7737.49,7851.46,7737.49,130490.00000000001,1.63%
2018-08-09,7820.71,7856.7,7879.27,7751.42,148340.0,-0.39%
2018-08-10,7804.98,7804.02,7840.63,7781.82,101340.0,-0.20%
2018-08-13,7635.27,7782.11,7782.11,7634.6,80860.0,-2.17%
2018-08-14,7527.78,7623.11,7623.11,7508.83,79680.0,-1.41%
2018-08-15,7540.92,7520.99,7566.62,7513.44,56100.0,0.17%
2018-08-16,7517.36,7534.57,7541.92,7478.94,77970.0,-0.31%
2018-08-17,7583.52,7529.96,7617.49,7529.96,97380.0,0.88%
2018-08-20,7500.53,7592.17,7606.81,7500.53,44870.0,-1.09%
2018-08-22,7632.26,7551.65,7632.26,7529.64,75660.0,1.76%
2018-08-23,7804.03,7623.77,7804.03,7623.77,125260.0,2.25%
2018-08-24,7766.47,7775.52,7783.29,7718.17,135060.0,-0.48%
2018-08-28,7844.61,7769.81,7861.6,7769.81,127190.0,1.01%
2018-08-29,7830.96,7803.04,7831.34,7773.07,164560.0,-0.17%
2018-08-30,7853.16,7818.27,7875.16,7818.27,155650.0,0.28%
2018-08-31,7855.71,7838.06,7855.71,7776.85,180130.0,0.03%
2018-09-03,7832.22,7879.0,7879.0,7820.92,152400.0,-0.30%
2018-09-04,7881.82,7842.68,7881.82,7828.38,92540.0,0.63%
2018-09-05,7752.27,7859.76,7861.4,7699.02,123860.0,-1.64%
2018-09-06,7638.71,7715.14,7715.14,7552.24,124870.0,-1.46%
2018-09-07,7598.64,7597.42,7620.88,7526.73,115470.0,-0.52%
2018-09-10,7596.15,7591.51,7605.57,7466.27,115000.0,-0.03%
2018-09-11,7518.01,7582.81,7582.81,7492.4,79840.0,-1.03%
2018-09-12,7449.2,7505.2,7534.23,7449.2,91630.0,-0.92%
2018-09-13,7517.37,7473.4,7517.37,7452.81,89730.0,0.92%
2018-09-14,7413.15,7508.34,7517.63,7413.15,91030.0,-1.39%
2018-09-17,7413.56,7424.88,7433.69,7399.19,55310.0,0.01%
2018-09-18,7286.34,7411.77,7418.54,7273.98,99720.0,-1.72%
2018-09-19,7221.23,7285.57,7337.68,7203.36,103640.0,-0.89%
2018-09-20,7134.73,7256.53,7259.76,7134.73,93250.0,-1.20%
2018-09-21,7383.0,7184.57,7383.0,7180.0,200290.0,3.48%
2018-09-24,7433.61,7361.58,7433.61,7361.58,69750.0,0.69%
2018-09-25,7332.17,7426.66,7426.66,7331.75,58960.0,-1.36%
2018-09-26,7268.21,7342.61,7342.61,7205.04,140450.0,-0.87%
2018-09-27,7320.59,7272.44,7320.59,7215.67,81300.0,0.72%
2018-09-28,7276.82,7313.67,7375.52,7276.82,106380.0,-0.60%
2018-10-01,7222.08,7256.54,7261.4,7176.2,65290.00000000001,-0.75%
2018-10-02,7132.36,7237.41,7237.41,7093.92,104530.0,-1.24%
2018-10-03,7210.87,7129.4,7210.87,7095.26,58030.0,1.10%
2018-10-04,7093.34,7190.83,7194.06,7093.34,62010.0,-1.63%
2018-10-05,7078.2,7093.92,7102.33,7072.28,61390.0,-0.21%
2018-10-08,7050.82,7079.88,7123.29,7050.82,57950.0,-0.39%
2018-10-09,7059.38,7063.91,7066.11,7016.48,61610.0,0.12%
2018-10-10,7001.14,7092.8,7092.8,6960.43,89020.0,-0.82%
2018-10-11,6884.38,6934.76,6934.76,6790.58,99350.0,-1.67%
2018-10-12,7004.77,6872.89,7004.77,6847.86,89660.0,1.75%
2018-10-15,6926.51,7035.97,7063.38,6926.51,74530.0,-1.12%
2018-10-16,6987.02,6936.17,6987.02,6894.29,84980.0,0.87%
2018-10-17,7099.68,7015.55,7140.08,7015.55,102670.0,1.61%
2018-10-18,7141.25,7095.89,7141.25,7060.84,49170.0,0.59%
2018-10-19,7151.52,7122.5,7162.68,7086.57,90840.0,0.14%
2018-10-22,7236.16,7144.98,7251.08,7124.7,81830.0,1.18%
2018-10-23,7197.62,7262.71,7265.11,7159.72,68100.0,-0.53%
2018-10-24,7129.42,7185.83,7186.32,7129.42,80340.0,-0.95%
2018-10-25,6966.84,7086.17,7086.17,6941.1,111610.0,-2.28%
2018-10-26,7064.33,6987.8,7065.38,6979.07,61140.0,1.40%
2018-10-29,7109.03,7054.65,7109.03,7046.11,52860.0,0.63%
2018-10-30,7016.06,7093.75,7097.39,7016.06,48500.0,-1.31%
2018-10-31,7140.29,7032.63,7140.29,7032.63,155340.0,1.77%
2018-11-05,7213.44,7204.13,7242.99,7189.63,145070.0,1.02%
2018-11-06,7180.11,7213.21,7276.54,7162.17,96520.0,-0.46%
2018-11-07,7033.93,7181.26,7185.61,6994.26,98810.0,-2.04%
2018-11-08,7035.71,7025.08,7036.5,6946.83,111660.0,0.03%
2018-11-09,6968.82,7039.39,7039.39,6941.99,87360.0,-0.95%
2018-11-12,6926.2,6967.65,6967.65,6917.54,120850.0,-0.61%
2018-11-13,6843.83,6912.14,6913.51,6820.22,156950.0,-1.19%
2018-11-14,6923.08,6867.33,6932.4,6861.09,95920.0,1.16%
2018-11-15,6952.59,6912.19,6971.63,6898.55,85200.0,0.43%
2018-11-16,7083.34,7009.08,7121.85,7009.08,167720.0,1.88%
2018-11-19,7270.26,7105.81,7270.26,7099.68,169190.0,2.64%
2018-11-20,7302.94,7234.81,7311.54,7171.8,111950.0,0.45%
2018-11-21,7265.45,7262.24,7267.13,7202.94,97650.0,-0.51%
2018-11-22,7268.38,7260.81,7278.88,7228.35,74860.0,0.04%
2018-11-23,7340.18,7277.92,7348.14,7264.37,90000.0,0.99%
2018-11-26,7397.87,7352.29,7428.29,7332.43,100660.0,0.79%
2018-11-27,7413.63,7399.89,7413.63,7349.72,100040.0,0.21%
2018-11-28,7382.43,7420.26,7423.78,7350.28,151930.0,-0.42%
2018-11-29,7367.85,7409.35,7482.35,7367.85,355130.0,-0.20%
2018-12-03,7532.9,7468.62,7539.67,7468.62,230770.0,2.24%
2018-12-04,7703.92,7537.41,7703.92,7522.97,221220.0,2.27%
2018-12-05,7630.9,7579.96,7634.09,7550.96,182160.0,-0.95%
2018-12-06,7535.32,7633.92,7637.18,7535.32,127130.0,-1.25%
2018-12-07,7461.06,7529.95,7538.19,7449.95,90970.0,-0.99%
2018-12-10,7348.21,7445.51,7445.51,7348.21,66090.0,-1.51%
2018-12-11,7451.08,7386.11,7451.08,7379.05,85730.0,1.40%
2018-12-12,7488.24,7455.98,7488.24,7425.66,145920.0,0.50%
2018-12-13,7522.92,7514.35,7556.24,7513.56,115610.0,0.46%
2018-12-14,7524.37,7506.4,7559.27,7503.09,132790.0,0.02%
2018-12-17,7520.4,7501.27,7538.14,7490.56,109720.0,-0.05%
2018-12-18,7420.4,7478.36,7482.21,7397.23,115230.0,-1.33%
2018-12-19,7579.62,7412.28,7579.62,7406.53,100880.0,2.15%
2018-12-20,7563.41,7514.07,7584.44,7498.19,99260.0,-0.21%
2018-12-21,7479.71,7536.87,7548.13,7452.24,127300.0,-1.11%
2018-12-26,7450.01,7436.73,7453.22,7378.88,49090.0,-0.40%
2018-12-27,7482.66,7465.04,7514.33,7447.22,72000.0,0.44%
2018-12-28,7466.02,7497.16,7507.29,7466.02,84870.0,-0.22%
2019-01-02,7489.2,7496.57,7540.26,7465.76,52920.0,0.31%
2019-01-03,7680.6,7507.48,7680.6,7490.28,149810.0,2.56%
2019-01-04,7761.11,7657.18,7801.5,7657.18,165430.0,1.05%
2019-01-07,7787.66,7800.88,7900.7,7787.66,178610.0,0.34%
2019-01-08,7702.12,7820.26,7826.08,7702.12,130539.99999999999,-1.10%
2019-01-09,7919.67,7775.21,7919.67,7765.91,172180.0,2.82%
2019-01-10,7985.23,7931.87,7992.33,7898.63,183790.0,0.83%
2019-01-11,7904.09,7965.44,7965.44,7855.69,142710.0,-1.02%
2019-01-14,8024.14,7886.4,8024.14,7818.95,135680.0,1.52%
2019-01-15,8013.42,8009.08,8027.92,7976.43,143930.0,-0.13%
2019-01-16,7864.7,7983.46,7990.65,7848.7,130160.0,-1.86%
2019-01-17,7927.2,7866.42,7937.98,7865.13,216710.0,0.79%
2019-01-18,8047.12,7932.11,8057.57,7919.5,174370.0,1.51%
2019-01-21,8007.46,8055.48,8067.08,7964.06,109110.0,-0.49%
2019-01-22,8008.67,8023.84,8029.8,7979.14,121800.0,0.02%
2019-01-23,7989.65,7941.05,7989.65,7901.64,110830.0,-0.24%
2019-01-24,8064.9,8000.65,8068.48,8000.65,107880.0,0.94%
2019-01-25,8053.2,8075.66,8116.23,8038.94,78770.0,-0.15%
2019-01-28,8053.92,8071.12,8143.61,8042.2,108780.0,0.01%
2019-01-29,8050.82,8086.93,8087.39,8014.94,126730.0,-0.04%
2019-01-30,7979.95,8038.77,8046.95,7912.16,125350.0,-0.88%
2019-01-31,8007.48,7999.41,8099.23,7999.41,139250.0,0.34%
2019-02-01,8144.16,8038.65,8165.66,8038.65,110510.0,1.71%
2019-02-04,8069.48,8131.55,8148.88,8068.74,48070.0,-0.92%
2019-02-06,8058.45,8091.45,8213.71,8058.45,91050.0,-0.14%
2019-02-07,8100.3,8093.17,8127.08,8087.73,86740.0,0.52%
2019-02-08,8070.89,8091.7,8096.47,8035.84,111940.0,-0.36%
2019-02-11,8061.54,8088.34,8105.58,8061.54,98240.0,-0.12%
2019-02-12,8009.92,8076.6,8083.53,7984.42,102270.0,-0.64%
2019-02-13,7920.24,8040.34,8040.43,7889.46,99560.0,-1.12%
2019-02-14,7991.25,7960.19,7996.21,7920.62,94510.0,0.90%
2019-02-15,7908.89,7965.17,7999.84,7908.89,157770.0,-1.03%
2019-02-18,7910.58,7924.6,7964.05,7910.58,95640.0,0.02%
2019-02-19,7833.75,7923.36,7938.79,7830.63,143590.0,-0.97%
2019-02-20,7939.24,7849.08,7944.59,7848.47,116090.0,1.35%
2019-02-21,7931.3,7946.66,7946.66,7892.58,106100.0,-0.10%
2019-02-22,7962.13,7940.29,7962.13,7894.56,75850.0,0.39%
2019-02-26,7988.16,7996.15,7996.15,7945.03,121760.0,0.33%
2019-02-27,7889.12,7962.1,7972.69,7877.63,103090.0,-1.24%
2019-02-28,7705.49,7919.99,7919.99,7705.49,199670.0,-2.33%
2019-03-01,7641.77,7711.7,7754.45,7587.99,148720.0,-0.83%
2019-03-04,7675.47,7631.9,7698.44,7595.92,93140.0,0.44%
2019-03-05,7670.62,7700.38,7734.71,7667.14,112940.0,-0.06%
2019-03-06,7821.34,7674.56,7821.34,7674.56,174820.0,1.96%
2019-03-07,7881.79,7806.5,7881.79,7795.21,147490.0,0.77%
2019-03-08,7797.11,7868.5,7884.46,7797.11,79710.0,-1.07%
2019-03-11,7708.72,7815.28,7823.8,7708.72,131470.0,-1.13%
2019-03-12,7747.54,7728.22,7773.61,7728.22,92160.0,0.50%
2019-03-13,7766.15,7725.62,7766.15,7724.79,88020.0,0.24%
2019-03-14,7750.42,7741.78,7763.97,7718.77,113340.0,-0.20%
2019-03-15,7798.28,7748.07,7798.28,7701.74,351320.0,0.62%
2019-03-18,7873.02,7794.58,7873.02,7760.51,86080.0,0.96%
2019-03-19,7843.41,7863.7,7878.8,7843.41,101670.0,-0.38%
2019-03-20,7858.2,7848.16,7875.62,7823.6,90480.0,0.19%
2019-03-21,7954.72,7875.78,7954.72,7869.31,138210.0,1.23%
2019-03-22,8013.42,7956.67,8032.4,7951.06,171640.0,0.74%
2019-03-25,7863.02,7994.34,7994.34,7808.32,89760.0,-1.88%
2019-03-26,7907.03,7875.3,7910.69,7869.43,78580.0,0.56%
2019-03-27,7861.05,7915.91,7915.91,7840.64,86100.0,-0.58%
2019-03-28,7876.4,7897.72,7898.47,7856.09,90610.0,0.20%
2019-03-29,7920.93,7891.09,7920.93,7887.47,133110.0,0.57%
2019-04-01,7840.31,7923.16,7923.83,7809.61,93680.0,-1.02%
2019-04-02,7879.21,7854.35,7893.5,7854.35,96440.0,0.50%
2019-04-03,7895.06,7880.48,7895.06,7860.51,76710.0,0.20%
2019-04-04,7854.13,7892.62,7897.61,7835.74,132570.0,-0.52%
2019-04-05,7873.18,7866.41,7886.63,7866.41,99700.0,0.24%
2019-04-08,7915.63,7879.47,7955.27,7879.47,136680.0,0.54%
2019-04-10,8008.53,7976.44,8008.53,7953.14,177900.0,1.17%
2019-04-11,7955.8,7990.71,7999.52,7955.8,107650.0,-0.66%
2019-04-12,7880.82,7970.96,7979.53,7880.82,96390.0,-0.94%
2019-04-15,7787.98,7887.78,7914.75,7787.98,115450.0,-1.18%
2019-04-16,7826.46,7800.06,7859.72,7799.13,168560.0,0.49%
2019-04-17,7835.15,7832.71,7860.74,7823.86,133850.0,0.11%
2019-04-22,7832.43,7840.23,7858.84,7818.04,86810.0,-0.03%
2019-04-23,7818.93,7827.03,7834.78,7769.72,93640.0,-0.17%
2019-04-24,7846.99,7799.06,7846.99,7799.06,171810.0,0.36%
2019-04-25,7894.45,7848.45,7894.45,7831.62,137320.0,0.60%
2019-04-26,7868.28,7892.9,7899.57,7839.52,108070.0,-0.33%
2019-04-29,7897.02,7861.22,7897.02,7846.33,,0.37%
2019-04-30,7952.72,7891.57,7952.72,7888.87,109870.0,0.71%
2019-05-02,8001.57,7952.52,8040.78,7946.79,135020.0,0.61%
2019-05-03,7967.98,8004.27,8077.51,7967.98,174130.0,-0.42%
2019-05-06,7862.3,7972.86,7974.36,7851.16,125470.0,-1.33%
2019-05-07,7910.63,7871.51,7922.05,7861.34,84470.0,0.61%
2019-05-08,7926.69,7902.64,7926.69,7754.95,148320.0,0.20%
2019-05-09,7755.62,7857.75,7864.02,7755.62,173410.0,-2.16%
2019-05-10,7742.2,7755.94,7841.65,7719.43,120810.0,-0.17%
2019-05-14,7646.66,7718.31,7718.31,7577.72,187690.0,-1.23%
2019-05-15,7576.71,7671.16,7711.19,7576.71,119560.0,-0.91%
2019-05-16,7475.16,7559.95,7586.12,7475.16,184190.0,-1.34%
2019-05-17,7583.82,7482.47,7636.91,7482.47,138640.0,1.45%
2019-05-20,7660.14,7586.95,7660.14,7533.95,86380.0,1.01%
2019-05-21,7721.56,7662.48,7740.88,7639.59,99520.0,0.80%
2019-05-22,7815.07,7731.03,7838.55,7725.43,115020.0,1.21%
2019-05-23,7804.03,7807.5,7821.89,7764.11,84810.0,-0.14%
2019-05-24,7747.09,7770.63,7770.63,7664.52,88450.0,-0.73%
2019-05-27,7725.01,7718.8,7742.45,7693.94,72060.0,-0.29%
2019-05-28,7761.29,7728.39,7784.66,7702.9,361830.0,0.47%
2019-05-29,7797.75,7778.48,7816.38,7778.48,99810.0,0.47%
2019-05-30,7836.55,7810.56,7908.5,7809.11,164210.0,0.50%
2019-05-31,7970.02,7872.77,7970.02,7872.77,153170.0,1.70%
2019-06-03,8084.88,7963.33,8139.74,7951.87,171650.0,1.44%
2019-06-04,7945.37,8075.78,8083.37,7945.37,108160.0,-1.73%
2019-06-06,7959.86,7980.39,7980.39,7937.73,123650.0,0.18%
2019-06-07,7983.98,7955.8,7983.98,7921.8,62250.0,0.30%
2019-06-10,8045.39,7981.59,8055.05,7967.24,92980.0,0.77%
2019-06-11,8030.98,8045.98,8108.26,8030.98,109440.0,-0.18%
2019-06-13,8051.76,8032.22,8051.76,7953.28,116880.0,0.26%
2019-06-14,7990.2,8058.21,8058.21,7944.82,99290.0,-0.76%
2019-06-17,7908.99,7991.78,7991.78,7908.99,61310.0,-1.02%
2019-06-18,7922.04,7898.44,7935.14,7875.5,76220.0,0.16%
2019-06-19,8017.01,7941.49,8017.01,7937.96,86840.0,1.20%
2019-06-20,8022.42,7984.8,8022.42,7952.86,113300.0,0.07%
2019-06-21,8055.47,8032.86,8055.47,7999.02,226000.0,0.41%
2019-06-24,8060.58,8067.58,8103.91,8060.58,104360.0,0.06%
2019-06-25,8034.09,8074.15,8100.08,8034.09,108340.0,-0.33%
2019-06-26,8013.57,8025.04,8051.59,7983.14,117900.0,-0.26%
2019-06-27,8057.64,8003.37,8057.64,8003.22,108040.0,0.55%
2019-06-28,7999.71,8032.3,8042.22,7951.34,125840.0,-0.72%
2019-07-01,8043.71,8011.47,8043.71,7993.66,77500.0,0.55%
2019-07-02,8093.6,8038.22,8093.6,8022.52,122670.0,0.62%
2019-07-03,8092.68,8100.35,8122.39,8092.26,104360.0,-0.01%
2019-07-04,8064.92,8096.28,8112.84,8064.92,71960.0,-0.34%
2019-07-05,8117.94,8072.21,8125.16,8072.21,87420.0,0.66%
2019-07-08,8051.52,8108.25,8108.54,8051.52,84910.0,-0.82%
2019-07-09,8042.04,8045.12,8053.62,8010.69,92060.0,-0.12%
2019-07-10,8078.21,8051.45,8078.21,8020.87,89540.0,0.45%
2019-07-11,8154.49,8098.37,8154.49,8083.22,92550.0,0.94%
2019-07-12,8141.82,8159.63,8197.52,8141.82,146640.0,-0.16%
2019-07-15,8365.29,8153.88,8365.29,8153.88,143720.0,2.74%
2019-07-16,8263.57,8354.84,8419.59,8263.57,185340.0,-1.22%
2019-07-17,8233.48,8286.86,8311.68,8232.1,87300.0,-0.36%
2019-07-18,8258.05,8241.59,8300.49,8241.59,72290.0,0.30%
2019-07-19,8270.07,8280.23,8311.92,8264.56,114020.0,0.15%
2019-07-22,8246.83,8163.0,8246.83,8163.0,78990.0,-0.28%
2019-07-23,8251.46,8247.93,8264.89,8226.23,95450.0,0.06%
2019-07-24,8161.49,8217.64,8243.83,8161.49,74750.0,-1.09%
2019-07-25,8272.18,8169.92,8272.18,8115.44,99250.0,1.36%
2019-07-26,8183.99,8210.52,8235.46,8177.04,77790.0,-1.07%
2019-07-29,8188.52,8190.02,8205.15,8116.06,56340.0,0.06%
2019-07-30,8150.46,8176.6,8176.6,8120.72,122550.0,-0.46%
2019-07-31,8045.8,8142.16,8142.16,8023.45,108260.0,-1.28%
2019-08-01,8098.16,8035.75,8098.16,7975.53,93570.0,0.65%
2019-08-02,8129.93,8083.32,8129.93,8006.55,77490.0,0.39%
2019-08-05,7890.02,8102.0,8102.0,7890.02,128729.99999999999,-2.95%
2019-08-06,7766.75,7832.69,7832.69,7720.02,168650.0,-1.56%
2019-08-07,7917.39,7792.31,7917.39,7792.31,99010.0,1.94%
2019-08-08,7914.16,7931.91,7959.34,7910.46,140300.0,-0.04%
2019-08-09,7854.39,7918.54,7941.96,7854.39,104300.0,-0.76%
2019-08-13,7788.45,7849.43,7850.87,7622.27,235490.0,-0.84%
2019-08-14,7858.65,7775.84,7892.43,7751.19,149690.0,0.90%
2019-08-15,7828.86,7719.02,7828.86,7624.2,198030.0,-0.38%
2019-08-16,7795.98,7802.56,7885.94,7777.07,167320.0,-0.42%
2019-08-19,7938.35,7813.92,7938.35,7765.15,214010.0,1.83%
2019-08-20,7886.91,7917.59,7917.59,7845.15,123610.0,-0.65%
2019-08-22,7848.83,7842.09,7848.83,7755.42,267970.0,-0.48%
2019-08-23,7889.41,7806.05,7889.41,7747.39,159380.0,0.52%
2019-08-27,7747.38,7832.42,7832.42,7723.94,282700.0,-1.80%
2019-08-28,7847.5,7762.58,7847.5,7734.42,180190.0,1.29%
2019-08-29,7892.81,7851.26,7892.81,7800.97,132330.0,0.58%
2019-08-30,7979.66,7918.44,7986.26,7903.01,235790.0,1.10%
2019-09-02,7918.53,7954.15,7956.68,7918.53,88800.0,-0.77%
2019-09-03,7804.71,7914.92,7920.91,7804.71,105550.0,-1.44%
2019-09-04,7840.86,7838.77,7852.16,7794.58,101240.0,0.46%
2019-09-05,7898.19,7861.83,7916.96,7854.16,230760.0,0.73%
2019-09-06,7933.47,7915.62,7969.34,7915.62,104930.0,0.45%
2019-09-09,7960.12,7952.88,7961.01,7927.89,52750.0,0.34%
2019-09-10,7929.48,7933.22,7938.33,7893.74,77710.0,-0.38%
2019-09-11,7967.9,7931.38,7967.9,7921.59,107450.0,0.48%
2019-09-12,7944.43,7947.25,7960.24,7937.99,110120.0,-0.29%
2019-09-13,7992.32,7950.16,7995.13,7941.53,92760.0,0.60%
2019-09-16,7996.9,7981.61,7996.9,7911.69,85700.0,0.06%
2019-09-17,7932.23,7969.67,7969.67,7910.25,76710.0,-0.81%
2019-09-18,7915.29,7932.69,7932.69,7892.95,76240.0,-0.21%
2019-09-19,7911.32,7911.88,7919.85,7885.18,62610.0,-0.05%
2019-09-20,7871.11,7902.33,7906.25,7864.11,168890.0,-0.51%
2019-09-23,7867.51,7872.12,7877.44,7823.13,88400.0,-0.05%
2019-09-24,7893.94,7865.38,7893.94,7850.27,171660.0,0.34%
2019-09-25,7896.24,7890.0,7896.24,7790.29,109750.0,0.03%
2019-09-26,7896.48,7893.67,7905.74,7865.1,92460.0,0.00%
2019-09-27,7819.22,7908.39,7908.39,7808.19,167330.0,-0.98%
2019-09-30,7779.07,7825.2,7825.2,7775.51,156940.0,-0.51%
2019-10-01,7739.86,7785.24,7792.58,7710.55,119390.0,-0.50%
2019-10-02,7610.68,7721.56,7721.56,7610.68,136650.0,-1.67%
2019-10-03,7545.55,7587.69,7587.69,7514.05,116770.0,-0.86%
2019-10-04,7704.6,7570.43,7704.6,7570.43,137060.0,2.11%
2019-10-07,7683.22,7697.42,7715.85,7655.46,88830.0,-0.28%
2019-10-08,7756.72,7706.77,7792.55,7691.05,167360.0,0.96%
2019-10-09,7681.25,7742.46,7742.46,7676.47,66040.0,-0.97%
2019-10-10,7765.03,7711.22,7765.03,7706.78,97200.0,1.09%
2019-10-11,7849.94,7766.72,7874.16,7749.55,78790.0,1.09%
2019-10-14,7884.29,7854.04,7908.34,7853.92,119820.0,0.44%
2019-10-15,7840.31,7887.46,7887.46,7816.08,153200.0,-0.56%
2019-10-16,7915.3,7838.83,7915.3,7814.47,169380.0,0.96%
2019-10-17,7930.55,7913.55,7930.55,7894.58,77560.0,0.19%
2019-10-18,7885.23,7934.09,7934.09,7885.23,122620.0,-0.57%
2019-10-21,7891.13,7874.8,7891.95,7849.79,61590.0,0.07%
2019-10-22,7955.24,7884.99,7955.24,7884.02,106000.0,0.81%
2019-10-23,7933.76,7929.09,7933.76,7890.65,74330.0,-0.27%
2019-10-24,7950.98,7927.6,7968.14,7914.58,86550.0,0.22%
2019-10-25,7922.5,7985.52,7985.52,7917.16,170340.0,-0.36%
2019-10-28,7946.53,7935.01,7954.71,7912.87,87990.0,0.30%
2019-10-29,7991.19,7947.56,7991.19,7928.73,141750.0,0.56%
2019-10-30,8020.06,8020.77,8020.77,7965.77,104260.0,0.36%
2019-10-31,7977.12,8020.43,8020.68,7967.54,133680.0,-0.54%
2019-11-04,8059.65,8002.47,8059.82,8002.47,109170.0,1.03%
2019-11-05,8216.68,8055.88,8216.68,8055.56,133340.0,1.95%
2019-11-06,8025.88,8216.92,8216.92,8025.88,153710.0,-2.32%
2019-11-07,8073.81,8083.04,8083.04,8020.91,92700.0,0.60%
2019-11-08,8065.76,8044.9,8065.76,7989.48,245310.0,-0.10%
2019-11-11,8009.38,8055.24,8059.58,8002.77,105420.0,-0.70%
2019-11-12,8012.34,8009.97,8012.34,7962.72,96770.0,0.04%
2019-11-13,7947.47,7988.78,7988.78,7914.45,95090.0,-0.81%
2019-11-14,7933.71,7926.07,7933.71,7881.24,106820.0,-0.17%
2019-11-15,7932.96,7938.59,7946.42,7905.53,120530.0,-0.01%
2019-11-18,7880.94,7925.19,7925.19,7859.04,67040.0,-0.66%
2019-11-19,7912.14,7882.26,7912.14,7882.26,296700.0,0.40%
2019-11-20,7898.06,7896.56,7898.06,7851.85,120520.0,-0.18%
2019-11-21,7818.89,7882.04,7882.04,7744.18,139310.0,-1.00%
2019-11-22,7824.59,7754.51,7824.59,7708.09,141840.0,0.07%
2019-11-25,7771.62,7787.48,7803.87,7750.23,151390.0,-0.68%
2019-11-26,7707.8,7760.38,7817.2,7707.8,934870.0,-0.82%
2019-11-27,7836.89,7747.43,7842.52,7744.03,239670.0,1.67%
2019-11-28,7768.66,7808.58,7826.82,7748.95,157260.0,-0.87%
2019-11-29,7738.96,7754.7,7773.83,7712.39,114960.0,-0.38%
2019-12-02,7877.19,7769.26,7877.19,7753.76,112890.0,1.79%
2019-12-03,7855.18,7858.96,7888.46,7829.35,123620.0,-0.28%
2019-12-04,7815.93,7848.53,7848.53,7772.05,250620.0,-0.50%
2019-12-05,7790.91,7789.74,7817.97,7777.07,171450.0,-0.32%
2019-12-06,7801.72,7796.44,7811.19,7760.75,152380.0,0.14%
2019-12-09,7779.8,7825.13,7838.49,7779.8,171610.0,-0.28%
2019-12-10,7736.18,7760.17,7777.45,7735.61,117860.0,-0.56%
2019-12-11,7786.41,7752.23,7801.1,7751.53,254800.0,0.65%
2019-12-12,7741.07,7744.15,7787.74,7720.5,327840.0,-0.58%
2019-12-13,7877.63,7818.4,7884.17,7804.98,390140.0,1.76%
2019-12-16,7701.6,7882.76,7892.29,7701.6,248010.0,-2.23%
2019-12-17,7730.45,7708.07,7730.45,7631.08,239090.0,0.37%
2019-12-18,7733.67,7751.29,7751.29,7682.94,200350.0,0.04%
2019-12-19,7653.94,7751.21,7751.21,7617.75,194650.0,-1.03%
2019-12-20,7773.12,7643.99,7773.12,7469.41,303840.0,1.56%
2019-12-23,7872.6,7745.96,7872.6,7745.26,124410.0,1.28%
2019-12-26,7842.28,7794.53,7842.28,7772.97,96260.0,-0.39%
2019-12-27,7815.26,7848.39,7891.99,7815.26,177830.0,-0.34%
2020-01-02,7742.53,7721.26,7742.53,7643.98,101150.0,-0.93%
2020-01-03,7839.79,7737.7,7890.94,7737.7,118850.0,1.26%
2020-01-06,7797.87,7802.86,7802.86,7697.89,102130.0,-0.53%
2020-01-07,7840.7,7787.32,7840.7,7781.21,248660.0,0.55%
2020-01-08,7736.24,7762.48,7767.62,7721.29,122370.0,-1.33%
2020-01-09,7797.64,7736.63,7797.64,7736.63,135550.0,0.79%
2020-01-10,7776.77,7794.9,7794.9,7729.05,102250.0,-0.27%
2020-01-13,7776.77,7794.9,7794.9,7729.05,102290.0,0.00%
2020-01-14,7793.25,7761.59,7793.25,7684.28,187120.0,0.21%
2020-01-15,7664.4,7784.14,7784.14,7664.4,132870.0,-1.65%
2020-01-16,7653.18,7674.48,7679.28,7614.73,121390.0,-0.15%
2020-01-17,7722.58,7691.87,7722.58,7648.94,109350.0,0.91%
2020-01-20,7552.6,7727.45,7727.45,7513.95,149250.0,-2.20%
2020-01-21,7466.65,7570.2,7586.59,7442.13,152780.0,-1.14%
2020-01-22,7468.73,7469.14,7478.1,7425.86,140500.0,0.03%
2020-01-23,7616.35,7503.64,7616.35,7495.6,119120.0,1.98%
2020-01-24,7623.41,7622.12,7635.62,7581.12,106110.0,0.09%
2020-01-27,7587.63,7616.9,7624.37,7580.67,88020.0,-0.47%
2020-01-28,7468.7,7563.12,7563.12,7468.7,101520.0,-1.57%
2020-01-29,7462.31,7472.53,7472.53,7423.69,120490.0,-0.09%
2020-01-30,7392.68,7466.45,7484.65,7392.68,147910.0,-0.93%
2020-01-31,7200.79,7413.17,7446.26,7200.79,219420.0,-2.60%
2020-02-03,7137.03,7206.22,7219.61,7129.19,128940.0,-0.89%
2020-02-04,7226.9,7172.41,7276.4,7158.2,132800.0,1.26%
2020-02-05,7352.85,7291.44,7352.85,7281.42,137650.0,1.74%
2020-02-06,7506.51,7373.59,7506.51,7373.59,141090.0,2.09%
2020-02-07,7507.2,7447.33,7507.2,7429.61,96740.0,0.01%
2020-02-10,7430.86,7510.84,7510.84,7414.01,119560.0,-1.02%
2020-02-11,7439.4,7444.66,7444.66,7403.23,104850.0,0.11%
2020-02-12,7383.1,7435.25,7440.31,7383.1,139770.0,-0.76%
2020-02-13,7403.12,7390.01,7403.12,7332.91,119250.0,0.27%
2020-02-14,7282.0,7405.15,7405.15,7282.0,145070.0,-1.64%
2020-02-17,7326.85,7305.66,7348.04,7292.95,92810.0,0.62%
2020-02-18,7322.89,7329.03,7346.0,7311.5,92430.0,-0.05%
2020-02-19,7396.94,7319.99,7396.94,7319.99,114220.0,1.01%
2020-02-20,7413.0,7426.91,7472.99,7413.0,99220.0,0.22%
2020-02-21,7369.78,7430.57,7431.03,7366.8,183290.0,-0.58%
2020-02-24,7187.44,7267.86,7270.47,7180.1,120680.0,-2.47%
2020-02-26,6909.84,7101.88,7101.88,6879.09,225470.0,-3.86%
2020-02-27,6967.84,6890.02,6979.57,6890.02,215970.0,0.84%
2020-02-28,6787.91,6858.91,6858.91,6769.97,247890.0,-2.58%
2020-03-02,6749.28,6759.37,6866.13,6700.75,155330.0,-0.57%
2020-03-03,6790.54,6854.9,6886.11,6790.54,170540.0,0.61%
2020-03-04,6867.26,6791.14,6867.26,6710.18,171160.0,1.13%
2020-03-05,6884.77,6899.02,6941.2,6872.97,175260.0,0.25%
2020-03-06,6770.38,6871.14,6871.14,6745.32,227000.0,-1.66%
2020-03-09,6312.61,6575.54,6575.54,6312.61,242820.0,-6.76%
2020-03-10,6318.38,6165.82,6387.53,6103.75,240030.0,0.09%
2020-03-11,6353.26,6384.28,6495.71,6336.68,192180.0,0.55%
2020-03-12,5736.27,6235.85,6235.85,5697.13,265190.0,-9.71%
2020-03-13,5793.94,5362.92,5878.4,5097.9,334700.0,1.01%
2020-03-16,5335.37,5506.96,5533.17,5335.37,246600.0,-7.91%
2020-03-17,5335.37,5506.96,5533.17,5335.37,246600.0,0.00%
2020-03-19,4623.42,4673.58,4751.72,4039.15,306470.0,-13.34%
2020-03-20,4778.76,4761.89,4936.2,4677.66,217930.0,3.36%
2020-03-23,4743.37,4527.29,4743.37,4509.22,217810.0,-0.74%
2020-03-24,4774.27,4817.06,4864.86,4771.78,250230.0,0.65%
2020-03-25,5027.76,5006.76,5073.58,4964.0,446810.0,5.31%
2020-03-26,5401.58,5128.27,5401.58,5076.26,262190.0,7.44%
2020-03-27,5266.62,5493.58,5641.94,5266.62,275100.0,-2.50%
2020-03-30,5131.16,5234.99,5234.99,4984.79,272500.0,-2.57%
2020-03-31,5321.23,5227.37,5340.09,5226.27,294470.0,3.70%
2020-04-01,5408.52,5321.79,5408.52,5290.85,163840.0,1.64%
2020-04-02,5342.31,5280.13,5342.31,5247.57,131180.0,-1.22%
2020-04-03,5346.97,5370.85,5372.7,5315.4,123290.0,0.09%
2020-04-06,5570.81,5380.51,5570.81,5345.94,220350.0,4.19%
2020-04-07,5650.01,5694.68,5713.63,5597.98,231090.0,1.42%
2020-04-08,5510.83,5593.71,5593.71,5498.54,186880.0,-2.46%
2020-04-13,5610.98,5551.96,5610.98,5521.49,169070.0,1.82%
2020-04-14,5780.88,5657.76,5780.88,5640.85,205020.0,3.03%
2020-04-15,5946.05,5824.76,5946.05,5807.68,279230.0,2.86%
2020-04-16,5525.6,5828.76,5828.76,5525.6,251790.0,-7.07%
2020-04-17,5789.97,5704.4,5789.97,5694.94,197250.0,4.78%
2020-04-20,5733.65,5813.93,5816.9,5704.2,121520.0,-0.97%
2020-04-21,5592.25,5704.3,5704.3,5571.08,139160.0,-2.47%
2020-04-22,5573.75,5517.67,5577.91,5461.94,113870.0,-0.33%
2020-04-23,5599.55,5631.84,5672.08,5599.55,82030.0,0.46%
2020-04-24,5464.98,5622.76,5622.76,5464.98,135670.0,-2.40%
2020-04-27,5450.45,5493.21,5493.21,5390.97,86640.0,-0.27%
2020-04-28,5574.98,5470.83,5574.98,5466.47,126700.0,2.28%
2020-04-29,5643.97,5589.27,5656.01,5556.23,127370.0,1.24%
2020-04-30,5700.71,5695.13,5716.88,5654.96,161310.0,1.01%
2020-05-04,5572.09,5601.39,5601.39,5502.05,135580.0,-2.26%
2020-05-05,5671.67,5610.0,5703.96,5603.4,263900.0,1.79%
2020-05-06,5639.27,5689.78,5702.58,5594.81,269230.0,-0.57%
2020-05-07,5653.16,5661.95,5670.34,5599.82,171870.0,0.25%
2020-05-08,5621.94,5674.47,5696.31,5621.94,174590.0,-0.55%
2020-05-11,5667.93,5641.53,5681.68,5627.19,116760.0,0.82%
2020-05-12,5651.67,5667.42,5668.36,5633.82,129960.00000000001,-0.29%
2020-05-13,5626.25,5656.19,5661.18,5607.77,144210.0,-0.45%
2020-05-14,5654.7,5612.97,5654.7,5556.81,86890.0,0.51%
2020-05-15,5541.95,5659.12,5664.25,5541.95,121280.0,-1.99%
2020-05-18,5479.35,5557.99,5557.99,5466.88,81340.0,-1.13%
2020-05-19,5555.85,5543.59,5571.4,5537.02,115470.0,1.40%
2020-05-20,5581.96,5568.4,5581.96,5518.52,71720.0,0.47%
2020-05-21,5604.49,5582.27,5613.9,5557.08,101500.0,0.40%
2020-05-22,5539.19,5600.96,5600.96,5535.65,116470.0,-1.17%
2020-05-25,5539.19,5539.19,5539.19,5539.19,,0.00%
2020-05-26,5496.83,5526.99,5533.65,5396.13,129610.00000000001,-0.76%
2020-05-27,5523.78,5499.97,5523.78,5423.78,135990.0,0.49%
2020-05-28,5570.22,5533.22,5574.22,5492.09,158360.0,0.84%
2020-05-29,5838.84,5600.72,5838.84,5600.72,484210.0,4.82%
2020-06-01,5930.17,5791.32,5931.65,5750.0,192530.0,1.56%
2020-06-02,6025.17,5933.43,6043.09,5930.05,221110.0,1.60%
2020-06-03,6245.65,6064.67,6245.65,6062.05,227710.0,3.66%
2020-06-04,6517.49,6231.56,6517.49,6231.56,330140.0,4.35%
2020-06-05,6465.13,6452.64,6465.13,6299.83,219590.0,-0.80%
2020-06-08,6514.0,6487.76,6551.26,6430.72,264930.0,0.76%
2020-06-09,6583.84,6527.36,6583.84,6438.97,252480.0,1.07%
2020-06-10,6439.37,6551.32,6551.32,6349.2,221000.0,-2.19%
2020-06-11,6476.24,6398.19,6476.24,6263.2,211130.0,0.57%
2020-06-15,6163.82,6340.32,6340.32,6163.82,211040.0,-4.82%
2020-06-16,6281.75,6226.96,6316.23,6197.29,163550.0,1.91%
2020-06-17,6282.01,6348.88,6352.9,6278.02,240200.0,0.00%
2020-06-18,6348.45,6258.88,6348.45,6205.25,162170.0,1.06%
2020-06-19,6315.07,6293.18,6375.03,6260.18,335170.0,-0.53%
2020-06-22,6347.43,6316.2,6347.43,6249.47,226800.0,0.51%
2020-06-23,6297.78,6324.52,6324.52,6258.37,219520.0,-0.78%
2020-06-24,6188.83,6304.33,6306.21,6188.83,209530.0,-1.73%
2020-06-25,6118.26,6156.79,6162.22,6109.22,253370.0,-1.14%
2020-06-26,6191.84,6137.61,6191.84,6092.01,151480.0,1.20%
2020-06-29,6105.18,6125.57,6125.57,6040.43,188500.0,-1.40%
2020-06-30,6207.72,6134.49,6207.72,6131.22,152310.0,1.68%
2020-07-01,6209.71,6223.54,6223.54,6139.44,104920.0,0.03%
2020-07-02,6364.08,6211.51,6382.6,6183.03,164440.0,2.49%
2020-07-03,6372.66,6383.37,6398.79,6322.92,114800.0,0.13%
2020-07-06,6328.41,6378.29,6381.06,6299.98,118980.0,-0.69%
2020-07-07,6267.4,6349.12,6349.61,6267.4,121790.0,-0.96%
2020-07-08,6285.5,6265.43,6287.74,6227.74,347410.0,0.29%
2020-07-09,6192.58,6282.43,6282.43,6192.58,99980.0,-1.48%
2020-07-10,6197.38,6157.47,6197.38,6098.53,121490.0,0.08%
2020-07-13,6172.57,6187.78,6187.78,6151.11,124850.0,-0.40%
2020-07-14,6172.81,6158.4,6178.68,6135.29,122800.0,0.00%
2020-07-15,6016.51,6166.32,6166.32,6010.88,204800.0,-2.53%
2020-07-16,6147.66,6034.76,6147.66,6034.76,103030.0,2.18%
2020-07-17,6088.75,6116.2,6141.23,6032.3,93360.0,-0.96%
2020-07-20,6150.7,6112.58,6150.7,6070.19,80340.0,1.02%
2020-07-21,6136.31,6114.09,6152.06,6095.74,99410.0,-0.23%
2020-07-22,6064.26,6138.38,6149.2,6064.26,135140.0,-1.17%
2020-07-23,6029.01,6076.9,6076.9,5915.83,120890.0,-0.58%
2020-07-24,6003.26,6002.2,6024.65,5968.72,61820.0,-0.43%
2020-07-27,5860.94,5985.24,5985.24,5858.28,108710.0,-2.37%
2020-07-28,5927.11,5849.83,5939.6,5799.11,105060.0,1.13%
2020-07-29,5966.27,5923.1,5966.27,5870.83,96060.0,0.66%
2020-07-30,5928.45,5968.13,5968.13,5928.45,120640.0,-0.63%
2020-08-03,5715.92,5816.23,5816.23,5695.53,161960.0,-3.58%
2020-08-04,5775.5,5691.74,5802.49,5691.74,130800.00000000001,1.04%
2020-08-05,5833.58,5812.22,5888.85,5803.58,161800.0,1.01%
2020-08-06,5902.58,5860.36,5902.58,5819.37,151550.0,1.18%
2020-08-07,5846.02,5906.87,5906.87,5834.86,129440.0,-0.96%
2020-08-10,5930.92,5853.12,5930.92,5832.6,89900.0,1.45%
2020-08-11,5953.94,5934.91,5984.35,5913.59,136880.0,0.39%
2020-08-12,5995.0,5980.49,5995.0,5966.97,112700.0,0.69%
2020-08-13,6097.78,6015.26,6097.78,6010.6,110730.0,1.71%
2020-08-14,6076.91,6069.67,6076.91,6014.78,251850.0,-0.34%
2020-08-17,6068.78,6081.11,6081.11,6012.14,119380.0,-0.13%
2020-08-18,6156.45,6098.08,6156.45,6058.98,134990.0,1.44%
2020-08-19,6042.12,6167.13,6167.13,6042.12,115530.0,-1.86%
2020-08-20,6005.4,6058.35,6064.09,5962.64,73510.0,-0.61%
2020-08-24,5943.58,5997.55,5997.55,5925.8,626450.0,-1.03%
2020-08-25,5953.44,5934.26,5962.89,5893.14,80690.0,0.17%
2020-08-26,5931.33,5935.83,5935.83,5895.7,118090.0,-0.37%
2020-08-27,5921.55,5930.04,5950.53,5919.74,116160.0,-0.16%
2020-08-28,5884.18,5917.71,5931.39,5872.26,203010.0,-0.63%
2020-09-01,5799.24,5922.06,5946.22,5799.24,149350.0,-1.44%
2020-09-02,5738.39,5820.7,5820.7,5703.59,140780.0,-1.05%
2020-09-03,5772.86,5751.14,5775.97,5723.46,121130.0,0.60%
2020-09-04,5785.09,5750.16,5785.09,5695.78,92770.0,0.21%
2020-09-07,5935.85,5787.7,5935.85,5772.01,115590.0,2.61%
2020-09-08,6034.03,5917.54,6034.03,5908.47,141550.0,1.65%
2020-09-09,5932.84,6000.16,6000.16,5932.84,120370.0,-1.68%
2020-09-10,5902.39,5955.55,5973.59,5902.39,117560.0,-0.51%
2020-09-11,5967.96,5906.94,5967.96,5888.36,92180.0,1.11%
2020-09-14,5997.14,5954.23,5997.14,5934.47,105410.0,0.49%
2020-09-15,6018.21,5989.44,6018.21,5947.85,102730.0,0.35%
2020-09-16,5946.62,5996.99,5996.99,5943.92,84450.0,-1.19%
2020-09-17,5943.52,5946.05,5946.05,5886.33,92820.0,-0.05%
2020-09-18,5908.9,5945.25,5952.1,5886.37,170590.0,-0.58%
2020-09-21,5909.32,5913.6,5925.31,5879.76,60420.0,0.01%
2020-09-22,5894.28,5893.19,5894.28,5837.03,78640.0,-0.25%
2020-09-23,5892.72,5900.88,5903.58,5876.78,83050.0,-0.03%
2020-09-24,5845.8,5888.2,5888.2,5845.8,102000.0,-0.80%
2020-09-25,5838.66,5842.81,5880.18,5829.66,89260.0,-0.12%
2020-09-28,5861.39,5870.52,5872.19,5846.23,77060.0,0.39%
2020-09-29,5841.6,5878.28,5878.32,5841.6,91540.0,-0.34%
2020-09-30,5864.23,5863.5,5878.53,5849.5,98140.0,0.39%
2020-10-01,5944.87,5881.9,5944.87,5857.38,77240.0,1.38%
2020-10-02,5999.4,5942.15,5999.4,5924.86,164010.0,0.92%
2020-10-05,5938.95,6005.58,6010.76,5938.95,181370.0,-1.01%
2020-10-06,5910.64,5938.41,5949.67,5850.85,152040.0,-0.48%
2020-10-07,5867.88,5904.91,5904.91,5845.68,175920.0,-0.72%
2020-10-08,5942.66,5888.45,5942.66,5825.48,189540.0,1.27%
2020-10-09,5931.61,5943.71,5943.71,5908.52,175230.0,-0.19%
2020-10-12,5937.05,5935.4,5954.47,5910.73,146600.0,0.09%
2020-10-13,5923.23,5938.61,5946.07,5920.77,128620.0,-0.23%
2020-10-14,5925.3,5923.92,5933.83,5913.01,133810.0,0.03%
2020-10-15,5938.33,5930.43,5950.5,5919.55,152750.0,0.22%
2020-10-16,5898.47,5921.34,5939.62,5898.47,140600.0,-0.67%
2020-10-19,6019.26,5913.78,6019.26,5913.78,112230.0,2.05%
2020-10-20,6112.71,6022.61,6133.0,6018.33,183300.0,1.55%
2020-10-21,6278.59,6146.04,6290.68,6146.04,287420.0,2.71%
2020-10-22,6344.63,6309.87,6344.63,6241.31,258339.99999999997,1.05%
2020-10-23,6484.06,6370.92,6484.45,6370.92,203820.0,2.20%
2020-10-26,6491.19,6496.19,6517.26,6453.2,141850.0,0.11%
2020-10-27,6415.08,6467.45,6467.45,6381.19,150490.0,-1.17%
2020-10-28,6377.79,6413.6,6415.03,6377.79,128990.00000000001,-0.58%
2020-10-29,6249.39,6326.31,6326.31,6248.48,164490.0,-2.01%
2020-10-30,6324.0,6233.6,6328.38,6202.9,147360.0,1.19%
2020-11-03,6335.56,6282.89,6358.42,6250.87,92460.0,0.18%
2020-11-04,6464.05,6374.47,6464.05,6334.09,126940.0,2.03%
2020-11-05,6644.77,6477.16,6702.75,6477.16,202370.0,2.80%
2020-11-06,6685.69,6686.13,6709.73,6571.0,196130.0,0.62%
2020-11-09,6685.85,6665.08,6685.85,6619.59,148710.0,0.00%
2020-11-10,7035.48,6792.58,7035.48,6792.58,273850.0,5.23%
2020-11-11,7024.26,6968.93,7079.18,6944.11,296450.0,-0.16%
2020-11-12,7024.26,6968.93,7079.18,6944.11,296450.0,0.00%
2020-11-13,6969.88,6933.89,6972.66,6917.02,191250.0,-0.77%
2020-11-16,6918.05,6991.39,6991.39,6857.89,174120.0,-0.74%
2020-11-17,6959.14,6950.52,6971.6,6921.12,172030.0,0.59%
2020-11-18,7051.78,6971.9,7051.78,6970.49,181960.0,1.33%
2020-11-19,6997.62,7008.96,7012.54,6974.65,181320.0,-0.77%
2020-11-20,7169.79,7024.23,7169.79,7021.18,226730.0,2.46%
2020-11-23,7178.62,7163.98,7263.71,7158.68,414390.0,0.12%
2020-11-24,7108.67,7211.13,7228.12,7016.11,210480.0,-0.97%
2020-11-25,7001.51,7125.44,7146.13,6994.79,268280.0,-1.51%
2020-11-26,6927.75,6987.32,6987.32,6843.11,186610.0,-1.05%
2020-11-27,6791.46,6885.07,6909.03,6791.46,594660.0,-1.97%
2020-12-01,7009.56,6740.3,7009.56,6740.3,172430.0,3.21%
2020-12-02,7080.62,7019.25,7080.62,6988.27,149630.0,1.01%
2020-12-03,7194.13,7077.63,7194.13,7022.86,256079.99999999997,1.60%
2020-12-04,7134.56,7184.57,7196.96,7097.35,176210.0,-0.83%
2020-12-07,7203.67,7173.7,7203.67,7142.3,150480.0,0.97%
2020-12-09,7102.66,7197.07,7247.34,7102.66,226230.0,-1.40%
2020-12-10,7154.43,7114.69,7166.85,7114.69,127980.0,0.73%
2020-12-11,7246.16,7183.88,7304.9,7181.22,167300.0,1.28%
2020-12-14,7281.35,7244.38,7311.21,7214.94,176260.0,0.49%
2020-12-15,7227.73,7281.91,7290.6,7214.14,203830.0,-0.74%
2020-12-16,7299.7,7242.47,7299.7,7202.49,138990.0,1.00%
2020-12-17,7298.02,7271.65,7298.02,7236.82,111070.0,-0.02%
2020-12-18,7272.8,7266.96,7286.67,7222.01,149700.0,-0.35%
2020-12-21,7224.89,7244.85,7251.02,7157.88,127100.0,-0.66%
2020-12-22,7202.39,7206.33,7206.54,7081.14,172670.0,-0.31%
2020-12-23,7204.38,7169.05,7206.46,7075.18,99910.0,0.03%
2020-12-28,7122.25,7142.95,7142.95,7058.66,89300.0,-1.14%
2020-12-29,7139.71,7123.12,7173.27,7120.82,118120.0,0.25%
2021-01-04,7197.5,7149.64,7207.79,7137.91,136510.0,0.81%
2021-01-05,7134.18,7186.72,7186.72,7104.0,123320.0,-0.88%
2021-01-06,7047.85,7126.91,7127.01,6928.9,112060.0,-1.21%
2021-01-07,7119.61,7054.39,7126.07,7028.06,92750.0,1.02%
2021-01-08,7289.88,7141.35,7289.88,7134.75,159050.0,2.39%
2021-01-11,7304.79,7292.99,7432.4,7285.08,121250.0,0.20%
2021-01-12,7258.11,7326.54,7326.54,7253.81,101990.0,-0.64%
2021-01-13,7242.85,7259.46,7284.6,7233.99,104130.0,-0.21%
2021-01-14,7273.15,7183.95,7308.44,7180.88,122650.0,0.42%
2021-01-15,7238.46,7282.26,7297.41,7238.46,90710.0,-0.48%
2021-01-18,7203.44,7230.05,7230.05,7157.63,85710.0,-0.48%
2021-01-19,7198.45,7158.73,7198.45,7137.56,73630.0,-0.07%
2021-01-20,7143.3,7164.06,7172.16,7082.75,103590.0,-0.77%
2021-01-21,7140.29,7161.07,7161.07,7112.33,77870.0,-0.04%
2021-01-22,7045.83,7116.76,7116.76,7007.2,110170.0,-1.32%
2021-01-25,7071.5,7026.77,7071.5,7012.76,82850.0,0.36%
2021-01-26,6977.16,7039.17,7039.17,6961.06,114690.0,-1.33%
2021-01-27,6863.61,6947.52,6949.48,6824.88,120010.0,-1.63%
2021-01-28,6851.84,6808.72,6918.3,6770.75,82270.0,-0.17%
2021-01-29,6612.62,6826.65,6827.38,6612.62,175330.0,-3.49%
2021-02-01,6814.76,6634.59,6814.76,6634.59,107300.0,3.06%
2021-02-02,6867.88,6838.26,6917.92,6837.31,80810.0,0.78%
2021-02-03,6859.46,6895.43,6913.3,6819.42,105550.0,-0.12%
2021-02-04,6903.75,6858.04,6903.75,6809.41,79210.0,0.65%
2021-02-05,7019.18,6899.15,7019.18,6843.83,96060.0,1.67%
2021-02-08,7024.48,6997.28,7032.12,6965.93,102240.0,0.08%
2021-02-09,7065.55,7014.79,7091.92,7014.79,101540.0,0.58%
2021-02-10,7082.15,7076.38,7159.11,7073.78,115750.0,0.23%
2021-02-11,6991.01,7059.48,7076.01,6991.01,132190.0,-1.29%
2021-02-15,6959.21,6996.58,7026.4,6959.21,79140.0,-0.45%
2021-02-16,7044.06,6969.93,7044.06,6969.93,92300.0,1.22%
2021-02-17,6966.43,6991.36,6995.6,6916.71,88260.0,-1.10%
2021-02-18,6849.64,6954.37,6972.26,6849.64,111350.0,-1.68%
2021-02-19,6926.41,6858.72,6926.41,6841.48,103240.0,1.12%
2021-02-22,6810.34,6901.93,6907.47,6810.34,78870.0,-1.68%
2021-02-23,6814.67,6808.13,6814.67,6736.42,111810.0,0.06%
2021-02-24,6755.95,6808.42,6808.42,6735.84,84960.0,-0.86%
2021-02-26,6794.86,6718.06,6827.17,6681.14,198570.0,0.58%
2021-03-01,6872.97,6828.7,6874.4,6798.81,107460.0,1.15%
2021-03-02,6919.54,6862.64,6919.54,6848.81,113350.0,0.68%
2021-03-03,6942.76,6918.74,6942.76,6871.18,80080.0,0.34%
2021-03-04,6882.49,6911.17,6921.1,6839.34,87510.0,-0.87%
2021-03-05,6881.37,6864.58,6896.25,6829.21,77540.0,-0.02%
2021-03-08,6756.92,6879.77,6879.77,6745.75,106260.0,-1.81%
2021-03-09,6766.83,6738.83,6769.38,6668.33,92580.0,0.15%
2021-03-10,6808.32,6752.9,6808.32,6727.1,113980.0,0.61%
2021-03-11,6719.18,6782.57,6782.57,6705.67,58970.0,-1.31%
2021-03-12,6728.55,6734.4,6749.13,6693.91,60800.0,0.14%
2021-03-15,6552.46,6694.09,6694.09,6489.79,126880.0,-2.62%
2021-03-16,6559.08,6529.1,6610.53,6519.18,74770.0,0.10%
2021-03-17,6566.83,6574.31,6593.53,6548.54,88590.0,0.12%
2021-03-18,6630.85,6581.47,6675.84,6577.64,94190.0,0.97%
2021-03-19,6436.1,6628.74,6638.93,6436.1,149880.0,-2.94%
2021-03-22,6395.17,6381.59,6444.58,6325.64,77080.0,-0.64%
2021-03-23,6446.35,6381.82,6446.35,6381.82,83560.0,0.80%
2021-03-24,6497.01,6427.72,6497.01,6393.14,83840.0,0.79%
2021-03-25,6581.0,6498.51,6603.55,6498.51,125590.0,1.29%
2021-03-26,6544.63,6567.89,6576.6,6526.29,104300.0,-0.55%
2021-03-29,6607.78,6469.26,6653.52,6432.07,107050.0,0.96%
2021-03-30,6545.55,6586.93,6603.06,6504.18,82150.0,-0.94%
2021-03-31,6443.09,6554.43,6557.04,6443.09,114920.0,-1.57%
2021-04-05,6495.15,6447.4,6500.35,6446.04,77840.0,0.81%
2021-04-06,6590.11,6521.26,6590.11,6518.49,78840.0,1.46%
2021-04-07,6651.71,6591.05,6651.71,6578.12,133690.0,0.93%
2021-04-08,6545.17,6648.71,6648.71,6542.27,93580.0,-1.60%
2021-04-12,6518.64,6562.11,6566.67,6504.59,93670.0,-0.41%
2021-04-13,6457.79,6520.03,6520.03,6431.71,129720.0,-0.93%
2021-04-14,6523.21,6474.25,6523.21,6453.26,117880.0,1.01%
2021-04-15,6539.96,6505.13,6539.96,6464.49,140460.0,0.26%
2021-04-16,6494.81,6533.56,6533.56,6490.68,85320.0,-0.69%
2021-04-19,6459.76,6503.77,6503.77,6459.76,131570.0,-0.54%
2021-04-20,6500.42,6464.65,6500.42,6459.44,105610.0,0.63%
2021-04-21,6439.39,6492.52,6494.78,6439.39,139960.0,-0.94%
2021-04-22,6415.53,6451.23,6451.65,6374.33,146030.0,-0.37%
2021-04-23,6378.07,6423.3,6424.55,6371.43,125690.0,-0.58%
2021-04-26,6389.38,6417.77,6417.77,6348.56,107570.0,0.18%
2021-04-27,6356.47,6387.15,6397.74,6356.47,139850.0,-0.52%
2021-04-28,6469.14,6381.74,6469.14,6375.29,139170.0,1.77%
2021-04-29,6487.51,6453.26,6487.51,6420.94,118700.0,0.28%
2021-04-30,6370.87,6475.61,6476.11,6370.87,116890.0,-1.80%
2021-05-03,6369.28,6392.97,6419.52,6369.28,77770.0,-0.02%
2021-05-04,6359.15,6391.83,6397.19,6356.14,90430.0,-0.16%
2021-05-05,6299.69,6352.55,6354.81,6299.69,109920.0,-0.94%
2021-05-06,6282.78,6310.37,6322.17,6233.33,107260.0,-0.27%
2021-05-07,6258.71,6278.7,6305.99,6257.5,86860.0,-0.38%
2021-05-10,6317.41,6279.79,6321.51,6279.79,88740.0,0.94%
2021-05-11,6326.83,6298.92,6341.12,6281.61,128680.0,0.15%
2021-05-12,6236.4,6310.33,6310.33,6221.93,199330.0,-1.43%
2021-05-14,6269.36,6262.31,6269.36,6080.94,286070.0,0.53%
2021-05-17,6283.58,6226.83,6283.58,6188.74,139270.0,0.23%
2021-05-18,6244.74,6230.54,6258.77,6210.0,124210.0,-0.62%
2021-05-20,6197.64,6253.02,6253.02,6197.64,110970.0,-0.75%
2021-05-21,6199.25,6201.88,6218.41,6172.18,115680.0,0.03%
2021-05-24,6164.89,6195.87,6209.05,6156.2,165100.0,-0.55%
2021-05-25,6196.71,6173.25,6203.0,6164.9,176350.0,0.52%
2021-05-26,6341.24,6223.67,6377.1,6213.44,235770.0,2.33%
2021-05-27,6665.14,6374.31,6665.14,6365.76,1270000.0,5.11%
2021-05-28,6674.51,6622.18,6688.07,6597.5,301770.0,0.14%
2021-05-31,6628.49,6656.88,6687.64,6588.04,122390.0,-0.69%
2021-06-01,6627.43,6619.02,6644.82,6576.64,79090.0,-0.02%
2021-06-02,6841.69,6631.72,6841.69,6631.72,226850.0,3.23%
2021-06-03,6791.87,6835.24,6835.24,6760.19,138950.0,-0.73%
2021-06-04,6796.34,6789.03,6810.76,6761.91,110600.0,0.07%
2021-06-07,6763.92,6801.36,6801.36,6758.09,88820.0,-0.48%
2021-06-08,6809.72,6781.04,6809.72,6767.34,83220.0,0.68%
2021-06-09,6902.54,6811.46,6922.87,6805.0,184070.0,1.36%
2021-06-10,6875.71,6923.95,6925.14,6872.72,164090.0,-0.39%
2021-06-11,6907.79,6890.03,6910.33,6872.59,120670.0,0.47%
2021-06-14,6917.49,6898.2,6917.49,6871.71,108330.0,0.14%
2021-06-15,6976.73,6908.81,6976.73,6893.45,118010.0,0.86%
2021-06-16,6973.35,6957.95,7001.21,6957.95,153400.0,-0.05%
2021-06-17,6887.92,6968.56,6974.56,6878.47,111490.0,-1.23%
2021-06-18,6851.38,6878.99,6896.36,6800.7,167070.0,-0.53%
2021-06-21,6827.17,6840.22,6849.45,6783.19,120710.0,-0.35%
2021-06-22,6870.41,6834.19,6910.17,6834.19,77060.0,0.63%
2021-06-23,6918.41,6871.83,6918.96,6871.83,80890.0,0.70%
2021-06-24,6886.0,6917.9,6919.13,6886.0,109640.0,-0.47%
2021-06-25,6950.51,6894.27,6950.51,6894.27,92570.0,0.94%
2021-06-28,6937.96,6949.53,6954.61,6901.89,139890.0,-0.18%
2021-06-29,6956.65,6939.25,6956.65,6921.07,119300.0,0.27%
2021-06-30,6901.91,6941.16,6957.56,6901.91,140520.0,-0.79%
2021-07-01,6964.01,6949.98,7002.23,6946.21,108650.0,0.90%
2021-07-02,7002.26,6976.27,7002.26,6963.44,156270.0,0.55%
2021-07-05,7036.38,6993.68,7037.14,6992.7,89910.0,0.49%
2021-07-06,6992.43,7064.24,7064.24,6992.43,120250.0,-0.62%
2021-07-07,6943.0,6994.13,6994.13,6924.21,141940.0,-0.71%
2021-07-08,6924.99,6945.99,6966.53,6917.38,116660.0,-0.26%
2021-07-09,6834.92,6900.34,6900.34,6745.85,179100.0,-1.30%
2021-07-12,6913.87,6838.18,6913.87,6838.18,83300.0,1.16%
2021-07-13,6795.13,6907.48,6907.48,6795.13,116460.0,-1.72%
2021-07-14,6835.41,6811.59,6835.41,6785.84,120840.0,0.59%
2021-07-15,6727.93,6829.05,6832.69,6727.93,80870.0,-1.57%
2021-07-16,6693.83,6743.78,6783.91,6653.53,142920.0,-0.51%
2021-07-19,6587.2,6665.54,6665.54,6510.43,148030.0,-1.59%
2021-07-20,6587.2,6587.2,6587.2,6587.2,,0.00%
2021-07-21,6476.21,6611.67,6611.67,6451.12,147790.0,-1.68%
2021-07-22,6576.62,6496.97,6586.01,6496.97,88040.0,1.55%
2021-07-23,6520.74,6600.88,6611.31,6461.75,86560.0,-0.85%
2021-07-26,6372.61,6509.74,6509.74,6372.61,73380.0,-2.27%
2021-07-27,6522.58,6404.21,6522.58,6401.66,74070.0,2.35%
2021-07-28,6473.03,6511.83,6511.83,6370.25,117580.0,-0.76%
2021-07-29,6496.53,6465.21,6523.56,6442.51,116930.0,0.36%
2021-07-30,6270.23,6520.12,6520.12,6270.23,145820.0,-3.48%
2021-08-02,6446.31,6304.03,6446.31,6293.66,91220.0,2.81%
2021-08-03,6560.06,6442.4,6560.06,6376.11,114030.0,1.76%
2021-08-04,6585.21,6570.94,6598.18,6545.56,90930.0,0.38%
2021-08-05,6547.27,6605.46,6605.46,6539.91,134160.0,-0.58%
2021-08-06,6539.91,6549.89,6578.41,6539.91,137220.0,-0.11%
2021-08-09,6632.57,6555.74,6637.43,6537.2,133220.0,1.42%
2021-08-10,6623.23,6644.39,6644.39,6584.63,150380.0,-0.14%
2021-08-11,6666.86,6630.06,6666.86,6630.06,142230.0,0.66%
2021-08-12,6556.57,6648.23,6648.23,6546.09,119050.0,-1.65%
2021-08-13,6320.19,6564.78,6588.44,6320.19,381350.0,-3.61%
2021-08-16,6513.68,6420.31,6513.68,6413.77,131900.0,3.06%
2021-08-17,6561.41,6511.02,6589.35,6511.02,129240.00000000001,0.73%
2021-08-18,6680.18,6568.72,6680.18,6567.52,125970.0,1.81%
2021-08-19,6718.51,6678.43,6718.51,6615.24,113240.0,0.57%
2021-08-20,6633.22,6717.94,6743.28,6633.22,143780.0,-1.27%
2021-08-23,6591.67,6679.52,6690.18,6591.67,107930.0,-0.63%
2021-08-24,6678.82,6631.87,6678.82,6628.4,126280.0,1.32%
2021-08-25,6822.15,6682.93,6822.15,6666.93,98940.0,2.15%
2021-08-26,6820.53,6822.83,6850.18,6808.94,191350.0,-0.02%
2021-08-27,6786.62,6799.08,6831.26,6774.02,91660.0,-0.50%
2021-08-31,6855.44,6786.11,6855.44,6651.01,286090.0,1.01%
2021-09-01,6785.94,6829.58,6868.79,6779.74,170320.0,-1.01%
2021-09-02,6834.66,6831.96,6887.12,6828.89,185940.0,0.72%
2021-09-03,6897.13,6841.13,6897.13,6841.13,168640.0,0.91%
2021-09-06,6877.1,6884.63,6898.92,6867.12,130490.00000000001,-0.29%
2021-09-07,6912.71,6892.8,6924.14,6884.05,125170.0,0.52%
2021-09-08,6949.39,6893.16,6949.39,6865.03,115530.0,0.53%
2021-09-09,6924.02,6939.1,6949.6,6897.12,139740.0,-0.37%
2021-09-10,6970.51,6914.97,6970.51,6908.67,146270.0,0.67%
2021-09-13,6968.14,6960.98,6973.08,6937.25,115600.0,-0.03%
2021-09-14,6920.36,6976.89,7033.06,6920.36,151610.0,-0.69%
2021-09-15,6880.2,6927.48,6974.97,6861.01,160280.0,-0.58%
2021-09-16,6968.43,6893.54,6968.43,6885.7,159190.0,1.28%
2021-09-17,6912.85,6962.04,6979.92,6912.85,368160.0,-0.80%
2021-09-20,6857.9,6922.52,6928.83,6824.6,156910.0,-0.79%
2021-09-21,6881.2,6794.13,6890.97,6779.19,127880.0,0.34%
2021-09-22,6890.73,6891.44,6934.41,6890.67,162050.0,0.14%
2021-09-23,6915.28,6904.5,6974.0,6904.5,128660.0,0.36%
2021-09-24,6951.53,6940.22,6985.99,6939.98,139800.0,0.52%
2021-09-27,6956.26,6965.86,6987.26,6947.34,181890.0,0.07%
2021-09-28,6885.36,6984.54,6984.54,6868.34,168090.0,-1.02%
2021-09-29,6934.11,6875.16,6934.11,6771.76,224220.0,0.71%
2021-09-30,6952.88,6916.82,6984.14,6904.69,174780.0,0.27%
2021-10-01,6923.6,6964.49,6984.79,6923.6,92230.0,-0.42%
2021-10-04,6960.89,6929.71,6964.04,6929.71,103540.0,0.54%
2021-10-05,6981.24,6946.76,6981.24,6921.65,103160.0,0.29%
2021-10-06,7057.45,6989.54,7073.1,6973.28,197030.0,1.09%
2021-10-07,6951.3,7049.17,7098.3,6951.3,215710.0,-1.50%
2021-10-08,6906.86,6972.18,7076.01,6906.86,266390.0,-0.64%
2021-10-11,7124.01,6936.46,7171.43,6936.46,187360.0,3.14%
2021-10-12,7107.82,7115.24,7166.63,7095.91,172350.0,-0.23%
2021-10-13,7068.92,7121.59,7159.42,7030.68,262900.0,-0.55%
2021-10-14,7183.11,7132.19,7194.59,7132.19,217100.0,1.62%
2021-10-15,7213.46,7194.99,7228.59,7168.42,227790.0,0.42%
2021-10-18,7219.81,7193.57,7225.74,7158.24,240880.0,0.09%
2021-10-19,7266.31,7236.26,7289.97,7236.26,230920.0,0.64%
2021-10-20,7297.08,7250.46,7297.08,7250.46,169100.0,0.42%
2021-10-21,7311.72,7321.25,7326.1,7279.91,282950.0,0.20%
2021-10-22,7289.61,7305.22,7305.22,7265.42,139020.0,-0.30%
2021-10-25,7211.54,7277.82,7295.35,7198.42,162380.0,-1.07%
2021-10-26,7252.1,7221.49,7252.1,7181.47,156370.0,0.56%
2021-10-27,7230.15,7254.2,7287.03,7218.61,180860.0,-0.30%
2021-10-28,7157.73,7235.22,7251.48,7144.44,160170.0,-1.00%
2021-10-29,7054.7,7159.66,7182.61,7043.68,179210.0,-1.44%
2021-11-02,7106.01,7159.66,7182.61,7043.68,,0.73%
2021-11-03,7184.72,7136.67,7210.96,7136.67,136540.0,1.11%
2021-11-04,7203.72,7221.47,7224.05,7176.64,101060.0,0.26%
2021-11-05,7340.77,7247.21,7354.37,7243.28,189920.0,1.90%
2021-11-08,7396.22,7374.42,7424.94,7373.53,168520.0,0.76%
2021-11-09,7441.67,7415.97,7441.67,7407.28,192740.0,0.61%
2021-11-10,7375.68,7454.49,7475.75,7361.3,131920.0,-0.89%
2021-11-11,7331.65,7360.89,7376.72,7315.22,119840.0,-0.60%
2021-11-12,7382.84,7329.81,7387.82,7329.25,184200.0,0.70%
2021-11-15,7342.37,7378.73,7378.73,7333.31,109100.0,-0.55%
2021-11-16,7367.42,7343.24,7367.42,7307.71,184420.0,0.34%
2021-11-17,7349.82,7356.87,7381.46,7344.36,105520.0,-0.24%
2021-11-18,7299.34,7358.07,7358.07,7292.78,108600.0,-0.69%
2021-11-19,7280.57,7298.09,7298.09,7209.67,140000.0,-0.26%
2021-11-22,7282.67,7268.74,7282.67,7231.9,122640.0,0.03%
2021-11-23,7401.16,7272.7,7401.16,7261.11,172690.0,1.63%
2021-11-24,7419.1,7395.49,7419.1,7365.77,135220.0,0.24%
2021-11-25,7369.27,7389.11,7397.58,7335.46,135570.0,-0.67%
2021-11-26,7278.44,7346.07,7346.07,7263.43,218510.0,-1.23%
2021-11-29,7200.88,7151.66,7202.72,7000.0,795540.0,-1.07%
2021-12-01,6947.06,7194.09,7194.09,6928.3,296570.0,-3.52%
2021-12-02,7032.54,6952.48,7065.89,6945.99,168870.0,1.23%
2021-12-03,7055.19,7074.01,7120.07,7055.19,105210.0,0.32%
2021-12-06,7130.74,7075.76,7151.48,7075.76,119560.0,1.07%
2021-12-07,7147.3,7153.42,7170.82,7098.03,179700.0,0.23%
2021-12-08,7147.3,7147.3,7147.3,7147.3,,0.00%
2021-12-09,7234.92,7124.66,7234.92,7113.72,180380.0,1.23%
2021-12-10,7192.17,7231.24,7231.24,7180.36,100470.0,-0.59%
2021-12-13,7197.61,7192.8,7226.82,7165.25,115550.0,0.08%
2021-12-14,7241.99,7252.01,7252.01,7158.65,115880.0,0.62%
2021-12-15,7132.58,7234.97,7263.27,7096.15,225460.0,-1.51%
2021-12-16,7233.26,7132.58,7233.26,7132.58,144340.0,1.41%
2021-12-17,7297.66,7195.44,7297.66,7188.71,130680.0,0.89%
2021-12-20,7237.61,7236.12,7239.85,7179.41,83930.0,-0.82%
2021-12-21,7167.06,7226.0,7234.9,7167.06,197430.0,-0.97%
2021-12-22,7119.19,7178.54,7201.12,7100.07,105020.0,-0.67%
2021-12-23,7248.05,7143.67,7248.05,7143.67,131780.0,1.81%
2021-12-24,7181.86,7257.72,7257.72,7181.86,44990.0,-0.91%
2021-12-27,7254.8,7184.88,7254.8,7166.93,53090.0,1.02%
2021-12-28,7286.5,7239.78,7288.58,7239.78,90760.0,0.44%
2021-12-29,7334.56,7277.08,7334.56,7237.01,161400.0,0.66%
2021-12-31,7122.63,7274.69,7274.69,7119.44,108190.0,-2.89%
2022-01-03,7041.27,7101.64,7101.64,7041.27,86330.0,-1.14%
2022-01-05,7091.4,7069.17,7131.0,6999.17,167230.0,0.71%
2022-01-06,7085.52,7037.99,7085.52,7008.07,114940.0,-0.08%
2022-01-07,7011.11,7074.99,7077.25,6978.08,152300.0,-1.05%
2022-01-10,7140.67,6990.07,7156.84,6966.85,123360.0,1.85%
2022-01-11,7085.69,7114.87,7160.8,7067.98,111350.0,-0.77%
2022-01-12,7215.13,7142.53,7215.13,7134.0,123140.0,1.83%
2022-01-13,7307.75,7217.38,7317.09,7217.38,129160.0,1.28%
2022-01-14,7261.34,7281.45,7293.44,7261.34,89300.0,-0.64%
2022-01-17,7223.83,7266.41,7280.11,7223.83,72860.0,-0.52%
2022-01-18,7343.96,7246.35,7343.96,7244.84,69950.0,1.66%
2022-01-19,7261.54,7304.62,7304.62,7242.28,101470.0,-1.12%
2022-01-20,7239.28,7258.17,7281.56,7218.68,181970.0,-0.31%
2022-01-21,7293.52,7225.22,7293.52,7204.27,77950.0,0.75%
2022-01-24,7252.64,7256.4,7256.85,7215.27,76900.0,-0.56%
2022-01-25,7288.21,7262.63,7288.21,7242.08,83430.0,0.49%
2022-01-26,7253.61,7283.15,7283.15,7210.21,107960.0,-0.47%
2022-01-27,7273.52,7243.69,7275.28,7237.8,79200.0,0.27%
2022-01-28,7251.97,7266.96,7315.31,7251.97,132460.0,-0.30%
2022-01-31,7361.65,7279.05,7369.94,7279.05,113970.0,1.51%
2022-02-02,7458.99,7380.14,7517.5,7380.14,127060.0,1.32%
2022-02-03,7382.77,7460.59,7460.59,7382.77,101900.0,-1.02%
2022-02-04,7456.35,7407.97,7470.13,7394.44,129610.00000000001,1.00%
2022-02-07,7380.3,7469.29,7474.53,7378.7,166460.0,-1.02%
2022-02-08,7458.23,7400.9,7473.71,7400.9,98080.0,1.06%
2022-02-09,7502.48,7475.21,7552.2,7475.21,158870.0,0.59%
2022-02-10,7432.62,7508.73,7538.78,7427.44,173810.0,-0.93%
2022-02-11,7270.36,7446.21,7446.21,7270.36,425910.0,-2.18%
2022-02-14,7361.15,7276.63,7361.15,7276.63,179500.0,1.25%
2022-02-15,7309.94,7338.28,7372.65,7292.95,218840.0,-0.70%
2022-02-16,7452.82,7324.88,7452.82,7324.88,214470.0,1.95%
2022-02-17,7438.93,7455.09,7464.19,7423.95,167250.0,-0.19%
2022-02-18,7418.79,7419.58,7425.44,7368.67,187380.0,-0.27%
2022-02-21,7372.25,7330.44,7372.25,7257.43,141770.0,-0.63%
2022-02-22,7440.91,7341.35,7440.91,7289.65,139830.0,0.93%
2022-02-23,7364.21,7414.99,7414.99,7347.44,135260.0,-1.03%
2022-02-24,7212.23,7355.87,7383.9,7179.63,219400.0,-2.06%
2022-02-28,7311.01,7175.82,7326.07,7175.82,227990.0,1.37%
2022-03-01,7404.61,7322.38,7404.61,7317.44,126100.0,1.28%
2022-03-02,7304.02,7375.62,7379.13,7286.26,103960.0,-1.36%
2022-03-03,7388.09,7319.88,7388.09,7310.24,108950.0,1.15%
2022-03-04,7342.01,7369.8,7375.28,7320.44,87240.0,-0.62%
2022-03-07,7288.07,7304.76,7304.76,7158.33,158550.0,-0.73%
2022-03-08,6977.73,7167.95,7176.19,6977.73,231680.0,-4.26%
2022-03-09,6989.88,6967.54,7095.12,6967.54,156450.0,0.17%
2022-03-10,7124.8,7094.78,7125.4,7043.45,129810.0,1.93%
2022-03-11,7112.19,7084.78,7112.19,7044.84,118950.0,-0.18%
2022-03-14,6816.95,7076.79,7076.79,6797.09,171860.0,-4.15%
2022-03-15,7019.92,6820.78,7019.92,6638.4,172550.0,2.98%
2022-03-16,7026.45,7004.57,7026.45,6957.46,143220.0,0.09%
2022-03-17,7122.45,7053.54,7156.77,7046.56,157910.0,1.37%
2022-03-18,7007.63,7112.0,7140.9,7007.63,367900.0,-1.61%
2022-03-21,6956.6,7024.79,7054.98,6949.85,127750.0,-0.73%
2022-03-22,7008.94,6940.85,7008.94,6900.49,118360.0,0.75%
2022-03-23,7009.43,6986.19,7013.67,6977.61,94590.0,0.01%
2022-03-24,7082.61,7013.39,7082.61,6985.47,125080.0,1.04%
2022-03-25,7124.84,7073.61,7124.84,7048.53,102100.0,0.60%
2022-03-28,7134.36,7120.74,7134.36,7080.37,87930.0,0.13%
2022-03-29,7115.09,7090.22,7115.09,7062.72,115640.0,-0.27%
2022-03-30,7167.02,7097.18,7167.02,7097.18,164390.0,0.73%
2022-03-31,7203.47,7173.69,7203.47,7156.49,172400.0,0.51%
2022-04-01,7152.88,7160.48,7162.44,7103.47,101970.0,-0.70%
2022-04-04,7163.21,7124.25,7163.21,7124.25,78500.0,0.14%
2022-04-05,7156.07,7158.57,7158.57,7106.49,70360.0,-0.10%
2022-04-06,7109.26,7129.27,7130.92,7080.49,82680.0,-0.65%
2022-04-07,6926.03,7100.06,7120.82,6926.03,149630.0,-2.58%
2022-04-08,7018.02,6957.42,7018.02,6950.1,87220.0,1.33%
2022-04-11,6988.29,7017.95,7026.92,6988.29,57400.0,-0.42%
2022-04-12,6895.36,6992.97,6992.97,6895.36,105290.0,-1.33%
2022-04-13,6984.9,6907.97,6984.9,6907.97,76910.0,1.30%
2022-04-18,6996.11,7010.92,7010.92,6977.4,52800.0,0.16%
2022-04-19,7037.74,7009.48,7047.49,7009.15,98470.0,0.60%
2022-04-20,7142.42,7085.23,7142.42,7067.74,92660.0,1.49%
2022-04-21,7061.49,7145.5,7156.85,7050.62,104830.0,-1.13%
2022-04-22,6998.59,7067.93,7072.59,6959.95,76630.0,-0.89%
2022-04-25,7020.83,6971.88,7020.83,6913.43,84810.0,0.32%
2022-04-26,6980.02,6996.01,7001.91,6964.0,73120.0,-0.58%
2022-04-27,6863.91,6936.1,6945.3,6832.92,89250.0,-1.66%
2022-04-28,6909.45,6858.0,6909.45,6828.85,97700.0,0.66%
2022-04-29,6731.25,6911.64,6911.64,6731.25,189900.0,-2.58%
2022-05-02,6721.08,6742.83,6764.1,6668.39,79480.0,-0.15%
2022-05-04,6802.73,6736.3,6802.73,6630.46,111260.0,1.21%
2022-05-05,6868.92,6827.94,6881.59,6785.39,104520.0,0.97%
2022-05-06,6759.9,6800.94,6855.01,6759.9,93330.0,-1.59%
2022-05-09,6759.9,6759.9,6759.9,6759.9,,0.00%
2022-05-10,6720.93,6632.35,6720.93,6547.44,170510.0,-0.58%
2022-05-11,6635.86,6677.24,6695.85,6630.52,153700.0,-1.27%
2022-05-12,6532.3,6633.68,6633.68,6532.3,170320.0,-1.56%
2022-05-13,6379.17,6545.52,6569.36,6379.17,340020.0,-2.34%
2022-05-16,6502.12,6458.57,6539.33,6458.57,173590.0,1.93%
2022-05-17,6594.66,6518.12,6594.66,6495.68,298110.0,1.42%
2022-05-18,6727.6,6621.17,6727.6,6607.98,223600.0,2.02%
2022-05-19,6660.05,6651.17,6711.15,6597.14,225670.0,-1.00%
2022-05-20,6746.33,6683.15,6763.74,6683.15,167040.0,1.30%
2022-05-23,6687.85,6757.59,6757.59,6678.01,143020.0,-0.87%
2022-05-24,6577.45,6693.61,6693.61,6577.45,145010.0,-1.65%
2022-05-25,6597.76,6580.09,6612.08,6574.98,133830.0,0.31%
2022-05-26,6645.52,6607.19,6645.52,6589.18,139220.0,0.72%
2022-05-27,6726.14,6655.51,6726.14,6641.16,142270.0,1.21%
2022-05-30,6822.32,6741.95,6839.27,6729.9,153900.0,1.43%
2022-05-31,6774.68,6832.08,6832.08,6774.68,1030000.0,-0.70%
2022-06-01,6712.21,6786.92,6786.92,6698.79,118320.0,-0.92%
2022-06-02,6686.83,6722.73,6722.73,6653.41,84390.0,-0.38%
2022-06-03,6741.4,6667.62,6743.15,6653.96,93780.0,0.82%
2022-06-06,6716.88,6747.6,6749.07,6699.97,132100.0,-0.36%
2022-06-07,6754.01,6717.62,6754.01,6705.63,96530.0,0.55%
2022-06-08,6769.62,6768.35,6797.55,6733.14,110180.0,0.23%
2022-06-09,6758.59,6796.38,6796.38,6684.63,101690.0,-0.16%
2022-06-10,6530.04,6713.33,6713.33,6530.04,121070.0,-3.38%
2022-06-13,6467.01,6503.06,6503.53,6430.45,125310.0,-0.97%
2022-06-14,6474.53,6416.87,6474.53,6384.41,131290.0,0.12%
2022-06-15,6319.42,6443.85,6472.64,6319.42,128020.00000000001,-2.40%
2022-06-16,6393.01,6374.43,6393.38,6327.23,128020.00000000001,1.16%
2022-06-17,6331.56,6308.86,6331.56,6273.73,281290.0,-0.96%
2022-06-20,6333.94,6341.98,6349.01,6302.5,87060.0,0.04%
2022-06-21,6285.19,6349.26,6370.74,6255.68,108900.0,-0.77%
2022-06-22,6168.0,6289.27,6299.41,6168.0,149470.0,-1.86%
2022-06-23,6065.23,6177.56,6215.9,6054.79,140880.0,-1.67%
2022-06-24,6217.56,6096.48,6217.56,6096.48,142520.0,2.51%
2022-06-27,6238.82,6241.94,6253.51,6197.98,143280.0,0.34%
2022-06-28,6345.41,6247.14,6349.49,6232.05,162340.0,1.71%
2022-06-29,6303.19,6361.23,6374.91,6303.19,131200.0,-0.67%
2022-06-30,6155.43,6321.04,6337.34,6140.22,171470.0,-2.34%
2022-07-01,6165.35,6174.37,6223.56,6148.43,124660.0,0.16%
2022-07-04,6183.62,6195.9,6210.83,6160.88,100440.0,0.30%
2022-07-05,6309.99,6193.16,6309.99,6193.16,110670.0,2.04%
2022-07-06,6445.01,6323.62,6445.01,6312.09,132590.0,2.14%
2022-07-07,6352.32,6419.9,6425.23,6332.54,127780.0,-1.44%
2022-07-08,6361.82,6366.68,6497.97,6358.44,168630.0,0.15%
2022-07-11,6388.64,6381.11,6396.0,6315.52,80810.0,0.42%
2022-07-12,6349.94,6378.34,6393.68,6349.94,80070.0,-0.61%
2022-07-13,6255.37,6347.63,6351.82,6235.57,128060.0,-1.49%
2022-07-14,6248.13,6250.06,6255.96,6166.61,111960.0,-0.12%
2022-07-15,6195.26,6240.83,6240.83,6127.26,111780.0,-0.85%
2022-07-18,6268.78,6182.27,6268.78,6162.27,80850.0,1.19%
2022-07-19,6286.24,6255.57,6287.03,6249.26,90210.0,0.28%
2022-07-20,6274.8,6294.97,6351.77,6263.99,116830.0,-0.18%
2022-07-21,6256.17,6298.31,6347.58,6245.63,149240.0,-0.30%
2022-07-22,6263.39,6258.57,6266.63,6233.41,63120.0,0.12%
2022-07-25,6209.53,6239.35,6241.66,6163.26,72340.0,-0.86%
2022-07-26,6223.0,6206.8,6234.25,6201.97,74560.0,0.22%
2022-07-27,6236.76,6208.93,6237.27,6171.45,56440.0,0.22%
2022-07-28,6379.26,6274.72,6379.26,6274.72,98840.0,2.28%
2022-07-29,6315.93,6351.7,6351.7,6265.95,117530.0,-0.99%
2022-08-01,6312.03,6309.07,6325.97,6227.33,134740.0,-0.06%
2022-08-02,6362.3,6310.03,6362.3,6291.94,117090.0,0.80%
2022-08-03,6430.08,6359.97,6430.08,6336.02,133200.0,1.07%
2022-08-04,6483.11,6435.61,6483.11,6415.39,104840.0,0.82%
2022-08-05,6405.5,6484.61,6519.8,6405.5,270360.0,-1.20%
2022-08-08,6434.24,6425.47,6437.92,6370.83,119750.0,0.45%
2022-08-09,6468.97,6431.6,6468.97,6408.39,129380.0,0.54%
2022-08-10,6471.84,6464.56,6471.84,6413.96,121550.0,0.04%
2022-08-11,6680.68,6505.74,6680.68,6505.74,196950.0,3.23%
2022-08-12,6699.66,6676.27,6730.53,6646.79,173900.0,0.28%
2022-08-15,6737.84,6699.49,6745.96,6691.17,110420.0,0.57%
2022-08-16,6850.64,6735.56,6850.64,6703.09,207020.0,1.67%
2022-08-17,6818.99,6845.65,6883.6,6817.0,155970.0,-0.46%
2022-08-18,6824.63,6770.42,6844.14,6753.03,181200.0,0.08%
2022-08-19,6863.86,6834.76,6867.89,6819.15,102640.0,0.57%
2022-08-22,6704.41,6848.95,6848.95,6704.41,119970.0,-2.32%
2022-08-23,6618.38,6680.52,6680.52,6591.83,126040.0,-1.28%
2022-08-24,6643.45,6618.86,6677.69,6614.84,75160.0,0.38%
2022-08-25,6706.43,6657.18,6726.68,6656.7,61840.0,0.95%
2022-08-26,6752.5,6697.04,6752.5,6680.73,176280.0,0.69%
2022-08-30,6690.27,6616.43,6690.44,6600.99,146200.0,-0.92%
2022-08-31,6583.65,6661.15,6661.15,6583.65,247460.0,-1.59%
2022-09-01,6588.28,6594.67,6606.21,6569.17,125630.0,0.07%
2022-09-02,6692.65,6586.08,6692.65,6586.08,97460.0,1.58%
2022-09-05,6676.04,6693.84,6698.54,6640.03,84400.0,-0.25%
2022-09-06,6709.6,6681.13,6721.41,6668.41,95470.0,0.50%
2022-09-07,6554.08,6709.46,6709.46,6554.08,118540.0,-2.32%
2022-09-08,6593.74,6574.48,6600.66,6548.08,124030.0,0.61%
2022-09-09,6606.0,6593.57,6629.29,6586.72,81130.0,0.19%
2022-09-12,6715.75,6625.4,6715.75,6625.4,72110.0,1.66%
2022-09-13,6701.81,6710.89,6710.89,6666.14,84970.0,-0.21%
2022-09-14,6582.86,6604.48,6618.13,6560.51,136250.0,-1.77%
2022-09-15,6575.67,6586.55,6633.63,6575.67,101590.0,-0.11%
2022-09-16,6548.77,6586.91,6588.25,6539.25,439640.0,-0.41%
2022-09-19,6437.42,6544.64,6550.02,6433.32,106860.0,-1.70%
2022-09-20,6448.46,6459.92,6500.76,6448.46,97750.0,0.17%
2022-09-21,6341.69,6437.4,6446.98,6315.54,128600.0,-1.66%
2022-09-22,6301.71,6304.19,6304.19,6227.58,161110.0,-0.63%
2022-09-23,6259.54,6291.37,6291.37,6235.67,126400.0,-0.67%
2022-09-26,6259.54,6259.54,6259.54,6259.54,,0.00%
2022-09-27,6020.07,6193.04,6193.04,5962.17,179160.0,-3.83%
2022-09-28,5879.68,6038.98,6044.17,5879.68,147020.0,-2.33%
2022-09-29,5934.25,5967.32,6006.52,5911.65,152030.0,0.93%
2022-09-30,5741.07,5874.57,5874.57,5741.07,180630.0,-3.26%
2022-10-03,5783.15,5734.34,5784.19,5699.3,89950.0,0.73%
2022-10-04,5987.72,5851.77,5987.72,5850.65,103380.0,3.54%
2022-10-05,5988.59,6033.43,6033.43,5949.81,107160.0,0.01%
2022-10-06,5934.27,5990.28,6021.58,5934.27,80030.0,-0.91%
2022-10-07,5932.19,5940.77,5941.8,5869.59,74050.0,-0.04%
2022-10-10,5832.58,5898.83,5898.83,5832.58,66470.0,-1.68%
2022-10-11,5847.37,5849.87,5899.4,5835.22,100570.0,0.25%
2022-10-12,5853.63,5850.59,5873.11,5836.82,74910.0,0.11%
2022-10-13,5895.64,5869.85,5914.73,5841.57,78560.0,0.72%
2022-10-14,5904.75,5954.96,5967.69,5904.75,102970.0,0.15%
2022-10-17,5970.33,5901.55,5977.13,5891.78,72240.0,1.11%
2022-10-18,6128.64,5997.78,6128.64,5969.78,128050.00000000001,2.65%
2022-10-19,6148.31,6130.95,6148.31,6077.38,80430.0,0.32%
2022-10-20,6055.99,6137.26,6181.75,6028.49,257899.99999999997,-1.50%
2022-10-21,5983.56,6067.63,6075.74,5983.56,80650.0,-1.20%
2022-10-24,6028.79,6021.54,6071.7,6018.98,69290.0,0.76%
2022-10-25,6073.41,6038.11,6073.41,6020.88,80830.0,0.74%
2022-10-26,6121.53,6070.01,6121.53,6053.59,61970.0,0.79%
2022-10-27,6230.58,6120.9,6230.58,6111.94,95880.0,1.78%
2022-10-28,6153.43,6210.84,6210.84,6153.43,93140.0,-1.24%
2022-10-31,6153.43,6153.43,6153.43,6153.43,,0.00%
2022-11-02,6206.24,6258.91,6258.91,6159.6,120530.0,0.86%
2022-11-03,6156.11,6155.8,6157.46,6110.03,79110.0,-0.81%
2022-11-04,6185.53,6148.47,6185.53,6083.5,85280.0,0.48%
2022-11-07,6295.58,6184.79,6295.58,6167.65,101090.0,1.78%
2022-11-08,6289.1,6303.58,6345.83,6260.5,92010.0,-0.10%
2022-11-09,6241.68,6286.25,6320.39,6236.96,112220.0,-0.75%
2022-11-10,6167.57,6230.84,6248.91,6158.26,106480.0,-1.19%
2022-11-11,6286.77,6307.73,6349.26,6272.2,109700.0,1.93%
2022-11-14,6354.76,6296.22,6362.35,6289.05,140720.0,1.08%
2022-11-15,6418.94,6334.67,6418.94,6320.74,128900.0,1.01%
2022-11-16,6392.09,6423.63,6423.63,6333.95,174780.0,-0.42%
2022-11-17,6403.74,6380.81,6406.01,6366.05,102770.0,0.18%
2022-11-18,6437.38,6415.34,6451.61,6403.5,143030.0,0.53%
2022-11-21,6403.24,6451.44,6451.44,6364.3,115390.0,-0.53%
2022-11-22,6429.65,6401.4,6463.18,6401.4,106460.0,0.41%
2022-11-23,6510.32,6441.42,6510.32,6437.76,100420.0,1.25%
2022-11-24,6530.51,6503.98,6536.17,6496.89,107830.0,0.31%
2022-11-25,6606.94,6529.11,6606.94,6480.62,114960.0,1.17%
2022-11-28,6681.47,6589.83,6681.61,6570.62,141180.0,1.13%
2022-11-29,6780.78,6652.0,6780.78,6600.02,1300000.0,1.49%
2022-12-01,6734.99,6814.14,6814.14,6732.96,237300.0,-0.68%
2022-12-02,6489.65,6731.17,6731.17,6489.65,115440.0,-3.64%
2022-12-05,6442.13,6503.57,6541.77,6442.13,90800.0,-0.73%
2022-12-06,6674.38,6463.01,6674.38,6456.81,132670.0,3.61%
2022-12-07,6525.16,6662.75,6662.75,6525.16,143050.0,-2.24%
2022-12-09,6580.12,6560.13,6580.12,6515.53,134550.0,0.84%
2022-12-12,6585.2,6602.58,6642.4,6566.86,106090.0,0.08%
2022-12-13,6582.38,6611.16,6631.66,6566.95,135970.0,-0.04%
2022-12-14,6615.07,6610.46,6632.12,6583.35,131080.0,0.50%
2022-12-15,6566.8,6618.85,6631.09,6537.54,120430.0,-0.73%
2022-12-16,6496.5,6523.07,6552.32,6478.28,211650.0,-1.07%
2022-12-19,6414.27,6474.0,6477.99,6360.97,244900.0,-1.27%
2022-12-20,6458.12,6412.42,6458.12,6385.2,87790.0,0.68%
2022-12-21,6520.8,6464.35,6521.17,6449.64,158600.0,0.97%
2022-12-22,6576.94,6540.93,6580.21,6521.67,183690.0,0.86%
2022-12-23,6541.03,6567.92,6567.92,6536.67,56100.0,-0.55%
2022-12-26,6541.03,6541.03,6541.03,6541.03,,0.00%
2022-12-27,6564.9,6549.09,6579.26,6519.9,75380.0,0.36%
2022-12-28,6566.54,6567.13,6576.71,6530.27,88560.0,0.02%
2022-12-29,6566.39,6553.67,6591.28,6529.69,161070.0,0.00%
2023-01-03,6586.01,6555.4,6624.76,6550.17,84420.0,0.30%
2023-01-04,6718.5,6601.5,6755.27,6601.5,209870.0,2.01%
2023-01-05,6761.33,6738.93,6767.05,6730.52,167180.0,0.64%
2023-01-06,6667.97,6736.65,6736.65,6666.68,136740.0,-1.38%
2023-01-09,6790.24,6692.3,6790.24,6685.07,150120.0,1.83%
2023-01-10,6756.69,6783.4,6783.4,6740.03,153930.0,-0.49%
2023-01-11,6709.34,6764.68,6774.47,6709.34,209840.0,-0.70%
2023-01-12,6833.53,6723.53,6833.53,6723.53,200010.0,1.85%
2023-01-13,6951.54,6833.76,6959.63,6816.42,238430.0,1.73%
2023-01-16,7045.48,6966.0,7132.1,6966.0,258079.99999999997,1.35%
2023-01-17,7014.04,7041.06,7046.45,6952.79,192710.0,-0.45%
2023-01-18,7094.86,7008.01,7094.86,6967.87,178910.0,1.15%
2023-01-19,7062.01,7049.8,7083.87,7043.9,194100.0,-0.46%
2023-01-20,7056.62,7056.43,7063.5,7035.65,117080.0,-0.08%
2023-01-23,7069.68,7051.46,7069.68,7003.42,97920.0,0.19%
2023-01-24,7041.5,7065.6,7137.62,7039.05,252730.0,-0.40%
2023-01-25,7081.36,7072.49,7085.54,7047.73,138910.0,0.57%
2023-01-26,7042.7,7088.14,7101.84,7042.7,128440.0,-0.55%
2023-01-27,7052.16,7062.63,7080.4,7043.6,112260.0,0.13%
2023-01-30,6970.97,7048.76,7053.72,6929.18,302530.0,-1.15%
2023-01-31,6793.25,6935.67,6935.67,6740.19,240870.0,-2.55%
2023-02-01,7035.76,6814.52,7035.76,6813.77,249660.0,3.57%
2023-02-02,6986.19,7027.92,7028.37,6959.78,257700.0,-0.70%
2023-02-03,7027.38,7012.87,7027.38,6901.22,875080.0,0.59%
2023-02-06,6936.61,6997.46,6997.46,6892.0,252320.0,-1.29%
2023-02-07,6881.26,6919.01,6931.79,6881.26,107880.0,-0.80%
2023-02-08,6923.08,6885.27,6963.46,6884.49,110300.0,0.61%
2023-02-09,6842.79,6922.13,6922.13,6840.12,115110.0,-1.16%
2023-02-10,6876.79,6852.17,6884.2,6848.71,109460.0,0.50%
2023-02-13,6838.76,6865.54,6902.87,6834.27,178400.0,-0.55%
2023-02-14,6791.24,6847.99,6863.74,6791.24,238850.0,-0.69%
2023-02-15,6822.09,6790.53,6829.03,6747.1,97100.0,0.45%
2023-02-16,6815.91,6814.26,6848.48,6808.53,146430.0,-0.09%
2023-02-17,6779.02,6805.21,6808.97,6745.54,89810.0,-0.54%
2023-02-20,6744.12,6793.86,6794.98,6735.53,74120.0,-0.51%
2023-02-21,6800.96,6757.95,6800.96,6719.1,82300.0,0.84%
2023-02-22,6699.23,6778.2,6778.2,6696.72,115330.0,-1.50%
2023-02-23,6685.9,6704.91,6704.91,6666.41,129180.0,-0.20%
2023-02-24,6685.9,6704.91,6704.91,6666.41,129180.0,0.00%
2023-02-27,6599.34,6684.45,6684.45,6537.52,165440.0,-1.29%
2023-02-28,6556.2,6609.41,6670.49,6556.2,767440.0,-0.65%
2023-03-01,6607.13,6602.96,6630.2,6579.48,158980.0,0.78%
2023-03-02,6622.45,6628.35,6690.63,6598.15,149730.0,0.23%
2023-03-03,6655.37,6640.33,6694.36,6640.33,204260.0,0.50%
2023-03-06,6671.12,6673.18,6737.03,6671.12,94820.0,0.24%
2023-03-07,6705.12,6707.55,6739.5,6705.12,127140.0,0.51%
2023-03-08,6711.49,6681.21,6711.49,6617.86,141480.0,0.10%
2023-03-09,6609.27,6711.11,6711.11,6609.27,119530.0,-1.52%
2023-03-10,6589.88,6596.16,6596.16,6518.43,171130.0,-0.29%
2023-03-13,6544.45,6529.57,6599.96,6498.4,96400.0,-0.69%
2023-03-14,6393.33,6525.75,6525.75,6393.33,136950.0,-2.31%
2023-03-15,6466.1,6441.67,6513.26,6434.93,127090.0,1.14%
2023-03-16,6404.91,6437.67,6437.67,6330.53,108450.0,-0.95%
2023-03-17,6469.72,6411.18,6485.61,6409.29,143110.0,1.01%
2023-03-20,6451.02,6452.03,6452.03,6389.48,86380.0,-0.29%
2023-03-21,6530.75,6459.54,6530.75,6459.54,100420.0,1.24%
2023-03-22,6546.27,6540.45,6593.22,6540.45,84040.0,0.24%
2023-03-23,6536.36,6514.14,6536.36,6494.06,86360.0,-0.15%
2023-03-24,6602.17,6523.73,6602.84,6523.73,74400.0,1.01%
2023-03-27,6595.03,6598.73,6598.73,6568.7,73710.0,-0.11%
2023-03-28,6603.15,6607.36,6627.13,6603.15,112750.0,0.12%
2023-03-29,6630.97,6622.44,6630.97,6590.11,83530.0,0.42%
2023-03-30,6644.75,6632.56,6644.75,6610.76,81520.0,0.21%
2023-03-31,6499.68,6635.69,6635.69,6499.68,149730.0,-2.18%
2023-04-03,6529.99,6524.31,6529.99,6507.1,96230.0,0.47%
2023-04-04,6472.04,6533.93,6538.97,6463.98,75170.0,-0.89%
2023-04-05,6488.51,6470.54,6518.17,6470.54,71960.0,0.25%
2023-04-11,6479.63,6502.46,6506.59,6473.95,91150.0,-0.14%
2023-04-12,6469.42,6473.73,6479.16,6428.92,83450.0,-0.16%
2023-04-13,6448.87,6453.29,6453.29,6394.1,114450.0,-0.32%
2023-04-14,6481.91,6445.55,6481.91,6445.55,78960.0,0.51%
2023-04-17,6505.62,6483.24,6505.62,6425.14,71330.0,0.37%
2023-04-18,6464.72,6499.67,6499.67,6454.27,49090.0,-0.63%
2023-04-19,6446.35,6456.96,6468.63,6425.9,57770.0,-0.28%
2023-04-20,6520.44,6466.68,6520.44,6453.27,69870.0,1.15%
2023-04-21,6520.44,6520.44,6520.44,6520.44,,0.00%
2023-04-24,6598.38,6523.85,6598.38,6522.2,99210.0,1.20%
2023-04-25,6593.39,6595.51,6597.33,6575.04,112590.0,-0.08%
2023-04-26,6540.24,6584.86,6584.86,6512.98,134320.0,-0.81%
2023-04-27,6583.68,6541.36,6597.83,6530.9,48580.0,0.66%
2023-04-28,6625.08,6592.14,6635.4,6587.41,235770.0,0.63%
2023-05-02,6672.69,6624.95,6673.44,6616.88,105480.0,0.72%
2023-05-03,6606.69,6675.71,6675.71,6606.69,104320.0,-0.99%
2023-05-04,6684.35,6612.14,6684.44,6612.14,115240.0,1.18%
2023-05-05,6685.66,6678.88,6706.22,6673.32,93670.0,0.02%
2023-05-08,6600.74,6709.56,6750.06,6600.74,127570.0,-1.27%
2023-05-09,6622.61,6615.73,6646.58,6594.45,76800.0,0.33%
2023-05-10,6658.59,6632.83,6660.66,6621.58,100380.0,0.54%
2023-05-11,6675.46,6669.4,6704.53,6657.51,116400.0,0.25%
2023-05-12,6578.15,6661.6,6668.65,6578.15,150360.0,-1.46%
2023-05-15,6523.15,6582.57,6585.72,6523.15,78690.0,-0.84%
2023-05-16,6588.9,6549.34,6596.34,6549.34,65670.0,1.01%
2023-05-17,6635.11,6595.46,6644.38,6593.66,103090.0,0.70%
2023-05-18,6628.64,6642.53,6658.16,6628.64,81170.0,-0.10%
2023-05-19,6664.55,6635.45,6694.09,6635.45,96160.0,0.54%
2023-05-22,6620.83,6651.19,6651.19,6596.79,83110.0,-0.66%
2023-05-23,6603.56,6601.75,6641.76,6592.17,97310.0,-0.26%
2023-05-24,6615.95,6596.3,6615.95,6589.81,60020.0,0.19%
2023-05-25,6560.22,6612.47,6613.85,6560.22,60520.0,-0.84%
2023-05-26,6530.2,6570.95,6570.95,6496.47,62350.0,-0.46%
2023-05-29,6593.16,6543.93,6593.16,6532.72,66970.0,0.96%
2023-05-30,6510.67,6574.79,6574.79,6510.67,75860.0,-1.25%
2023-05-31,6477.36,6517.07,6522.09,6469.91,981990.0,-0.51%
2023-06-01,6430.58,6502.76,6502.76,6430.58,119940.0,-0.72%
2023-06-02,6512.01,6449.97,6512.01,6449.97,149510.0,1.27%
2023-06-05,6521.64,6525.63,6544.13,6521.06,67330.0,0.15%
2023-06-06,6479.93,6526.21,6539.49,6479.93,95620.0,-0.64%
2023-06-07,6564.7,6490.35,6564.7,6483.87,82570.0,1.31%
2023-06-08,6539.36,6546.47,6551.98,6520.53,65830.0,-0.39%
2023-06-09,6507.15,6541.04,6553.23,6501.93,80100.0,-0.49%
2023-06-12,6507.15,6541.04,6553.23,6501.93,80100.0,0.00%
2023-06-13,6507.26,6492.06,6525.42,6471.53,130250.0,0.00%
2023-06-14,6434.06,6505.34,6526.36,6423.69,207090.0,-1.12%
2023-06-15,6461.42,6434.94,6461.42,6386.84,111920.0,0.43%
2023-06-16,6508.34,6450.3,6508.37,6413.57,216440.0,0.73%
2023-06-19,6450.34,6491.85,6491.85,6422.11,95970.0,-0.89%
2023-06-20,6448.9,6434.03,6448.9,6410.33,116350.0,-0.02%
2023-06-21,6424.21,6420.8,6437.4,6406.88,126320.0,-0.38%
2023-06-22,6404.91,6423.06,6423.06,6374.07,130680.0,-0.30%
2023-06-23,6393.55,6404.38,6421.78,6392.63,67440.0,-0.18%
2023-06-26,6523.09,6422.57,6545.45,6419.93,138740.0,2.03%
2023-06-27,6502.85,6519.79,6547.33,6491.81,94600.0,-0.31%
2023-06-29,6511.49,6507.42,6550.25,6507.42,83190.0,0.13%
2023-06-30,6468.07,6525.39,6525.39,6468.07,118720.0,-0.67%
2023-07-03,6508.21,6459.53,6508.21,6459.53,42910.0,0.62%
2023-07-04,6514.47,6501.65,6519.07,6494.51,37080.0,0.10%
2023-07-05,6512.39,6509.2,6512.39,6446.79,131000.0,-0.03%
2023-07-06,6474.26,6491.53,6496.15,6436.54,117810.0,-0.59%
2023-07-07,6379.03,6459.26,6459.26,6379.03,65040.00000000001,-1.47%
2023-07-10,6379.72,6386.23,6410.5,6375.26,67270.0,0.01%
2023-07-11,6398.64,6387.98,6430.28,6385.44,79000.0,0.30%
2023-07-12,6466.85,6424.19,6466.85,6421.05,113350.0,1.07%
2023-07-13,6578.49,6475.66,6579.04,6475.66,92590.0,1.73%
2023-07-14,6624.79,6581.4,6624.79,6526.44,129160.0,0.70%
2023-07-17,6550.76,6604.91,6610.89,6550.76,63660.0,-1.12%
2023-07-18,6528.8,6560.37,6610.57,6528.8,54330.0,-0.34%
2023-07-19,6541.91,6539.23,6564.17,6530.33,62080.0,0.20%
2023-07-20,6613.5,6547.8,6645.36,6547.8,103490.0,1.09%
2023-07-21,6647.56,6620.03,6689.04,6620.03,88160.0,0.52%
2023-07-24,6631.25,6653.55,6677.48,6631.25,88490.0,-0.25%
2023-07-25,6661.11,6650.62,6698.41,6650.62,103890.0,0.45%
2023-07-26,6679.13,6683.22,6683.22,6622.61,79480.0,0.27%
2023-07-27,6677.92,6660.12,6677.92,6627.59,78360.0,-0.02%
2023-07-28,6625.26,6664.62,6671.61,6625.26,65740.0,-0.79%
2023-07-31,6591.47,6632.6,6678.29,6591.47,79460.0,-0.51%
2023-08-01,6593.8,6627.56,6641.92,6593.8,86220.0,0.04%
2023-08-02,6483.28,6607.05,6616.26,6475.8,92940.0,-1.68%
2023-08-03,6576.76,6496.86,6576.76,6496.86,75560.0,1.44%
2023-08-04,6450.84,6580.49,6590.65,6450.84,194160.0,-1.91%
2023-08-07,6507.78,6498.59,6522.59,6485.03,77720.0,0.88%
2023-08-08,6472.97,6517.13,6541.64,6465.98,142770.0,-0.53%
2023-08-09,6530.45,6490.09,6530.45,6478.74,94690.0,0.89%
2023-08-10,6449.66,6508.78,6508.78,6446.8,112310.0,-1.24%
2023-08-11,6405.91,6457.05,6458.77,6405.91,100780.0,-0.68%
2023-08-14,6329.19,6404.27,6404.27,6306.81,187270.0,-1.20%
2023-08-15,6335.91,6337.67,6370.43,6297.17,128560.0,0.11%
2023-08-16,6410.09,6333.2,6410.09,6322.1,98490.0,1.17%
2023-08-17,6364.97,6393.53,6409.98,6353.74,95530.0,-0.70%
2023-08-18,6290.27,6352.08,6366.08,6290.27,120280.0,-1.17%
2023-08-22,6212.39,6286.92,6291.04,6212.39,107890.0,-1.24%
2023-08-23,6179.63,6225.3,6225.3,6179.63,86040.0,-0.53%
2023-08-24,6225.78,6204.3,6278.18,6204.3,67890.0,0.75%
2023-08-25,6160.61,6222.3,6222.3,6144.03,74800.0,-1.05%
2023-08-29,6225.0,6161.03,6225.0,6142.15,126440.0,1.05%
2023-08-30,6295.29,6224.81,6300.44,6224.81,131530.0,1.13%
2023-08-31,6175.25,6291.95,6291.95,6175.25,160630.0,-1.91%
2023-09-01,6181.06,6215.55,6220.25,6179.88,616720.0,0.09%
2023-09-04,6214.68,6195.37,6217.74,6183.74,1770000.0,0.54%
2023-09-05,6225.0,6211.75,6258.5,6193.91,63900.0,0.17%
2023-09-06,6241.69,6243.37,6245.74,6205.8,61600.0,0.27%
2023-09-07,6183.07,6223.75,6223.75,6170.07,68140.0,-0.94%
2023-09-08,6222.94,6193.4,6222.94,6173.1,48730.0,0.64%
2023-09-11,6233.74,6217.56,6233.74,6198.5,75250.0,0.17%
2023-09-12,6230.2,6238.89,6260.87,6230.2,101790.0,-0.06%
2023-09-13,6149.18,6235.82,6239.4,6149.18,91990.0,-1.30%
2023-09-14,6208.4,6156.65,6208.4,6149.29,66610.0,0.96%
2023-09-15,6126.34,6202.89,6216.46,6126.34,167190.0,-1.32%
2023-09-18,6124.57,6157.22,6159.68,6085.17,66700.0,-0.03%
2023-09-19,6047.97,6121.07,6121.16,6034.36,66300.0,-1.25%
2023-09-20,6041.04,6049.02,6061.65,5998.31,86910.0,-0.11%
2023-09-21,6094.71,6053.96,6094.71,6043.13,96470.0,0.89%
2023-09-22,6142.79,6096.88,6142.79,6086.78,76800.0,0.79%
2023-09-25,6172.84,6156.87,6191.46,6118.14,134320.0,0.49%
2023-09-26,6263.94,6183.54,6280.72,6171.78,108390.0,1.48%
2023-09-27,6374.68,6254.35,6374.68,6245.73,103870.0,1.77%
2023-09-28,6385.52,6365.65,6412.94,6335.47,72950.0,0.17%
2023-09-29,6321.24,6383.41,6392.09,6321.24,154270.0,-1.01%
2023-10-02,6304.53,6334.0,6339.29,6304.53,68780.0,-0.26%
2023-10-03,6305.99,6304.09,6307.94,6253.33,96670.0,0.02%
2023-10-04,6298.2,6289.3,6298.2,6270.36,68660.0,-0.12%
2023-10-05,6178.6,6266.0,6289.67,6178.6,108620.0,-1.90%
2023-10-06,6259.95,6196.05,6270.89,6166.69,85450.0,1.32%
2023-10-09,6252.16,6238.17,6271.72,6227.25,79140.0,-0.12%
2023-10-10,6264.07,6265.86,6303.44,6263.74,141420.0,0.19%
2023-10-11,6253.96,6280.85,6308.05,6253.96,121680.0,-0.16%
2023-10-12,6263.06,6266.04,6283.72,6234.6,71100.0,0.15%
2023-10-13,6266.34,6264.66,6283.5,6260.5,55470.0,0.05%
2023-10-16,6198.83,6261.72,6265.85,6198.83,71910.0,-1.08%
2023-10-17,6280.9,6215.13,6286.21,6215.13,97770.0,1.32%
2023-10-18,6268.27,6278.5,6290.05,6255.03,148610.0,-0.20%
2023-10-19,6219.16,6263.22,6263.22,6216.1,87210.0,-0.78%
2023-10-20,6142.9,6208.5,6208.5,6142.9,77020.0,-1.23%
2023-10-23,6088.44,6135.7,6139.05,6065.37,58040.0,-0.89%
2023-10-24,6039.72,6086.44,6103.62,6039.72,49960.0,-0.80%
2023-10-25,6054.5,6050.1,6080.49,6026.43,71290.0,0.24%
2023-10-26,6018.49,6051.26,6051.26,5974.17,85860.0,-0.59%
2023-10-27,5961.99,5996.2,5999.55,5956.86,82440.0,-0.94%
2023-10-31,5973.78,5971.74,5980.82,5920.47,86560.0,0.20%
2023-11-03,5989.27,6039.38,6083.69,5989.27,81720.0,0.26%
2023-11-06,6078.03,6006.59,6078.03,6006.59,56560.0,1.48%
2023-11-07,6131.32,6081.44,6131.32,6055.68,54650.0,0.88%
2023-11-08,6155.03,6133.19,6155.03,6103.64,64980.00000000001,0.39%
2023-11-09,6188.22,6155.65,6203.72,6155.65,85780.0,0.54%
2023-11-10,6161.89,6189.0,6189.0,6127.96,61690.0,-0.43%
2023-11-13,6116.14,6158.22,6158.76,6114.34,37990.0,-0.74%
2023-11-14,6110.88,6122.39,6128.07,6079.15,62570.0,-0.09%
2023-11-15,6171.13,6114.58,6173.26,6106.59,75520.0,0.99%
2023-11-16,6191.48,6177.63,6191.48,6164.2,78090.0,0.33%
2023-11-17,6211.89,6172.39,6232.12,6171.17,84990.0,0.33%
2023-11-20,6183.63,6206.31,6211.97,6174.52,70900.0,-0.45%
2023-11-21,6208.83,6196.99,6219.06,6183.05,91840.0,0.41%
2023-11-22,6253.18,6201.85,6253.18,6201.85,59570.0,0.71%
2023-11-23,6246.2,6249.46,6259.66,6230.26,51280.0,-0.11%
2023-11-24,6269.5,6249.79,6271.63,6237.66,57080.0,0.37%
2023-11-28,6309.57,6274.16,6310.97,6274.16,108240.0,0.64%
2023-11-29,6265.14,6306.96,6329.42,6265.14,91170.0,-0.70%
2023-11-30,6223.73,6258.87,6259.28,6207.07,142840.0,-0.66%
2023-12-01,6245.18,6230.87,6254.03,6221.52,57770.0,0.34%
2023-12-04,6284.37,6237.87,6284.37,6234.32,52630.0,0.63%
2023-12-05,6308.95,6287.39,6308.95,6235.58,70080.0,0.39%
2023-12-06,6305.85,6306.39,6306.39,6273.97,81930.0,-0.05%
2023-12-07,6234.77,6304.71,6306.42,6227.72,72600.0,-1.13%
2023-12-11,6228.29,6203.39,6228.29,6167.21,107100.0,-0.10%
2023-12-12,6292.39,6225.75,6292.39,6206.88,61800.0,1.03%
2023-12-13,6255.74,6256.67,6306.01,6245.66,54460.0,-0.58%
2023-12-14,6410.48,6280.26,6411.24,6280.26,156480.0,2.47%
2023-12-15,6478.44,6402.75,6478.44,6396.48,238180.0,1.06%
2023-12-18,6475.5,6459.91,6516.33,6452.42,118390.0,-0.05%
2023-12-19,6521.27,6476.38,6524.58,6447.89,114510.0,0.71%
2023-12-20,6520.75,6521.96,6566.41,6500.97,197430.0,-0.01%
2023-12-21,6469.23,6486.27,6496.42,6428.12,204160.0,-0.79%
2023-12-22,6501.0,6466.93,6501.0,6459.68,158290.0,0.49%
2023-12-27,6462.8,6499.6,6500.54,6462.8,86890.0,-0.59%
2023-12-28,6519.11,6478.6,6519.11,6472.29,60970.0,0.87%
2023-12-29,6450.04,6514.75,6523.83,6450.04,77990.0,-1.06%
2024-01-02,6554.04,6478.52,6555.61,6464.34,63590.0,1.61%
2024-01-03,6498.88,6539.81,6544.9,6483.8,43710.0,-0.84%
2024-01-04,6602.52,6505.11,6602.92,6493.37,88790.0,1.59%
2024-01-05,6629.64,6606.24,6629.64,6583.06,99350.0,0.41%
2024-01-08,6609.22,6633.21,6661.25,6609.22,85280.0,-0.31%
2024-01-09,6618.52,6628.55,6678.35,6618.52,96500.0,0.14%
2024-01-10,6546.11,6587.67,6593.77,6546.11,83990.0,-1.09%
2024-01-11,6613.73,6562.37,6637.7,6562.37,78720.0,1.03%
2024-01-12,6643.18,6619.91,6676.54,6619.91,70180.0,0.45%
2024-01-15,6680.45,6655.99,6695.41,6650.41,70260.0,0.56%
2024-01-16,6637.0,6681.67,6696.25,6637.0,89840.0,-0.65%
2024-01-17,6572.51,6647.08,6663.68,6567.76,133280.0,-0.97%
2024-01-18,6510.87,6567.29,6570.3,6500.31,86730.0,-0.94%
2024-01-19,6503.54,6528.68,6528.68,6496.96,66050.0,-0.11%
2024-01-22,6583.47,6532.83,6583.47,6532.83,74950.0,1.23%
2024-01-23,6621.88,6594.29,6624.43,6593.07,67110.0,0.58%
2024-01-24,6679.96,6630.26,6679.96,6626.82,76560.0,0.88%
2024-01-25,6673.5,6676.4,6687.12,6642.7,88460.0,-0.10%
2024-01-26,6686.09,6674.44,6686.09,6643.83,72460.0,0.19%
2024-01-29,6630.68,6680.68,6689.18,6630.68,54800.0,-0.83%
2024-01-30,6622.01,6636.04,6662.44,6622.01,82950.0,-0.13%
2024-01-31,6646.44,6633.45,6722.32,6633.45,97110.0,0.37%
2024-02-01,6623.01,6623.94,6644.11,6601.34,65610.0,-0.35%
2024-02-02,6707.25,6652.48,6765.38,6652.04,136870.0,1.27%
2024-02-05,6728.22,6702.12,6760.41,6702.12,69860.0,0.31%
2024-02-06,6755.26,6756.72,6774.21,6695.82,80130.0,0.40%
2024-02-07,6830.04,6772.93,6877.61,6772.93,104630.0,1.11%
2024-02-08,6850.16,6844.61,6931.55,6844.61,112160.0,0.29%
2024-02-12,6807.82,6856.45,6891.69,6807.82,74920.0,-0.62%
2024-02-13,6827.92,6824.08,6848.57,6824.08,99300.0,0.30%
2024-02-14,6854.53,6810.64,6854.53,6780.73,82300.0,0.39%
2024-02-15,6882.15,6862.38,6918.15,6855.73,83440.0,0.40%
2024-02-16,6873.23,6893.22,6916.43,6873.23,93230.0,-0.13%
2024-02-19,6798.61,6882.32,6901.31,6798.61,92810.0,-1.09%
2024-02-20,6854.66,6818.14,6860.8,6818.14,73240.0,0.82%
2024-02-21,6897.36,6846.53,6897.36,6833.92,84920.0,0.62%
2024-02-22,6903.15,6899.61,6922.5,6896.53,72260.0,0.08%
2024-02-23,6913.21,6915.25,6990.65,6913.21,71380.0,0.15%
2024-02-26,6891.49,6918.73,6941.85,6891.49,59680.0,-0.31%
2024-02-27,6860.67,6887.36,6887.36,6842.33,91390.0,-0.45%
2024-02-28,6876.52,6859.28,6878.23,6838.05,68060.0,0.23%
2024-02-29,6944.71,6885.65,6944.71,6885.65,153070.0,0.99%
2024-03-01,6919.59,6931.32,7005.3,6919.59,57470.0,-0.36%
2024-03-04,6951.67,6923.24,7021.04,6908.81,80580.0,0.46%
2024-03-05,6905.46,6969.08,6981.84,6905.46,88750.0,-0.66%
2024-03-06,6878.54,6882.43,6894.48,6856.38,89110.0,-0.39%
2024-03-07,6837.34,6849.63,6851.86,6806.46,76930.0,-0.60%
2024-03-08,6942.21,6839.74,6942.21,6835.53,75810.0,1.53%
2024-03-11,6872.24,6939.54,6939.54,6852.21,79760.0,-1.01%
2024-03-12,6879.59,6885.92,6928.41,6878.49,101350.0,0.11%
2024-03-13,6965.51,6890.23,6980.64,6889.56,122380.0,1.25%
2024-03-14,6967.96,6962.44,6989.38,6939.01,118450.0,0.04%
2024-03-15,6822.32,6946.7,6946.7,6790.96,405520.0,-2.09%
2024-03-18,6853.29,6838.03,6910.29,6838.03,76900.0,0.45%
2024-03-19,6848.43,6851.35,6900.59,6831.18,118530.0,-0.07%
2024-03-20,6856.77,6856.02,6871.22,6840.7,93050.0,0.12%
2024-03-21,6963.22,6875.24,6963.22,6875.24,87230.0,1.55%
2024-03-22,6881.97,6917.68,6919.76,6871.45,98090.0,-1.17%
2024-03-25,6853.1,6879.75,6886.53,6843.5,95500.0,-0.42%
2024-03-26,6898.17,6840.85,6898.17,6797.65,92110.0,0.66%
2024-03-27,6903.53,6884.46,6925.37,6884.46,113040.0,0.08%
2024-04-01,6979.81,6948.54,6991.77,6947.27,84980.0,1.10%
2024-04-02,6960.43,7016.93,7070.72,6960.43,133020.0,-0.28%
2024-04-03,6863.82,6960.55,6964.93,6863.82,64390.0,-1.39%
2024-04-04,6827.06,6870.9,6881.58,6809.78,69380.0,-0.54%
2024-04-05,6745.46,6819.23,6819.23,6728.84,84940.0,-1.20%
2024-04-08,6741.07,6750.74,6750.74,6686.5,81390.0,-0.07%
2024-04-11,6677.65,6727.27,6727.27,6669.68,123390.0,-0.94%
2024-04-12,6659.39,6681.26,6719.2,6659.39,130979.99999999999,-0.27%
2024-04-15,6562.43,6630.43,6630.43,6556.93,91560.0,-1.46%
2024-04-16,6404.97,6534.94,6534.94,6404.97,122340.0,-2.40%
2024-04-17,6450.04,6432.1,6497.82,6424.81,94500.0,0.70%
2024-04-18,6523.19,6481.9,6548.89,6481.01,101530.0,1.13%
2024-04-19,6443.0,6511.5,6540.81,6406.98,103200.0,-1.23%
2024-04-22,6444.08,6484.61,6509.66,6439.44,60740.0,0.02%
2024-04-23,6506.8,6463.65,6515.43,6463.65,61600.0,0.97%
2024-04-24,6572.75,6538.98,6595.41,6538.98,66900.0,1.01%
2024-04-25,6574.88,6598.14,6598.14,6574.88,53870.0,0.03%
2024-04-26,6628.75,6557.95,6628.75,6547.76,58460.0,0.82%
2024-04-29,6769.64,6629.57,6769.64,6629.57,107640.0,2.13%
2024-04-30,6700.49,6756.32,6777.27,6700.49,95590.0,-1.02%
2024-05-02,6646.55,6654.97,6679.5,6634.84,80530.0,-0.81%
2024-05-03,6615.55,6664.49,6666.05,6604.51,83230.0,-0.47%
2024-05-06,6652.49,6639.27,6683.71,6639.27,65390.0,0.56%
2024-05-07,6618.58,6668.24,6691.68,6618.58,106390.0,-0.51%
2024-05-08,6659.18,6620.35,6659.18,6571.62,108950.0,0.61%
2024-05-09,6542.46,6670.85,6719.19,6536.25,171670.0,-1.75%
2024-05-10,6511.93,6574.22,6598.93,6511.93,59710.0,-0.47%
2024-05-13,6604.25,6523.88,6612.73,6523.88,72540.0,1.42%
2024-05-14,6608.36,6601.93,6608.36,6587.89,80920.0,0.06%
2024-05-15,6558.63,6578.65,6578.65,6547.71,156460.0,-0.75%
2024-05-16,6628.2,6589.24,6628.2,6579.74,251040.0,1.06%
2024-05-17,6618.69,6619.51,6649.61,6578.26,112110.0,-0.14%
2024-05-20,6682.78,6633.59,6703.0,6617.58,117900.0,0.97%
2024-05-21,6633.66,6704.14,6704.14,6614.51,124240.0,-0.74%
2024-05-22,6607.22,6606.8,6620.56,6578.58,87180.0,-0.40%
2024-05-23,6659.99,6612.09,6659.99,6606.37,94910.0,0.80%
2024-05-24,6619.89,6634.61,6634.61,6587.05,68400.0,-0.60%
2024-05-27,6571.6,6630.22,6630.22,6552.3,98640.0,-0.73%
2024-05-28,6501.34,6572.96,6572.96,6495.99,110940.0,-1.07%
2024-05-29,6411.41,6506.4,6506.4,6411.41,89530.0,-1.38%
2024-05-30,6371.75,6410.39,6415.61,6341.54,111680.0,-0.62%
2024-05-31,6433.1,6387.89,6433.1,6356.52,606500.0,0.96%
2024-06-03,6470.74,6433.54,6472.52,6410.48,96300.0,0.59%
2024-06-04,6386.42,6498.56,6498.56,6351.19,85190.0,-1.30%
2024-06-05,6441.32,6400.46,6443.59,6367.73,73100.0,0.86%
2024-06-06,6509.86,6465.13,6511.73,6453.49,80250.0,1.06%
2024-06-07,6518.76,6524.36,6532.93,6512.05,62720.0,0.14%
2024-06-10,6458.64,6511.89,6511.89,6443.52,45720.0,-0.92%
2024-06-11,6410.07,6456.85,6464.26,6410.07,55010.0,-0.75%
2024-06-13,6390.83,6428.28,6446.06,6390.83,76800.0,-0.30%
2024-06-14,6383.7,6394.43,6400.34,6370.68,68390.0,-0.11%
2024-06-18,6368.8,6394.33,6394.33,6343.69,60300.0,-0.23%
2024-06-19,6366.03,6371.52,6382.76,6364.4,101410.0,-0.04%
2024-06-20,6344.56,6372.46,6372.75,6313.15,85000.0,-0.34%
2024-06-21,6158.48,6349.67,6349.67,6158.48,168160.0,-2.93%
2024-06-24,6272.46,6202.64,6272.46,6184.72,81790.0,1.85%
2024-06-25,6299.05,6291.09,6307.51,6281.67,84760.0,0.42%
2024-06-26,6313.11,6308.57,6313.11,6277.86,113530.0,0.22%
2024-06-27,6390.58,6314.84,6390.58,6301.84,69140.0,1.23%
2024-06-28,6411.91,6394.73,6442.79,6387.68,123110.0,0.33%
2024-07-01,6398.77,6401.96,6436.4,6382.25,71780.0,-0.20%
2024-07-02,6358.96,6399.37,6399.37,6348.06,64040.00000000001,-0.62%
2024-07-03,6450.03,6366.58,6451.94,6355.71,71710.0,1.43%
2024-07-04,6507.49,6447.29,6517.64,6437.58,70130.0,0.89%
2024-07-05,6492.75,6507.28,6560.2,6492.75,82020.0,-0.23%
2024-07-08,6529.43,6506.42,6559.38,6506.42,94360.0,0.56%
2024-07-09,6556.66,6530.05,6557.32,6497.53,78800.0,0.42%
2024-07-10,6489.35,6550.05,6561.71,6489.35,80940.0,-1.03%
2024-07-11,6609.24,6492.46,6609.24,6492.46,90660.0,1.85%
2024-07-12,6648.23,6611.39,6648.23,6589.59,68110.0,0.59%
2024-07-15,6689.37,6635.27,6738.12,6635.27,85780.0,0.62%
2024-07-16,6667.09,6723.21,6736.81,6667.09,85740.0,-0.33%
2024-07-17,6687.71,6677.85,6700.18,6629.51,78930.0,0.31%
2024-07-18,6705.01,6663.65,6706.2,6649.93,93150.0,0.26%
2024-07-19,6791.69,6707.45,6829.97,6707.45,121780.0,1.29%
2024-07-22,6712.05,6756.76,6832.66,6712.05,109440.0,-1.17%
2024-07-23,6753.12,6727.58,6753.88,6686.71,78230.0,0.61%
2024-07-25,6670.27,6698.25,6698.25,6651.68,74820.0,-1.23%
2024-07-26,6726.01,6684.63,6726.01,6675.62,86590.0,0.84%
2024-07-29,6649.23,6728.33,6761.76,6649.23,121510.0,-1.14%
2024-07-30,6606.36,6658.95,6671.34,6569.86,73570.0,-0.64%
2024-07-31,6619.09,6599.97,6640.17,6597.87,135220.0,0.19%
2024-08-01,6693.83,6645.1,6693.83,6619.7,89250.0,1.13%
2024-08-02,6605.3,6672.47,6672.47,6562.91,80660.0,-1.32%
2024-08-05,6434.73,6535.57,6535.57,6397.1,121260.0,-2.58%
2024-08-06,6433.24,6439.8,6512.47,6433.24,96030.0,-0.02%
2024-08-07,6535.17,6461.86,6535.17,6451.95,73020.0,1.58%
2024-08-08,6549.27,6536.5,6570.82,6515.91,105610.0,0.22%
2024-08-09,6647.8,6571.65,6647.8,6571.65,157080.0,1.50%
2024-08-12,6613.36,6653.0,6661.86,6594.59,69560.0,-0.52%
2024-08-13,6650.44,6624.33,6670.05,6615.38,101340.0,0.56%
2024-08-14,6704.96,6663.71,6723.11,6663.71,150450.0,0.82%
2024-08-15,6692.91,6714.2,6742.48,6692.91,120520.0,-0.18%
2024-08-16,6847.37,6724.27,6866.66,6724.27,126000.0,2.31%
2024-08-19,6889.87,6863.05,6943.53,6863.05,158230.0,0.62%
2024-08-20,6944.76,6930.8,7005.27,6930.8,122450.0,0.80%
2024-08-21,6900.62,6952.27,6983.81,6900.62,77750.0,-0.64%
2024-08-22,6961.96,6917.29,6987.04,6917.29,124620.0,0.89%
2024-08-27,6973.41,6967.95,7008.87,6967.95,118040.0,0.16%
2024-08-28,6958.01,6985.56,7016.04,6958.01,85660.0,-0.22%
2024-08-29,6891.55,6953.01,6959.64,6872.55,100680.0,-0.96%
2024-08-30,6897.54,6904.51,6930.42,6881.4,229080.0,0.09%
2024-09-02,6923.41,6927.25,6933.51,6904.54,72910.0,0.38%
2024-09-03,6882.92,6934.7,6950.61,6878.48,78600.0,-0.58%
2024-09-04,6882.12,6814.71,6882.12,6759.93,77210.0,-0.01%
2024-09-05,6907.97,6876.27,6914.63,6872.7,67980.0,0.38%
2024-09-06,6936.09,6888.71,6940.47,6886.49,86770.0,0.41%
2024-09-09,6984.25,6931.3,7025.46,6920.88,91710.0,0.69%
2024-09-10,6984.63,7004.02,7109.75,6984.63,129340.0,0.01%
2024-09-11,6944.88,7001.73,7017.74,6944.88,103740.0,-0.57%
2024-09-12,7024.67,6979.74,7049.81,6975.49,89550.0,1.15%
2024-09-13,7022.85,7049.71,7090.68,7022.85,64920.0,-0.03%
2024-09-16,7104.2,7032.34,7104.2,7031.13,60970.0,1.16%
2024-09-17,7175.36,7094.36,7180.72,7094.36,96820.0,1.00%
2024-09-18,7155.9,7161.75,7219.17,7147.82,77470.0,-0.27%
2024-09-19,7202.16,7151.28,7248.38,7151.28,100310.0,0.65%
2024-09-20,7252.32,7219.62,7338.66,7219.62,193970.0,0.70%
2024-09-23,7417.25,7291.47,7417.25,7291.47,105440.0,2.27%
2024-09-24,7432.21,7436.33,7474.44,7425.37,146760.0,0.20%
2024-09-25,7362.62,7422.36,7441.99,7341.13,96510.0,-0.94%
2024-09-26,7458.74,7374.71,7458.74,7369.35,99340.0,1.31%
2024-09-27,7428.3,7428.49,7436.46,7402.35,81650.0,-0.41%
2024-09-30,7272.65,7417.48,7421.24,7272.65,91310.0,-2.10%
2024-10-01,7380.32,7278.15,7388.15,7278.15,65710.0,1.48%
2024-10-02,7402.81,7351.77,7412.87,7335.19,64959.99999999999,0.30%
2024-10-03,7388.92,7406.79,7470.39,7388.92,84160.0,-0.19%
2024-10-04,7467.92,7392.49,7467.92,7392.41,96060.0,1.07%
2024-10-07,7554.68,7464.81,7604.61,7464.81,110540.0,1.16%
2024-10-08,7537.25,7535.34,7546.29,7488.99,91690.0,-0.23%
2024-10-09,7424.52,7518.21,7518.21,7424.52,85120.0,-1.50%
2024-10-10,7411.47,7416.43,7457.41,7399.43,75000.0,-0.18%
2024-10-11,7310.32,7415.19,7415.19,7291.05,72950.0,-1.36%
2024-10-14,7326.41,7334.59,7404.46,7326.41,56830.0,0.22%
2024-10-15,7456.31,7359.1,7479.59,7359.1,76620.0,1.77%
2024-10-16,7437.0,7471.88,7483.78,7430.4,115840.0,-0.26%
2024-10-17,7400.33,7468.04,7484.67,7400.33,91130.0,-0.49%
2024-10-18,7415.73,7427.59,7447.94,7393.15,64190.0,0.21%
2024-10-21,7406.63,7416.81,7428.02,7386.85,38350.0,-0.12%
2024-10-22,7413.16,7414.13,7452.74,7398.99,94250.0,0.09%
2024-10-23,7367.66,7411.31,7415.9,7346.24,101850.0,-0.61%
2024-10-24,7283.79,7354.07,7354.07,7283.79,73250.0,-1.14%
2024-10-25,7314.23,7283.79,7317.43,7272.21,57650.0,0.42%
2024-10-28,7343.24,7314.42,7355.55,7296.03,48070.0,0.40%
2024-10-29,7239.98,7331.89,7331.89,7230.97,79630.0,-1.41%
2024-10-30,7280.24,7215.72,7280.24,7184.72,73590.0,0.56%
2024-10-31,7142.96,7252.11,7252.11,7142.96,72130.0,-1.89%
2024-11-04,7136.1,7150.56,7150.56,7106.68,61610.0,-0.10%
2024-11-05,7257.94,7131.26,7257.94,7131.26,64900.00000000001,1.71%
2024-11-06,7165.42,7252.95,7262.24,7154.88,63090.0,-1.27%
2024-11-07,7014.44,7142.54,7142.54,6923.99,126620.0,-2.11%
2024-11-08,6977.18,7010.02,7010.02,6899.2,93250.0,-0.53%
2024-11-11,6940.01,6967.48,6969.17,6900.93,65880.0,-0.53%
2024-11-12,6810.11,6934.11,6953.97,6810.11,90470.0,-1.87%
2024-11-13,6714.33,6815.61,6832.99,6714.33,118040.0,-1.41%
2024-11-14,6557.09,6730.38,6730.38,6557.09,126980.0,-2.34%
2024-11-15,6676.65,6567.44,6694.59,6565.15,97730.0,1.82%
2024-11-18,6761.35,6710.67,6774.24,6693.39,91150.0,1.27%
2024-11-19,6803.19,6768.94,6835.23,6758.38,91450.0,0.62%
2024-11-20,6975.63,6829.21,6975.63,6775.72,93760.0,2.53%
2024-11-21,6863.01,6890.76,6919.57,6857.9,80690.0,-1.61%
2024-11-22,6780.13,6856.28,6856.28,6771.37,62570.0,-1.21%
2024-11-25,6850.0,6803.1,6880.76,6794.47,138210.0,1.03%
2024-11-26,6806.86,6852.99,6859.16,6806.86,67810.0,-0.63%
2024-11-27,6702.59,6820.98,6823.14,6702.59,65019.99999999999,-1.53%
2024-11-28,6638.54,6702.93,6711.37,6613.07,79330.0,-0.96%
2024-11-29,6613.85,6634.25,6683.54,6609.56,101150.0,-0.37%
2024-12-02,6742.89,6625.7,6742.89,6625.7,68990.0,1.95%
2024-12-03,6734.21,6771.92,6771.92,6707.13,77250.0,-0.13%
2024-12-04,6729.96,6743.86,6762.88,6701.35,85020.0,-0.06%
2024-12-05,6690.77,6730.06,6737.23,6683.67,81300.0,-0.58%
2024-12-06,6729.14,6692.95,6729.14,6645.28,63600.0,0.57%
2024-12-09,6680.57,6729.14,6729.14,6670.23,66090.0,-0.72%
2024-12-10,6724.82,6729.05,6742.01,6648.24,101110.0,0.66%
2024-12-11,6642.71,6720.93,6724.9,6642.71,75080.0,-1.22%
2024-12-12,6641.35,6622.33,6667.98,6598.5,132140.0,-0.02%
2024-12-13,6616.51,6631.61,6633.6,6583.61,77760.0,-0.37%
2024-12-16,6615.16,6622.51,6633.89,6575.07,89370.0,-0.02%
2024-12-17,6501.71,6591.24,6591.24,6462.72,134690.0,-1.72%
2024-12-18,6469.08,6512.49,6520.81,6461.19,71660.0,-0.50%
2024-12-19,6395.6,6439.38,6439.38,6337.83,113640.0,-1.14%
2024-12-20,6406.38,6415.82,6476.93,6401.86,111720.0,0.17%
2024-12-23,6534.91,6422.74,6534.91,6382.2,62060.0,2.01%
2024-12-26,6539.02,6523.56,6539.31,6489.47,38180.0,0.06%
2024-12-27,6528.79,6558.81,6560.34,6472.75,86560.0,-0.16%
2025-01-02,6550.39,6527.84,6550.39,6484.57,45310.0,0.33%
2025-01-03,6603.81,6540.32,6627.12,6521.61,61250.0,0.82%
2025-01-06,6625.17,6623.23,6661.13,6602.76,49000.0,0.32%
2025-01-07,6545.38,6628.16,6640.99,6545.38,81030.0,-1.20%
2025-01-08,6496.72,6565.29,6566.71,6496.72,70300.0,-0.74%
2025-01-09,6511.57,6501.0,6516.7,6460.6,62720.0,0.23%
2025-01-10,6496.32,6516.46,6520.29,6473.13,62170.0,-0.23%
2025-01-13,6343.1,6492.87,6492.87,6343.1,82010.0,-2.36%
2025-01-14,6299.67,6353.95,6374.72,6290.89,98340.0,-0.68%
2025-01-15,6330.46,6332.65,6373.07,6309.09,112090.0,0.49%
2025-01-16,6265.52,6370.58,6419.26,6265.52,121240.0,-1.03%
2025-01-17,6352.12,6329.43,6352.12,6278.11,67650.0,1.38%
2025-01-20,6349.89,6319.83,6382.25,6316.85,85210.0,-0.04%
2025-01-21,6340.21,6339.24,6368.03,6326.3,70420.0,-0.15%
2025-01-22,6348.34,6335.59,6392.05,6335.59,104140.0,0.13%
2025-01-23,6378.86,6359.37,6385.73,6319.39,69310.0,0.48%
2025-01-24,6296.2,6367.87,6378.7,6296.2,70440.0,-1.30%
2025-01-27,6196.88,6320.78,6325.61,6196.88,82040.0,-1.58%
2025-01-28,6153.47,6212.08,6248.31,6153.47,66140.0,-0.70%
2025-01-30,6107.66,6163.02,6163.02,6076.93,138810.0,-0.74%
2025-01-31,5862.59,6122.63,6128.93,5862.59,593880.0,-4.01%
2025-02-03,5883.04,5986.65,5994.04,5883.04,240730.0,0.35%
2025-02-04,6089.06,5930.74,6094.0,5930.74,96720.0,3.50%
2025-02-05,6281.08,6102.49,6282.07,6094.66,131900.0,3.15%
2025-02-06,6241.97,6281.09,6281.09,6206.72,76510.0,-0.62%
2025-02-07,6154.99,6254.65,6254.65,6154.99,81770.0,-1.39%
2025-02-10,6037.12,6167.57,6188.89,6030.5,79450.0,-1.92%
2025-02-11,5987.75,6059.31,6059.31,5955.73,86520.0,-0.82%
2025-02-12,6044.13,6013.43,6073.83,5957.48,106370.0,0.94%
2025-02-13,6113.19,6038.17,6117.27,6022.94,88080.0,1.14%
2025-02-14,6061.33,6111.99,6113.45,6061.33,121590.0,-0.85%
2025-02-17,5993.48,6070.02,6070.02,5968.53,136460.0,-1.12%
2025-02-18,6094.96,5994.64,6107.62,5994.64,108000.0,1.69%
2025-02-19,6119.88,6097.77,6142.86,6089.65,101620.0,0.41%
2025-02-20,6066.63,6126.77,6126.77,6050.29,106200.0,-0.87%
2025-02-21,6098.04,6070.3,6114.58,6068.99,74640.0,0.52%
2025-02-24,6095.97,6108.02,6114.6,6060.47,76300.0,-0.03%
2025-02-25,6064.16,6101.29,6106.34,6030.06,71000.0,-0.52%
2025-02-26,6144.96,6070.59,6144.96,6058.21,98770.0,1.33%
2025-02-27,6124.09,6151.3,6168.83,6122.05,90750.0,-0.34%
2025-02-28,5997.97,6143.16,6143.16,5997.97,531860.0,-2.06%
2025-03-03,6037.19,6045.57,6087.1,6037.19,169250.0,0.65%
2025-03-04,6064.11,6040.94,6081.27,6000.54,104340.0,0.45%
2025-03-05,6121.77,6060.96,6141.6,6057.72,137050.0,0.95%
2025-03-06,6219.96,6139.41,6275.34,6135.97,116810.0,1.60%
2025-03-07,6298.29,6237.22,6306.17,6224.2,94750.0,1.26%
2025-03-10,6360.77,6283.09,6360.77,6279.42,101810.0,0.99%
2025-03-11,6206.55,6311.3,6311.34,6156.97,164940.0,-2.42%
2025-03-12,6195.26,6173.74,6195.26,6123.88,121250.0,-0.18%
2025-03-13,6242.07,6212.1,6271.49,6206.63,108440.0,0.76%
2025-03-14,6294.11,6251.46,6299.7,6236.6,100730.0,0.83%
2025-03-17,6306.19,6313.24,6335.95,6306.19,85820.0,0.19%
2025-03-18,6284.68,6312.63,6329.74,6284.68,89070.0,-0.34%
2025-03-19,6313.12,6268.5,6313.12,6245.24,140600.0,0.45%
2025-03-20,6323.13,6315.11,6337.72,6305.53,76910.0,0.16%
2025-03-21,6266.75,6325.94,6325.94,6266.75,154520.0,-0.89%
2025-03-24,6192.02,6266.43,6266.43,6187.49,123830.0,-1.19%
2025-03-25,6159.85,6194.02,6194.02,6106.39,79810.0,-0.52%
2025-03-26,6166.05,6162.19,6166.05,6114.36,99840.0,0.10%
2025-03-27,6139.51,6180.22,6180.22,6125.52,100850.0,-0.43%
2025-03-28,6147.44,6142.99,6151.3,6126.6,64349.99999999999,0.13%
2025-03-31,6180.72,6149.19,6180.72,6105.93,111810.0,0.54%
2025-04-02,6247.68,6197.22,6247.68,6170.36,89960.0,1.08%
2025-04-03,6145.73,6221.02,6221.02,6112.78,68910.0,-1.63%
2025-04-04,6084.19,6111.11,6111.11,6053.74,69310.0,-1.00%
2025-04-07,5822.85,5900.19,5900.19,5804.56,151400.0,-4.30%
2025-04-08,6006.34,5839.06,6006.34,5839.06,97680.0,3.15%
2025-04-10,6077.82,6197.72,6197.72,6067.97,133990.0,1.19%
2025-04-11,6082.44,6048.74,6087.18,5970.08,70220.0,0.08%
2025-04-14,6145.52,6111.6,6145.52,6091.61,62350.0,1.04%
2025-04-15,6186.1,6131.53,6186.1,6128.23,133080.0,0.66%
2025-04-16,6134.62,6175.06,6178.08,6121.26,73520.0,-0.83%
2025-04-21,6138.0,6143.07,6152.38,6120.3,74310.0,0.06%
2025-04-22,6145.59,6146.16,6150.24,6112.26,66330.0,0.12%
2025-04-23,6168.48,6148.48,6168.48,6111.71,163210.0,0.37%
2025-04-24,6158.48,6167.28,6183.87,6146.41,100320.0,-0.16%
2025-04-25,6268.75,6188.12,6294.72,6188.12,266460.0,1.79%
2025-04-28,6249.5,6293.51,6323.45,6249.5,224520.0,-0.31%
2025-04-29,6252.19,6268.53,6285.98,6223.75,121870.0,0.04%
2025-04-30,6354.99,6280.28,6375.45,6278.54,183210.0,1.64%
2025-05-02,6411.86,6373.97,6452.63,6370.94,153500.0,0.89%
2025-05-05,6359.63,6418.62,6445.35,6359.63,192090.0,-0.81%
2025-05-06,6418.69,6368.85,6437.98,6368.85,241080.0,0.93%
2025-05-07,6465.45,6458.35,6531.99,6458.35,178790.0,0.73%
2025-05-08,6389.49,6474.7,6516.85,6389.49,139510.0,-1.17%
2025-05-09,6458.2,6441.35,6487.49,6433.94,185560.0,1.08%
2025-05-13,6566.82,6506.22,6566.82,6499.87,153190.0,1.68%
2025-05-14,6551.81,6558.56,6591.94,6550.06,215430.0,-0.23%
2025-05-15,6466.86,6537.47,6537.47,6436.0,186020.0,-1.30%
2025-05-16,6465.53,6459.74,6471.88,6403.03,97680.0,-0.02%
2025-05-19,6454.84,6482.87,6482.87,6445.02,142990.0,-0.17%
2025-05-20,6335.33,6458.27,6458.27,6335.33,160740.0,-1.85%
2025-05-21,6375.35,6343.8,6375.35,6315.04,116130.0,0.63%
2025-05-22,6305.37,6360.38,6360.38,6269.09,126770.0,-1.10%
2025-05-23,6413.1,6335.06,6413.1,6335.06,117840.0,1.71%
2025-05-26,6389.94,6403.32,6405.31,6373.35,115250.0,-0.36%
2025-05-27,6384.62,6387.32,6399.85,6374.91,162360.0,-0.08%
2025-05-28,6425.8,6411.01,6473.82,6411.01,168420.0,0.64%
2025-05-29,6412.81,6452.93,6453.72,6412.81,129039.99999999999,-0.20%
2025-05-30,6341.53,6444.92,6456.27,6337.24,512100.0,-1.11%
2025-06-02,6352.66,6350.37,6367.91,6319.29,150040.0,0.18%
2025-06-03,6412.86,6366.32,6412.86,6366.32,209400.0,0.95%
2025-06-04,6378.56,6420.27,6428.89,6378.56,165910.0,-0.53%
2025-06-05,6376.79,6379.14,6401.67,6361.58,166070.0,-0.03%
2025-06-09,6406.13,6386.99,6406.13,6368.96,221660.0,0.46%
2025-06-10,6347.67,6403.75,6413.18,6340.24,374120.0,-0.91%
2025-06-11,6381.32,6359.53,6384.45,6345.77,211200.0,0.53%
2025-06-13,6395.59,6405.76,6422.9,6394.85,309630.0,0.22%
2025-06-16,6358.58,6375.68,6377.27,6335.98,152750.0,-0.58%
2025-06-17,6369.19,6378.59,6396.94,6364.77,150820.0,0.17%
2025-06-18,6337.43,6375.54,6386.04,6332.58,141100.0,-0.50%
2025-06-19,6357.01,6344.34,6365.97,6320.56,138040.0,0.31%
2025-06-20,6339.77,6358.34,6370.28,6332.5,471120.0,-0.27%
2025-06-23,6218.28,6300.17,6300.17,6204.04,165910.0,-1.92%
2025-06-24,6292.75,6259.62,6331.02,6259.62,133630.0,1.20%
2025-06-25,6325.64,6307.97,6337.96,6307.97,114630.0,0.52%
2025-06-26,6330.65,6340.99,6345.66,6306.41,179030.0,0.08%
2025-06-27,6408.27,6334.74,6417.24,6334.74,165460.0,1.23%
2025-06-30,6364.94,6414.06,6448.02,6364.94,198970.0,-0.68%
2025-07-01,6423.85,6393.66,6423.85,6372.59,210450.0,0.93%
2025-07-02,6419.05,6416.95,6419.05,6385.54,152200.0,-0.07%
2025-07-03,6468.98,6401.2,6489.66,6401.2,244830.0,0.78%
2025-07-04,6395.57,6469.41,6470.01,6395.57,128870.0,-1.13%
2025-07-07,6425.24,6403.57,6425.24,6376.99,117910.0,0.46%
2025-07-08,6433.6,6422.83,6447.42,6393.31,124520.0,0.13%
2025-07-09,6504.34,6438.62,6508.6,6438.62,143820.0,1.10%
2025-07-10,6463.2,6511.92,6536.68,6463.2,147190.0,-0.63%
2025-07-11,6459.88,6481.45,6488.15,6450.41,108980.0,-0.05%
2025-07-14,6525.04,6479.13,6547.8,6476.57,105960.0,1.01%
2025-07-15,6459.47,6529.94,6537.85,6459.47,113590.0,-1.00%
2025-07-16,6337.48,6428.26,6428.26,6309.31,131510.0,-1.89%
2025-07-17,6295.55,6347.1,6358.59,6285.41,132660.0,-0.66%
2025-07-18,6303.72,6312.64,6339.86,6290.6,122070.0,0.13%
2025-07-21,6352.74,6310.1,6355.09,6310.1,101550.0,0.78%
2025-07-22,6355.69,6365.26,6365.26,6326.26,76350.0,0.05%
2025-07-23,6462.25,6370.34,6462.25,6370.34,98960.0,1.68%
2025-07-24,6444.16,6451.62,6466.1,6436.34,77880.0,-0.28%
2025-07-25,6413.18,6461.85,6461.85,6393.83,88270.0,-0.48%
2025-07-28,6379.75,6411.26,6417.43,6340.51,115990.0,-0.52%
2025-07-29,6325.42,6384.23,6384.23,6316.7,134380.0,-0.85%
2025-07-30,6318.23,6328.78,6333.92,6305.51,64510.00000000001,-0.11%
2025-07-31,6252.73,6314.4,6315.49,6222.04,112890.0,-1.04%
2025-08-01,6306.13,6257.29,6306.13,6245.02,82140.0,0.85%
2025-08-04,6348.65,6315.54,6348.65,6258.93,95360.0,0.67%
2025-08-05,6353.63,6355.52,6375.38,6334.82,82300.0,0.08%
2025-08-06,6370.65,6355.89,6412.43,6348.73,106990.0,0.27%
2025-08-07,6364.69,6386.91,6388.58,6310.97,114830.0,-0.09%
2025-08-08,6339.38,6355.32,6377.49,6322.83,97800.0,-0.40%
2025-08-11,6254.36,6340.29,6342.63,6244.77,119860.0,-1.34%
2025-08-12,6289.85,6266.76,6299.41,6260.17,154320.0,0.57%
2025-08-13,6325.09,6300.36,6340.5,6286.68,217980.0,0.56%
2025-08-14,6291.85,6346.17,6366.78,6291.85,145410.0,-0.53%
2025-08-15,6315.93,6313.43,6321.17,6266.71,257910.00000000003,0.38%
2025-08-18,6288.88,6331.01,6336.36,6286.09,85320.0,-0.43%
2025-08-19,6277.67,6288.58,6290.17,6237.51,103120.0,-0.18%
2025-08-20,6277.87,6288.28,6301.5,6270.94,90100.0,0.00%
2025-08-22,6281.58,6309.24,6309.24,6267.55,86670.0,0.06%
2025-08-26,6145.24,6267.93,6271.75,6145.24,179980.0,-2.17%
2025-08-27,6273.34,6197.57,6277.91,6184.23,119540.0,2.08%
2025-08-28,6190.19,6279.05,6279.05,6190.19,96840.0,-1.33%
2025-08-29,6155.57,6186.63,6207.8,6137.09,101080.0,-0.56%
2025-09-01,6140.35,6170.68,6170.68,6114.34,60500.0,-0.25%
2025-09-02,6128.89,6145.26,6145.68,6076.27,101470.0,-0.19%
2025-09-03,6082.93,6113.35,6113.35,6065.1,68980.0,-0.75%
2025-09-04,6106.92,6095.15,6115.99,6088.21,78740.0,0.39%
2025-09-05,6149.13,6131.39,6175.48,6122.9,74650.0,0.69%
2025-09-08,6101.86,6162.01,6170.24,6101.86,89870.0,-0.77%
2025-09-09,6122.71,6107.42,6142.33,6100.23,107480.0,0.34%
2025-09-10,6120.09,6134.37,6151.73,6109.34,106240.0,-0.04%
2025-09-11,6126.89,6137.72,6138.27,6114.11,103480.0,0.11%
2025-09-12,6109.21,6133.52,6146.65,6102.01,175490.0,-0.29%
2025-09-15,6057.43,6116.1,6116.1,6036.63,104770.0,-0.85%
2025-09-16,6148.74,6066.73,6158.5,6066.73,121150.0,1.51%
2025-09-17,6210.66,6167.69,6225.45,6155.22,102460.0,1.01%
2025-09-18,6233.62,6197.84,6233.62,6186.15,95800.0,0.37%
2025-09-19,6264.49,6255.79,6287.38,6248.46,178070.0,0.50%
2025-09-22,6214.83,6256.08,6256.08,6210.69,65920.0,-0.79%
2025-09-23,6118.54,6222.46,6236.15,6118.54,78190.0,-1.55%
2025-09-24,6108.72,6132.32,6149.21,6080.42,62450.0,-0.16%
2025-09-25,6042.28,6117.29,6120.89,6032.2,92780.0,-1.09%
2025-09-26,6027.12,6067.04,6067.04,5997.75,105220.0,-0.25%
2025-09-29,5997.6,6042.94,6059.09,5984.09,63150.0,-0.49%
2025-09-30,5953.46,5991.19,6008.61,5905.35,113330.0,-0.74%
2025-10-01,6026.03,5951.85,6033.59,5932.35,82720.0,1.22%
2025-10-02,6039.76,6025.15,6050.55,6008.55,69040.0,0.23%
2025-10-03,6108.86,6063.22,6108.86,6034.48,56240.0,1.14%
2025-10-06,6000.32,6111.15,6129.1,6000.32,84330.0,-1.78%
2025-10-07,6083.83,6007.4,6083.83,6007.4,69340.0,1.39%
2025-10-08,6098.74,6097.06,6138.25,6093.9,98030.0,0.25%
2025-10-09,6057.4,6105.56,6117.08,6056.65,84960.0,-0.68%
2025-10-10,6037.79,6051.23,6071.42,6032.26,75380.0,-0.32%
2025-10-13,6052.33,6026.11,6078.37,6002.98,73400.0,0.24%
2025-10-14,6076.22,6054.07,6112.99,6054.07,64410.0,0.39%
2025-10-15,6094.1,6103.46,6110.73,6071.56,139130.0,0.29%
2025-10-16,6093.67,6104.47,6130.17,6093.67,49260.0,-0.01%
2025-10-17,6089.53,6120.45,6120.45,6077.44,54820.0,-0.07%
2025-10-20,6084.07,6110.68,6141.87,6084.07,52140.0,-0.09%
2025-10-21,6093.53,6113.5,6130.98,6078.65,87850.0,0.16%
2025-10-22,6030.87,6087.84,6093.78,6023.81,65540.0,-1.03%
2025-10-23,6053.96,6024.51,6055.75,6006.6,74190.0,0.38%
2025-10-24,5988.02,6062.35,6069.89,5980.35,191610.0,-1.09%
2025-10-27,5933.76,5996.42,5996.42,5895.02,86600.0,-0.91%
2025-10-28,5953.16,5934.39,5961.49,5926.54,63390.0,0.33%
2025-10-29,5963.77,5961.28,6021.29,5959.02,89280.0,0.18%
2025-10-30,5929.68,5961.56,5972.45,5905.27,88790.0,-0.57%
2025-11-03,5828.06,5801.34,5828.97,5761.32,65430.00000000001,-1.71%
2025-11-04,5867.04,5849.21,5907.13,5849.21,97470.0,0.67%
2025-11-05,5818.06,5891.23,5891.23,5763.68,85080.0,-0.83%
2025-11-06,5835.59,5833.88,5876.3,5828.4,95550.0,0.30%
2025-11-07,5759.37,5790.67,5804.82,5722.71,142130.0,-1.31%
2025-11-10,5702.64,5763.46,5784.34,5702.64,132500.0,-0.99%
2025-11-11,5629.07,5712.17,5712.17,5613.41,148520.0,-1.29%
2025-11-12,5714.02,5646.35,5721.44,5646.35,79490.0,1.51%
2025-11-13,5726.99,5704.37,5768.91,5690.69,102220.0,0.23%
2025-11-14,5584.35,5726.39,5769.81,5584.35,91410.0,-2.49%
2025-11-17,5779.12,5616.1,5795.85,5616.1,121220.0,3.49%
2025-11-18,5756.66,5803.82,5809.51,5723.74,110920.0,-0.39%
2025-11-19,5813.71,5756.4,5821.48,5756.4,123900.0,0.99%
2025-11-20,5930.81,5805.91,5934.87,5769.55,153430.0,2.01%
2025-11-21,5997.13,5893.31,5997.13,5853.78,132700.0,1.12%
2025-11-24,6021.59,5987.94,6021.59,5918.51,193970.0,0.41%
2025-11-25,5976.17,6016.92,6066.18,5976.17,153650.0,-0.75%
2025-11-26,6004.7,5997.72,6012.43,5960.43,122360.0,0.48%
2025-11-27,5969.13,6005.45,6005.45,5929.67,65290.00000000001,-0.59%
2025-11-28,6022.24,5986.5,6043.99,5973.34,121660.0,0.89%
2025-12-01,5989.29,6052.5,6110.92,5989.29,209950.0,-0.55%
2025-12-02,5994.4,6006.33,6006.33,5972.6,65040.00000000001,0.09%
2025-12-03,5905.84,6004.54,6004.54,5905.84,98110.0,-1.48%
2025-12-04,5887.58,5915.62,5922.32,5881.72,89320.0,-0.31%
2025-12-05,5949.22,5905.26,5955.46,5888.44,70010.0,1.05%
2025-12-09,5976.64,5963.75,5976.64,5922.73,111860.0,0.46%
2025-12-10,5959.94,5991.1,5991.1,5927.97,87830.0,-0.28%
2025-12-11,5990.0,5973.44,6011.68,5965.45,187220.0,0.50%
2025-12-12,6036.72,6000.49,6062.59,5993.24,134110.0,0.78%
2025-12-15,6058.02,6033.45,6093.83,6031.61,122010.0,0.35%
2025-12-16,6055.68,6065.74,6112.2,6053.27,148320.0,-0.04%
2025-12-17,6079.02,6082.21,6111.95,6065.57,106850.0,0.39%
2025-12-18,6031.48,6075.66,6080.01,6020.66,73920.0,-0.78%
2025-12-19,5920.87,6050.36,6068.38,5920.87,126590.0,-1.83%
2025-12-22,6041.26,5951.74,6041.26,5951.74,69700.0,2.03%
2025-12-23,6041.91,6058.1,6063.82,5988.67,69670.0,0.01%
2025-12-26,6065.64,6058.6,6077.46,6048.33,43290.0,0.39%
2025-12-29,6052.92,6073.9,6100.71,6052.92,83760.0,-0.21%
