"Date","Price","Open","High","Low","Vol.","Change %"
"12/29/2025","6,052.92","6,073.90","6,100.71","6,052.92","83.76K","-0.21%"
"12/26/2025","6,065.64","6,058.60","6,077.46","6,048.33","43.29K","0.39%"
"12/23/2025","6,041.91","6,058.10","6,063.82","5,988.67","69.67K","0.01%"
"12/22/2025","6,041.26","5,951.74","6,041.26","5,951.74","69.70K","2.03%"
"12/19/2025","5,920.87","6,050.36","6,068.38","5,920.87","126.59K","-1.83%"
"12/18/2025","6,031.48","6,075.66","6,080.01","6,020.66","73.92K","-0.78%"
"12/17/2025","6,079.02","6,082.21","6,111.95","6,065.57","106.85K","0.39%"
"12/16/2025","6,055.68","6,065.74","6,112.20","6,053.27","148.32K","-0.04%"
"12/15/2025","6,058.02","6,033.45","6,093.83","6,031.61","122.01K","0.35%"
"12/12/2025","6,036.72","6,000.49","6,062.59","5,993.24","134.11K","0.78%"
"12/11/2025","5,990.00","5,973.44","6,011.68","5,965.45","187.22K","0.50%"
"12/10/2025","5,959.94","5,991.10","5,991.10","5,927.97","87.83K","-0.28%"
"12/09/2025","5,976.64","5,963.75","5,976.64","5,922.73","111.86K","0.46%"
"12/05/2025","5,949.22","5,905.26","5,955.46","5,888.44","70.01K","1.05%"
"12/04/2025","5,887.58","5,915.62","5,922.32","5,881.72","89.32K","-0.31%"
"12/03/2025","5,905.84","6,004.54","6,004.54","5,905.84","98.11K","-1.48%"
"12/02/2025","5,994.40","6,006.33","6,006.33","5,972.60","65.04K","0.09%"
"12/01/2025","5,989.29","6,052.50","6,110.92","5,989.29","209.95K","-0.55%"
"11/28/2025","6,022.24","5,986.50","6,043.99","5,973.34","121.66K","0.89%"
"11/27/2025","5,969.13","6,005.45","6,005.45","5,929.67","65.29K","-0.59%"
"11/26/2025","6,004.70","5,997.72","6,012.43","5,960.43","122.36K","0.48%"
"11/25/2025","5,976.17","6,016.92","6,066.18","5,976.17","153.65K","-0.75%"
"11/24/2025","6,021.59","5,987.94","6,021.59","5,918.51","193.97K","0.41%"
"11/21/2025","5,997.13","5,893.31","5,997.13","5,853.78","132.70K","1.12%"
"11/20/2025","5,930.81","5,805.91","5,934.87","5,769.55","153.43K","2.01%"
"11/19/2025","5,813.71","5,756.40","5,821.48","5,756.40","123.90K","0.99%"
"11/18/2025","5,756.66","5,803.82","5,809.51","5,723.74","110.92K","-0.39%"
"11/17/2025","5,779.12","5,616.10","5,795.85","5,616.10","121.22K","3.49%"
"11/14/2025","5,584.35","5,726.39","5,769.81","5,584.35","91.41K","-2.49%"
"11/13/2025","5,726.99","5,704.37","5,768.91","5,690.69","102.22K","0.23%"
"11/12/2025","5,714.02","5,646.35","5,721.44","5,646.35","79.49K","1.51%"
"11/11/2025","5,629.07","5,712.17","5,712.17","5,613.41","148.52K","-1.29%"
"11/10/2025","5,702.64","5,763.46","5,784.34","5,702.64","132.50K","-0.99%"
"11/07/2025","5,759.37","5,790.67","5,804.82","5,722.71","142.13K","-1.31%"
"11/06/2025","5,835.59","5,833.88","5,876.30","5,828.40","95.55K","0.30%"
"11/05/2025","5,818.06","5,891.23","5,891.23","5,763.68","85.08K","-0.83%"
"11/04/2025","5,867.04","5,849.21","5,907.13","5,849.21","97.47K","0.67%"
"11/03/2025","5,828.06","5,801.34","5,828.97","5,761.32","65.43K","-1.71%"
"10/30/2025","5,929.68","5,961.56","5,972.45","5,905.27","88.79K","-0.57%"
"10/29/2025","5,963.77","5,961.28","6,021.29","5,959.02","89.28K","0.18%"
"10/28/2025","5,953.16","5,934.39","5,961.49","5,926.54","63.39K","0.33%"
"10/27/2025","5,933.76","5,996.42","5,996.42","5,895.02","86.60K","-0.91%"
"10/24/2025","5,988.02","6,062.35","6,069.89","5,980.35","191.61K","-1.09%"
"10/23/2025","6,053.96","6,024.51","6,055.75","6,006.60","74.19K","0.38%"
"10/22/2025","6,030.87","6,087.84","6,093.78","6,023.81","65.54K","-1.03%"
"10/21/2025","6,093.53","6,113.50","6,130.98","6,078.65","87.85K","0.16%"
"10/20/2025","6,084.07","6,110.68","6,141.87","6,084.07","52.14K","-0.09%"
"10/17/2025","6,089.53","6,120.45","6,120.45","6,077.44","54.82K","-0.07%"
"10/16/2025","6,093.67","6,104.47","6,130.17","6,093.67","49.26K","-0.01%"
"10/15/2025","6,094.10","6,103.46","6,110.73","6,071.56","139.13K","0.29%"
"10/14/2025","6,076.22","6,054.07","6,112.99","6,054.07","64.41K","0.39%"
"10/13/2025","6,052.33","6,026.11","6,078.37","6,002.98","73.40K","0.24%"
"10/10/2025","6,037.79","6,051.23","6,071.42","6,032.26","75.38K","-0.32%"
"10/09/2025","6,057.40","6,105.56","6,117.08","6,056.65","84.96K","-0.68%"
"10/08/2025","6,098.74","6,097.06","6,138.25","6,093.90","98.03K","0.25%"
"10/07/2025","6,083.83","6,007.40","6,083.83","6,007.40","69.34K","1.39%"
"10/06/2025","6,000.32","6,111.15","6,129.10","6,000.32","84.33K","-1.78%"
"10/03/2025","6,108.86","6,063.22","6,108.86","6,034.48","56.24K","1.14%"
"10/02/2025","6,039.76","6,025.15","6,050.55","6,008.55","69.04K","0.23%"
"10/01/2025","6,026.03","5,951.85","6,033.59","5,932.35","82.72K","1.22%"
"09/30/2025","5,953.46","5,991.19","6,008.61","5,905.35","113.33K","-0.74%"
"09/29/2025","5,997.60","6,042.94","6,059.09","5,984.09","63.15K","-0.49%"
"09/26/2025","6,027.12","6,067.04","6,067.04","5,997.75","105.22K","-0.25%"
"09/25/2025","6,042.28","6,117.29","6,120.89","6,032.20","92.78K","-1.09%"
"09/24/2025","6,108.72","6,132.32","6,149.21","6,080.42","62.45K","-0.16%"
"09/23/2025","6,118.54","6,222.46","6,236.15","6,118.54","78.19K","-1.55%"
"09/22/2025","6,214.83","6,256.08","6,256.08","6,210.69","65.92K","-0.79%"
"09/19/2025","6,264.49","6,255.79","6,287.38","6,248.46","178.07K","0.50%"
"09/18/2025","6,233.62","6,197.84","6,233.62","6,186.15","95.80K","0.37%"
"09/17/2025","6,210.66","6,167.69","6,225.45","6,155.22","102.46K","1.01%"
"09/16/2025","6,148.74","6,066.73","6,158.50","6,066.73","121.15K","1.51%"
"09/15/2025","6,057.43","6,116.10","6,116.10","6,036.63","104.77K","-0.85%"
"09/12/2025","6,109.21","6,133.52","6,146.65","6,102.01","175.49K","-0.29%"
"09/11/2025","6,126.89","6,137.72","6,138.27","6,114.11","103.48K","0.11%"
"09/10/2025","6,120.09","6,134.37","6,151.73","6,109.34","106.24K","-0.04%"
"09/09/2025","6,122.71","6,107.42","6,142.33","6,100.23","107.48K","0.34%"
"09/08/2025","6,101.86","6,162.01","6,170.24","6,101.86","89.87K","-0.77%"
"09/05/2025","6,149.13","6,131.39","6,175.48","6,122.90","74.65K","0.69%"
"09/04/2025","6,106.92","6,095.15","6,115.99","6,088.21","78.74K","0.39%"
"09/03/2025","6,082.93","6,113.35","6,113.35","6,065.10","68.98K","-0.75%"
"09/02/2025","6,128.89","6,145.26","6,145.68","6,076.27","101.47K","-0.19%"
"09/01/2025","6,140.35","6,170.68","6,170.68","6,114.34","60.50K","-0.25%"
"08/29/2025","6,155.57","6,186.63","6,207.80","6,137.09","101.08K","-0.56%"
"08/28/2025","6,190.19","6,279.05","6,279.05","6,190.19","96.84K","-1.33%"
"08/27/2025","6,273.34","6,197.57","6,277.91","6,184.23","119.54K","2.08%"
"08/26/2025","6,145.24","6,267.93","6,271.75","6,145.24","179.98K","-2.17%"
"08/22/2025","6,281.58","6,309.24","6,309.24","6,267.55","86.67K","0.06%"
"08/20/2025","6,277.87","6,288.28","6,301.50","6,270.94","90.10K","0.00%"
"08/19/2025","6,277.67","6,288.58","6,290.17","6,237.51","103.12K","-0.18%"
"08/18/2025","6,288.88","6,331.01","6,336.36","6,286.09","85.32K","-0.43%"
"08/15/2025","6,315.93","6,313.43","6,321.17","6,266.71","257.91K","0.38%"
"08/14/2025","6,291.85","6,346.17","6,366.78","6,291.85","145.41K","-0.53%"
"08/13/2025","6,325.09","6,300.36","6,340.50","6,286.68","217.98K","0.56%"
"08/12/2025","6,289.85","6,266.76","6,299.41","6,260.17","154.32K","0.57%"
"08/11/2025","6,254.36","6,340.29","6,342.63","6,244.77","119.86K","-1.34%"
"08/08/2025","6,339.38","6,355.32","6,377.49","6,322.83","97.80K","-0.40%"
"08/07/2025","6,364.69","6,386.91","6,388.58","6,310.97","114.83K","-0.09%"
"08/06/2025","6,370.65","6,355.89","6,412.43","6,348.73","106.99K","0.27%"
"08/05/2025","6,353.63","6,355.52","6,375.38","6,334.82","82.30K","0.08%"
"08/04/2025","6,348.65","6,315.54","6,348.65","6,258.93","95.36K","0.67%"
"08/01/2025","6,306.13","6,257.29","6,306.13","6,245.02","82.14K","0.85%"
"07/31/2025","6,252.73","6,314.40","6,315.49","6,222.04","112.89K","-1.04%"
"07/30/2025","6,318.23","6,328.78","6,333.92","6,305.51","64.51K","-0.11%"
"07/29/2025","6,325.42","6,384.23","6,384.23","6,316.70","134.38K","-0.85%"
"07/28/2025","6,379.75","6,411.26","6,417.43","6,340.51","115.99K","-0.52%"
"07/25/2025","6,413.18","6,461.85","6,461.85","6,393.83","88.27K","-0.48%"
"07/24/2025","6,444.16","6,451.62","6,466.10","6,436.34","77.88K","-0.28%"
"07/23/2025","6,462.25","6,370.34","6,462.25","6,370.34","98.96K","1.68%"
"07/22/2025","6,355.69","6,365.26","6,365.26","6,326.26","76.35K","0.05%"
"07/21/2025","6,352.74","6,310.10","6,355.09","6,310.10","101.55K","0.78%"
"07/18/2025","6,303.72","6,312.64","6,339.86","6,290.60","122.07K","0.13%"
"07/17/2025","6,295.55","6,347.10","6,358.59","6,285.41","132.66K","-0.66%"
"07/16/2025","6,337.48","6,428.26","6,428.26","6,309.31","131.51K","-1.89%"
"07/15/2025","6,459.47","6,529.94","6,537.85","6,459.47","113.59K","-1.00%"
"07/14/2025","6,525.04","6,479.13","6,547.80","6,476.57","105.96K","1.01%"
"07/11/2025","6,459.88","6,481.45","6,488.15","6,450.41","108.98K","-0.05%"
"07/10/2025","6,463.20","6,511.92","6,536.68","6,463.20","147.19K","-0.63%"
"07/09/2025","6,504.34","6,438.62","6,508.60","6,438.62","143.82K","1.10%"
"07/08/2025","6,433.60","6,422.83","6,447.42","6,393.31","124.52K","0.13%"
"07/07/2025","6,425.24","6,403.57","6,425.24","6,376.99","117.91K","0.46%"
"07/04/2025","6,395.57","6,469.41","6,470.01","6,395.57","128.87K","-1.13%"
"07/03/2025","6,468.98","6,401.20","6,489.66","6,401.20","244.83K","0.78%"
"07/02/2025","6,419.05","6,416.95","6,419.05","6,385.54","152.20K","-0.07%"
"07/01/2025","6,423.85","6,393.66","6,423.85","6,372.59","210.45K","0.93%"
"06/30/2025","6,364.94","6,414.06","6,448.02","6,364.94","198.97K","-0.68%"
"06/27/2025","6,408.27","6,334.74","6,417.24","6,334.74","165.46K","1.23%"
"06/26/2025","6,330.65","6,340.99","6,345.66","6,306.41","179.03K","0.08%"
"06/25/2025","6,325.64","6,307.97","6,337.96","6,307.97","114.63K","0.52%"
"06/24/2025","6,292.75","6,259.62","6,331.02","6,259.62","133.63K","1.20%"
"06/23/2025","6,218.28","6,300.17","6,300.17","6,204.04","165.91K","-1.92%"
"06/20/2025","6,339.77","6,358.34","6,370.28","6,332.50","471.12K","-0.27%"
"06/19/2025","6,357.01","6,344.34","6,365.97","6,320.56","138.04K","0.31%"
"06/18/2025","6,337.43","6,375.54","6,386.04","6,332.58","141.10K","-0.50%"
"06/17/2025","6,369.19","6,378.59","6,396.94","6,364.77","150.82K","0.17%"
"06/16/2025","6,358.58","6,375.68","6,377.27","6,335.98","152.75K","-0.58%"
"06/13/2025","6,395.59","6,405.76","6,422.90","6,394.85","309.63K","0.22%"
"06/11/2025","6,381.32","6,359.53","6,384.45","6,345.77","211.20K","0.53%"
"06/10/2025","6,347.67","6,403.75","6,413.18","6,340.24","374.12K","-0.91%"
"06/09/2025","6,406.13","6,386.99","6,406.13","6,368.96","221.66K","0.46%"
"06/05/2025","6,376.79","6,379.14","6,401.67","6,361.58","166.07K","-0.03%"
"06/04/2025","6,378.56","6,420.27","6,428.89","6,378.56","165.91K","-0.53%"
"06/03/2025","6,412.86","6,366.32","6,412.86","6,366.32","209.40K","0.95%"
"06/02/2025","6,352.66","6,350.37","6,367.91","6,319.29","150.04K","0.18%"
"05/30/2025","6,341.53","6,444.92","6,456.27","6,337.24","512.10K","-1.11%"
"05/29/2025","6,412.81","6,452.93","6,453.72","6,412.81","129.04K","-0.20%"
"05/28/2025","6,425.80","6,411.01","6,473.82","6,411.01","168.42K","0.64%"
"05/27/2025","6,384.62","6,387.32","6,399.85","6,374.91","162.36K","-0.08%"
"05/26/2025","6,389.94","6,403.32","6,405.31","6,373.35","115.25K","-0.36%"
"05/23/2025","6,413.10","6,335.06","6,413.10","6,335.06","117.84K","1.71%"
"05/22/2025","6,305.37","6,360.38","6,360.38","6,269.09","126.77K","-1.10%"
"05/21/2025","6,375.35","6,343.80","6,375.35","6,315.04","116.13K","0.63%"
"05/20/2025","6,335.33","6,458.27","6,458.27","6,335.33","160.74K","-1.85%"
"05/19/2025","6,454.84","6,482.87","6,482.87","6,445.02","142.99K","-0.17%"
"05/16/2025","6,465.53","6,459.74","6,471.88","6,403.03","97.68K","-0.02%"
"05/15/2025","6,466.86","6,537.47","6,537.47","6,436.00","186.02K","-1.30%"
"05/14/2025","6,551.81","6,558.56","6,591.94","6,550.06","215.43K","-0.23%"
"05/13/2025","6,566.82","6,506.22","6,566.82","6,499.87","153.19K","1.68%"
"05/09/2025","6,458.20","6,441.35","6,487.49","6,433.94","185.56K","1.08%"
"05/08/2025","6,389.49","6,474.70","6,516.85","6,389.49","139.51K","-1.17%"
"05/07/2025","6,465.45","6,458.35","6,531.99","6,458.35","178.79K","0.73%"
"05/06/2025","6,418.69","6,368.85","6,437.98","6,368.85","241.08K","0.93%"
"05/05/2025","6,359.63","6,418.62","6,445.35","6,359.63","192.09K","-0.81%"
"05/02/2025","6,411.86","6,373.97","6,452.63","6,370.94","153.50K","0.89%"
"04/30/2025","6,354.99","6,280.28","6,375.45","6,278.54","183.21K","1.64%"
"04/29/2025","6,252.19","6,268.53","6,285.98","6,223.75","121.87K","0.04%"
"04/28/2025","6,249.50","6,293.51","6,323.45","6,249.50","224.52K","-0.31%"
"04/25/2025","6,268.75","6,188.12","6,294.72","6,188.12","266.46K","1.79%"
"04/24/2025","6,158.48","6,167.28","6,183.87","6,146.41","100.32K","-0.16%"
"04/23/2025","6,168.48","6,148.48","6,168.48","6,111.71","163.21K","0.37%"
"04/22/2025","6,145.59","6,146.16","6,150.24","6,112.26","66.33K","0.12%"
"04/21/2025","6,138.00","6,143.07","6,152.38","6,120.30","74.31K","0.06%"
"04/16/2025","6,134.62","6,175.06","6,178.08","6,121.26","73.52K","-0.83%"
"04/15/2025","6,186.10","6,131.53","6,186.10","6,128.23","133.08K","0.66%"
"04/14/2025","6,145.52","6,111.60","6,145.52","6,091.61","62.35K","1.04%"
"04/11/2025","6,082.44","6,048.74","6,087.18","5,970.08","70.22K","0.08%"
"04/10/2025","6,077.82","6,197.72","6,197.72","6,067.97","133.99K","1.19%"
"04/08/2025","6,006.34","5,839.06","6,006.34","5,839.06","97.68K","3.15%"
"04/07/2025","5,822.85","5,900.19","5,900.19","5,804.56","151.40K","-4.30%"
"04/04/2025","6,084.19","6,111.11","6,111.11","6,053.74","69.31K","-1.00%"
"04/03/2025","6,145.73","6,221.02","6,221.02","6,112.78","68.91K","-1.63%"
"04/02/2025","6,247.68","6,197.22","6,247.68","6,170.36","89.96K","1.08%"
"03/31/2025","6,180.72","6,149.19","6,180.72","6,105.93","111.81K","0.54%"
"03/28/2025","6,147.44","6,142.99","6,151.30","6,126.60","64.35K","0.13%"
"03/27/2025","6,139.51","6,180.22","6,180.22","6,125.52","100.85K","-0.43%"
"03/26/2025","6,166.05","6,162.19","6,166.05","6,114.36","99.84K","0.10%"
"03/25/2025","6,159.85","6,194.02","6,194.02","6,106.39","79.81K","-0.52%"
"03/24/2025","6,192.02","6,266.43","6,266.43","6,187.49","123.83K","-1.19%"
"03/21/2025","6,266.75","6,325.94","6,325.94","6,266.75","154.52K","-0.89%"
"03/20/2025","6,323.13","6,315.11","6,337.72","6,305.53","76.91K","0.16%"
"03/19/2025","6,313.12","6,268.50","6,313.12","6,245.24","140.60K","0.45%"
"03/18/2025","6,284.68","6,312.63","6,329.74","6,284.68","89.07K","-0.34%"
"03/17/2025","6,306.19","6,313.24","6,335.95","6,306.19","85.82K","0.19%"
"03/14/2025","6,294.11","6,251.46","6,299.70","6,236.60","100.73K","0.83%"
"03/13/2025","6,242.07","6,212.10","6,271.49","6,206.63","108.44K","0.76%"
"03/12/2025","6,195.26","6,173.74","6,195.26","6,123.88","121.25K","-0.18%"
"03/11/2025","6,206.55","6,311.30","6,311.34","6,156.97","164.94K","-2.42%"
"03/10/2025","6,360.77","6,283.09","6,360.77","6,279.42","101.81K","0.99%"
"03/07/2025","6,298.29","6,237.22","6,306.17","6,224.20","94.75K","1.26%"
"03/06/2025","6,219.96","6,139.41","6,275.34","6,135.97","116.81K","1.60%"
"03/05/2025","6,121.77","6,060.96","6,141.60","6,057.72","137.05K","0.95%"
"03/04/2025","6,064.11","6,040.94","6,081.27","6,000.54","104.34K","0.45%"
"03/03/2025","6,037.19","6,045.57","6,087.10","6,037.19","169.25K","0.65%"
"02/28/2025","5,997.97","6,143.16","6,143.16","5,997.97","531.86K","-2.06%"
"02/27/2025","6,124.09","6,151.30","6,168.83","6,122.05","90.75K","-0.34%"
"02/26/2025","6,144.96","6,070.59","6,144.96","6,058.21","98.77K","1.33%"
"02/25/2025","6,064.16","6,101.29","6,106.34","6,030.06","71.00K","-0.52%"
"02/24/2025","6,095.97","6,108.02","6,114.60","6,060.47","76.30K","-0.03%"
"02/21/2025","6,098.04","6,070.30","6,114.58","6,068.99","74.64K","0.52%"
"02/20/2025","6,066.63","6,126.77","6,126.77","6,050.29","106.20K","-0.87%"
"02/19/2025","6,119.88","6,097.77","6,142.86","6,089.65","101.62K","0.41%"
"02/18/2025","6,094.96","5,994.64","6,107.62","5,994.64","108.00K","1.69%"
"02/17/2025","5,993.48","6,070.02","6,070.02","5,968.53","136.46K","-1.12%"
"02/14/2025","6,061.33","6,111.99","6,113.45","6,061.33","121.59K","-0.85%"
"02/13/2025","6,113.19","6,038.17","6,117.27","6,022.94","88.08K","1.14%"
"02/12/2025","6,044.13","6,013.43","6,073.83","5,957.48","106.37K","0.94%"
"02/11/2025","5,987.75","6,059.31","6,059.31","5,955.73","86.52K","-0.82%"
"02/10/2025","6,037.12","6,167.57","6,188.89","6,030.50","79.45K","-1.92%"
"02/07/2025","6,154.99","6,254.65","6,254.65","6,154.99","81.77K","-1.39%"
"02/06/2025","6,241.97","6,281.09","6,281.09","6,206.72","76.51K","-0.62%"
"02/05/2025","6,281.08","6,102.49","6,282.07","6,094.66","131.90K","3.15%"
"02/04/2025","6,089.06","5,930.74","6,094.00","5,930.74","96.72K","3.50%"
"02/03/2025","5,883.04","5,986.65","5,994.04","5,883.04","240.73K","0.35%"
"01/31/2025","5,862.59","6,122.63","6,128.93","5,862.59","593.88K","-4.01%"
"01/30/2025","6,107.66","6,163.02","6,163.02","6,076.93","138.81K","-0.74%"
"01/28/2025","6,153.47","6,212.08","6,248.31","6,153.47","66.14K","-0.70%"
"01/27/2025","6,196.88","6,320.78","6,325.61","6,196.88","82.04K","-1.58%"
"01/24/2025","6,296.20","6,367.87","6,378.70","6,296.20","70.44K","-1.30%"
"01/23/2025","6,378.86","6,359.37","6,385.73","6,319.39","69.31K","0.48%"
"01/22/2025","6,348.34","6,335.59","6,392.05","6,335.59","104.14K","0.13%"
"01/21/2025","6,340.21","6,339.24","6,368.03","6,326.30","70.42K","-0.15%"
"01/20/2025","6,349.89","6,319.83","6,382.25","6,316.85","85.21K","-0.04%"
"01/17/2025","6,352.12","6,329.43","6,352.12","6,278.11","67.65K","1.38%"
"01/16/2025","6,265.52","6,370.58","6,419.26","6,265.52","121.24K","-1.03%"
"01/15/2025","6,330.46","6,332.65","6,373.07","6,309.09","112.09K","0.49%"
"01/14/2025","6,299.67","6,353.95","6,374.72","6,290.89","98.34K","-0.68%"
"01/13/2025","6,343.10","6,492.87","6,492.87","6,343.10","82.01K","-2.36%"
"01/10/2025","6,496.32","6,516.46","6,520.29","6,473.13","62.17K","-0.23%"
"01/09/2025","6,511.57","6,501.00","6,516.70","6,460.60","62.72K","0.23%"
"01/08/2025","6,496.72","6,565.29","6,566.71","6,496.72","70.30K","-0.74%"
"01/07/2025","6,545.38","6,628.16","6,640.99","6,545.38","81.03K","-1.20%"
"01/06/2025","6,625.17","6,623.23","6,661.13","6,602.76","49.00K","0.32%"
"01/03/2025","6,603.81","6,540.32","6,627.12","6,521.61","61.25K","0.82%"
"01/02/2025","6,550.39","6,527.84","6,550.39","6,484.57","45.31K","0.33%"
"12/27/2024","6,528.79","6,558.81","6,560.34","6,472.75","86.56K","-0.16%"
"12/26/2024","6,539.02","6,523.56","6,539.31","6,489.47","38.18K","0.06%"
"12/23/2024","6,534.91","6,422.74","6,534.91","6,382.20","62.06K","2.01%"
"12/20/2024","6,406.38","6,415.82","6,476.93","6,401.86","111.72K","0.17%"
"12/19/2024","6,395.60","6,439.38","6,439.38","6,337.83","113.64K","-1.14%"
"12/18/2024","6,469.08","6,512.49","6,520.81","6,461.19","71.66K","-0.50%"
"12/17/2024","6,501.71","6,591.24","6,591.24","6,462.72","134.69K","-1.72%"
"12/16/2024","6,615.16","6,622.51","6,633.89","6,575.07","89.37K","-0.02%"
"12/13/2024","6,616.51","6,631.61","6,633.60","6,583.61","77.76K","-0.37%"
"12/12/2024","6,641.35","6,622.33","6,667.98","6,598.50","132.14K","-0.02%"
"12/11/2024","6,642.71","6,720.93","6,724.90","6,642.71","75.08K","-1.22%"
"12/10/2024","6,724.82","6,729.05","6,742.01","6,648.24","101.11K","0.66%"
"12/09/2024","6,680.57","6,729.14","6,729.14","6,670.23","66.09K","-0.72%"
"12/06/2024","6,729.14","6,692.95","6,729.14","6,645.28","63.60K","0.57%"
"12/05/2024","6,690.77","6,730.06","6,737.23","6,683.67","81.30K","-0.58%"
"12/04/2024","6,729.96","6,743.86","6,762.88","6,701.35","85.02K","-0.06%"
"12/03/2024","6,734.21","6,771.92","6,771.92","6,707.13","77.25K","-0.13%"
"12/02/2024","6,742.89","6,625.70","6,742.89","6,625.70","68.99K","1.95%"
"11/29/2024","6,613.85","6,634.25","6,683.54","6,609.56","101.15K","-0.37%"
"11/28/2024","6,638.54","6,702.93","6,711.37","6,613.07","79.33K","-0.96%"
"11/27/2024","6,702.59","6,820.98","6,823.14","6,702.59","65.02K","-1.53%"
"11/26/2024","6,806.86","6,852.99","6,859.16","6,806.86","67.81K","-0.63%"
"11/25/2024","6,850.00","6,803.10","6,880.76","6,794.47","138.21K","1.03%"
"11/22/2024","6,780.13","6,856.28","6,856.28","6,771.37","62.57K","-1.21%"
"11/21/2024","6,863.01","6,890.76","6,919.57","6,857.90","80.69K","-1.61%"
"11/20/2024","6,975.63","6,829.21","6,975.63","6,775.72","93.76K","2.53%"
"11/19/2024","6,803.19","6,768.94","6,835.23","6,758.38","91.45K","0.62%"
"11/18/2024","6,761.35","6,710.67","6,774.24","6,693.39","91.15K","1.27%"
"11/15/2024","6,676.65","6,567.44","6,694.59","6,565.15","97.73K","1.82%"
"11/14/2024","6,557.09","6,730.38","6,730.38","6,557.09","126.98K","-2.34%"
"11/13/2024","6,714.33","6,815.61","6,832.99","6,714.33","118.04K","-1.41%"
"11/12/2024","6,810.11","6,934.11","6,953.97","6,810.11","90.47K","-1.87%"
"11/11/2024","6,940.01","6,967.48","6,969.17","6,900.93","65.88K","-0.53%"
"11/08/2024","6,977.18","7,010.02","7,010.02","6,899.20","93.25K","-0.53%"
"11/07/2024","7,014.44","7,142.54","7,142.54","6,923.99","126.62K","-2.11%"
"11/06/2024","7,165.42","7,252.95","7,262.24","7,154.88","63.09K","-1.27%"
"11/05/2024","7,257.94","7,131.26","7,257.94","7,131.26","64.90K","1.71%"
"11/04/2024","7,136.10","7,150.56","7,150.56","7,106.68","61.61K","-0.10%"
"10/31/2024","7,142.96","7,252.11","7,252.11","7,142.96","72.13K","-1.89%"
"10/30/2024","7,280.24","7,215.72","7,280.24","7,184.72","73.59K","0.56%"
"10/29/2024","7,239.98","7,331.89","7,331.89","7,230.97","79.63K","-1.41%"
"10/28/2024","7,343.24","7,314.42","7,355.55","7,296.03","48.07K","0.40%"
"10/25/2024","7,314.23","7,283.79","7,317.43","7,272.21","57.65K","0.42%"
"10/24/2024","7,283.79","7,354.07","7,354.07","7,283.79","73.25K","-1.14%"
"10/23/2024","7,367.66","7,411.31","7,415.90","7,346.24","101.85K","-0.61%"
"10/22/2024","7,413.16","7,414.13","7,452.74","7,398.99","94.25K","0.09%"
"10/21/2024","7,406.63","7,416.81","7,428.02","7,386.85","38.35K","-0.12%"
"10/18/2024","7,415.73","7,427.59","7,447.94","7,393.15","64.19K","0.21%"
"10/17/2024","7,400.33","7,468.04","7,484.67","7,400.33","91.13K","-0.49%"
"10/16/2024","7,437.00","7,471.88","7,483.78","7,430.40","115.84K","-0.26%"
"10/15/2024","7,456.31","7,359.10","7,479.59","7,359.10","76.62K","1.77%"
"10/14/2024","7,326.41","7,334.59","7,404.46","7,326.41","56.83K","0.22%"
"10/11/2024","7,310.32","7,415.19","7,415.19","7,291.05","72.95K","-1.36%"
"10/10/2024","7,411.47","7,416.43","7,457.41","7,399.43","75.00K","-0.18%"
"10/09/2024","7,424.52","7,518.21","7,518.21","7,424.52","85.12K","-1.50%"
"10/08/2024","7,537.25","7,535.34","7,546.29","7,488.99","91.69K","-0.23%"
"10/07/2024","7,554.68","7,464.81","7,604.61","7,464.81","110.54K","1.16%"
"10/04/2024","7,467.92","7,392.49","7,467.92","7,392.41","96.06K","1.07%"
"10/03/2024","7,388.92","7,406.79","7,470.39","7,388.92","84.16K","-0.19%"
"10/02/2024","7,402.81","7,351.77","7,412.87","7,335.19","64.96K","0.30%"
"10/01/2024","7,380.32","7,278.15","7,388.15","7,278.15","65.71K","1.48%"
"09/30/2024","7,272.65","7,417.48","7,421.24","7,272.65","91.31K","-2.10%"
"09/27/2024","7,428.30","7,428.49","7,436.46","7,402.35","81.65K","-0.41%"
"09/26/2024","7,458.74","7,374.71","7,458.74","7,369.35","99.34K","1.31%"
"09/25/2024","7,362.62","7,422.36","7,441.99","7,341.13","96.51K","-0.94%"
"09/24/2024","7,432.21","7,436.33","7,474.44","7,425.37","146.76K","0.20%"
"09/23/2024","7,417.25","7,291.47","7,417.25","7,291.47","105.44K","2.27%"
"09/20/2024","7,252.32","7,219.62","7,338.66","7,219.62","193.97K","0.70%"
"09/19/2024","7,202.16","7,151.28","7,248.38","7,151.28","100.31K","0.65%"
"09/18/2024","7,155.90","7,161.75","7,219.17","7,147.82","77.47K","-0.27%"
"09/17/2024","7,175.36","7,094.36","7,180.72","7,094.36","96.82K","1.00%"
"09/16/2024","7,104.20","7,032.34","7,104.20","7,031.13","60.97K","1.16%"
"09/13/2024","7,022.85","7,049.71","7,090.68","7,022.85","64.92K","-0.03%"
"09/12/2024","7,024.67","6,979.74","7,049.81","6,975.49","89.55K","1.15%"
"09/11/2024","6,944.88","7,001.73","7,017.74","6,944.88","103.74K","-0.57%"
"09/10/2024","6,984.63","7,004.02","7,109.75","6,984.63","129.34K","0.01%"
"09/09/2024","6,984.25","6,931.30","7,025.46","6,920.88","91.71K","0.69%"
"09/06/2024","6,936.09","6,888.71","6,940.47","6,886.49","86.77K","0.41%"
"09/05/2024","6,907.97","6,876.27","6,914.63","6,872.70","67.98K","0.38%"
"09/04/2024","6,882.12","6,814.71","6,882.12","6,759.93","77.21K","-0.01%"
"09/03/2024","6,882.92","6,934.70","6,950.61","6,878.48","78.60K","-0.58%"
"09/02/2024","6,923.41","6,927.25","6,933.51","6,904.54","72.91K","0.38%"
"08/30/2024","6,897.54","6,904.51","6,930.42","6,881.40","229.08K","0.09%"
"08/29/2024","6,891.55","6,953.01","6,959.64","6,872.55","100.68K","-0.96%"
"08/28/2024","6,958.01","6,985.56","7,016.04","6,958.01","85.66K","-0.22%"
"08/27/2024","6,973.41","6,967.95","7,008.87","6,967.95","118.04K","0.16%"
"08/22/2024","6,961.96","6,917.29","6,987.04","6,917.29","124.62K","0.89%"
"08/21/2024","6,900.62","6,952.27","6,983.81","6,900.62","77.75K","-0.64%"
"08/20/2024","6,944.76","6,930.80","7,005.27","6,930.80","122.45K","0.80%"
"08/19/2024","6,889.87","6,863.05","6,943.53","6,863.05","158.23K","0.62%"
"08/16/2024","6,847.37","6,724.27","6,866.66","6,724.27","126.00K","2.31%"
"08/15/2024","6,692.91","6,714.20","6,742.48","6,692.91","120.52K","-0.18%"
"08/14/2024","6,704.96","6,663.71","6,723.11","6,663.71","150.45K","0.82%"
"08/13/2024","6,650.44","6,624.33","6,670.05","6,615.38","101.34K","0.56%"
"08/12/2024","6,613.36","6,653.00","6,661.86","6,594.59","69.56K","-0.52%"
"08/09/2024","6,647.80","6,571.65","6,647.80","6,571.65","157.08K","1.50%"
"08/08/2024","6,549.27","6,536.50","6,570.82","6,515.91","105.61K","0.22%"
"08/07/2024","6,535.17","6,461.86","6,535.17","6,451.95","73.02K","1.58%"
"08/06/2024","6,433.24","6,439.80","6,512.47","6,433.24","96.03K","-0.02%"
"08/05/2024","6,434.73","6,535.57","6,535.57","6,397.10","121.26K","-2.58%"
"08/02/2024","6,605.30","6,672.47","6,672.47","6,562.91","80.66K","-1.32%"
"08/01/2024","6,693.83","6,645.10","6,693.83","6,619.70","89.25K","1.13%"
"07/31/2024","6,619.09","6,599.97","6,640.17","6,597.87","135.22K","0.19%"
"07/30/2024","6,606.36","6,658.95","6,671.34","6,569.86","73.57K","-0.64%"
"07/29/2024","6,649.23","6,728.33","6,761.76","6,649.23","121.51K","-1.14%"
"07/26/2024","6,726.01","6,684.63","6,726.01","6,675.62","86.59K","0.84%"
"07/25/2024","6,670.27","6,698.25","6,698.25","6,651.68","74.82K","-1.23%"
"07/23/2024","6,753.12","6,727.58","6,753.88","6,686.71","78.23K","0.61%"
"07/22/2024","6,712.05","6,756.76","6,832.66","6,712.05","109.44K","-1.17%"
"07/19/2024","6,791.69","6,707.45","6,829.97","6,707.45","121.78K","1.29%"
"07/18/2024","6,705.01","6,663.65","6,706.20","6,649.93","93.15K","0.26%"
"07/17/2024","6,687.71","6,677.85","6,700.18","6,629.51","78.93K","0.31%"
"07/16/2024","6,667.09","6,723.21","6,736.81","6,667.09","85.74K","-0.33%"
"07/15/2024","6,689.37","6,635.27","6,738.12","6,635.27","85.78K","0.62%"
"07/12/2024","6,648.23","6,611.39","6,648.23","6,589.59","68.11K","0.59%"
"07/11/2024","6,609.24","6,492.46","6,609.24","6,492.46","90.66K","1.85%"
"07/10/2024","6,489.35","6,550.05","6,561.71","6,489.35","80.94K","-1.03%"
"07/09/2024","6,556.66","6,530.05","6,557.32","6,497.53","78.80K","0.42%"
"07/08/2024","6,529.43","6,506.42","6,559.38","6,506.42","94.36K","0.56%"
"07/05/2024","6,492.75","6,507.28","6,560.20","6,492.75","82.02K","-0.23%"
"07/04/2024","6,507.49","6,447.29","6,517.64","6,437.58","70.13K","0.89%"
"07/03/2024","6,450.03","6,366.58","6,451.94","6,355.71","71.71K","1.43%"
"07/02/2024","6,358.96","6,399.37","6,399.37","6,348.06","64.04K","-0.62%"
"07/01/2024","6,398.77","6,401.96","6,436.40","6,382.25","71.78K","-0.20%"
"06/28/2024","6,411.91","6,394.73","6,442.79","6,387.68","123.11K","0.33%"
"06/27/2024","6,390.58","6,314.84","6,390.58","6,301.84","69.14K","1.23%"
"06/26/2024","6,313.11","6,308.57","6,313.11","6,277.86","113.53K","0.22%"
"06/25/2024","6,299.05","6,291.09","6,307.51","6,281.67","84.76K","0.42%"
"06/24/2024","6,272.46","6,202.64","6,272.46","6,184.72","81.79K","1.85%"
"06/21/2024","6,158.48","6,349.67","6,349.67","6,158.48","168.16K","-2.93%"
"06/20/2024","6,344.56","6,372.46","6,372.75","6,313.15","85.00K","-0.34%"
"06/19/2024","6,366.03","6,371.52","6,382.76","6,364.40","101.41K","-0.04%"
"06/18/2024","6,368.80","6,394.33","6,394.33","6,343.69","60.30K","-0.23%"
"06/14/2024","6,383.70","6,394.43","6,400.34","6,370.68","68.39K","-0.11%"
"06/13/2024","6,390.83","6,428.28","6,446.06","6,390.83","76.80K","-0.30%"
"06/11/2024","6,410.07","6,456.85","6,464.26","6,410.07","55.01K","-0.75%"
"06/10/2024","6,458.64","6,511.89","6,511.89","6,443.52","45.72K","-0.92%"
"06/07/2024","6,518.76","6,524.36","6,532.93","6,512.05","62.72K","0.14%"
"06/06/2024","6,509.86","6,465.13","6,511.73","6,453.49","80.25K","1.06%"
"06/05/2024","6,441.32","6,400.46","6,443.59","6,367.73","73.10K","0.86%"
"06/04/2024","6,386.42","6,498.56","6,498.56","6,351.19","85.19K","-1.30%"
"06/03/2024","6,470.74","6,433.54","6,472.52","6,410.48","96.30K","0.59%"
"05/31/2024","6,433.10","6,387.89","6,433.10","6,356.52","606.50K","0.96%"
"05/30/2024","6,371.75","6,410.39","6,415.61","6,341.54","111.68K","-0.62%"
"05/29/2024","6,411.41","6,506.40","6,506.40","6,411.41","89.53K","-1.38%"
"05/28/2024","6,501.34","6,572.96","6,572.96","6,495.99","110.94K","-1.07%"
"05/27/2024","6,571.60","6,630.22","6,630.22","6,552.30","98.64K","-0.73%"
"05/24/2024","6,619.89","6,634.61","6,634.61","6,587.05","68.40K","-0.60%"
"05/23/2024","6,659.99","6,612.09","6,659.99","6,606.37","94.91K","0.80%"
"05/22/2024","6,607.22","6,606.80","6,620.56","6,578.58","87.18K","-0.40%"
"05/21/2024","6,633.66","6,704.14","6,704.14","6,614.51","124.24K","-0.74%"
"05/20/2024","6,682.78","6,633.59","6,703.00","6,617.58","117.90K","0.97%"
"05/17/2024","6,618.69","6,619.51","6,649.61","6,578.26","112.11K","-0.14%"
"05/16/2024","6,628.20","6,589.24","6,628.20","6,579.74","251.04K","1.06%"
"05/15/2024","6,558.63","6,578.65","6,578.65","6,547.71","156.46K","-0.75%"
"05/14/2024","6,608.36","6,601.93","6,608.36","6,587.89","80.92K","0.06%"
"05/13/2024","6,604.25","6,523.88","6,612.73","6,523.88","72.54K","1.42%"
"05/10/2024","6,511.93","6,574.22","6,598.93","6,511.93","59.71K","-0.47%"
"05/09/2024","6,542.46","6,670.85","6,719.19","6,536.25","171.67K","-1.75%"
"05/08/2024","6,659.18","6,620.35","6,659.18","6,571.62","108.95K","0.61%"
"05/07/2024","6,618.58","6,668.24","6,691.68","6,618.58","106.39K","-0.51%"
"05/06/2024","6,652.49","6,639.27","6,683.71","6,639.27","65.39K","0.56%"
"05/03/2024","6,615.55","6,664.49","6,666.05","6,604.51","83.23K","-0.47%"
"05/02/2024","6,646.55","6,654.97","6,679.50","6,634.84","80.53K","-0.81%"
"04/30/2024","6,700.49","6,756.32","6,777.27","6,700.49","95.59K","-1.02%"
"04/29/2024","6,769.64","6,629.57","6,769.64","6,629.57","107.64K","2.13%"
"04/26/2024","6,628.75","6,557.95","6,628.75","6,547.76","58.46K","0.82%"
"04/25/2024","6,574.88","6,598.14","6,598.14","6,574.88","53.87K","0.03%"
"04/24/2024","6,572.75","6,538.98","6,595.41","6,538.98","66.90K","1.01%"
"04/23/2024","6,506.80","6,463.65","6,515.43","6,463.65","61.60K","0.97%"
"04/22/2024","6,444.08","6,484.61","6,509.66","6,439.44","60.74K","0.02%"
"04/19/2024","6,443.00","6,511.50","6,540.81","6,406.98","103.20K","-1.23%"
"04/18/2024","6,523.19","6,481.90","6,548.89","6,481.01","101.53K","1.13%"
"04/17/2024","6,450.04","6,432.10","6,497.82","6,424.81","94.50K","0.70%"
"04/16/2024","6,404.97","6,534.94","6,534.94","6,404.97","122.34K","-2.40%"
"04/15/2024","6,562.43","6,630.43","6,630.43","6,556.93","91.56K","-1.46%"
"04/12/2024","6,659.39","6,681.26","6,719.20","6,659.39","130.98K","-0.27%"
"04/11/2024","6,677.65","6,727.27","6,727.27","6,669.68","123.39K","-0.94%"
"04/08/2024","6,741.07","6,750.74","6,750.74","6,686.50","81.39K","-0.07%"
"04/05/2024","6,745.46","6,819.23","6,819.23","6,728.84","84.94K","-1.20%"
"04/04/2024","6,827.06","6,870.90","6,881.58","6,809.78","69.38K","-0.54%"
"04/03/2024","6,863.82","6,960.55","6,964.93","6,863.82","64.39K","-1.39%"
"04/02/2024","6,960.43","7,016.93","7,070.72","6,960.43","133.02K","-0.28%"
"04/01/2024","6,979.81","6,948.54","6,991.77","6,947.27","84.98K","1.10%"
"03/27/2024","6,903.53","6,884.46","6,925.37","6,884.46","113.04K","0.08%"
"03/26/2024","6,898.17","6,840.85","6,898.17","6,797.65","92.11K","0.66%"
"03/25/2024","6,853.10","6,879.75","6,886.53","6,843.50","95.50K","-0.42%"
"03/22/2024","6,881.97","6,917.68","6,919.76","6,871.45","98.09K","-1.17%"
"03/21/2024","6,963.22","6,875.24","6,963.22","6,875.24","87.23K","1.55%"
"03/20/2024","6,856.77","6,856.02","6,871.22","6,840.70","93.05K","0.12%"
"03/19/2024","6,848.43","6,851.35","6,900.59","6,831.18","118.53K","-0.07%"
"03/18/2024","6,853.29","6,838.03","6,910.29","6,838.03","76.90K","0.45%"
"03/15/2024","6,822.32","6,946.70","6,946.70","6,790.96","405.52K","-2.09%"
"03/14/2024","6,967.96","6,962.44","6,989.38","6,939.01","118.45K","0.04%"
"03/13/2024","6,965.51","6,890.23","6,980.64","6,889.56","122.38K","1.25%"
"03/12/2024","6,879.59","6,885.92","6,928.41","6,878.49","101.35K","0.11%"
"03/11/2024","6,872.24","6,939.54","6,939.54","6,852.21","79.76K","-1.01%"
"03/08/2024","6,942.21","6,839.74","6,942.21","6,835.53","75.81K","1.53%"
"03/07/2024","6,837.34","6,849.63","6,851.86","6,806.46","76.93K","-0.60%"
"03/06/2024","6,878.54","6,882.43","6,894.48","6,856.38","89.11K","-0.39%"
"03/05/2024","6,905.46","6,969.08","6,981.84","6,905.46","88.75K","-0.66%"
"03/04/2024","6,951.67","6,923.24","7,021.04","6,908.81","80.58K","0.46%"
"03/01/2024","6,919.59","6,931.32","7,005.30","6,919.59","57.47K","-0.36%"
"02/29/2024","6,944.71","6,885.65","6,944.71","6,885.65","153.07K","0.99%"
"02/28/2024","6,876.52","6,859.28","6,878.23","6,838.05","68.06K","0.23%"
"02/27/2024","6,860.67","6,887.36","6,887.36","6,842.33","91.39K","-0.45%"
"02/26/2024","6,891.49","6,918.73","6,941.85","6,891.49","59.68K","-0.31%"
"02/23/2024","6,913.21","6,915.25","6,990.65","6,913.21","71.38K","0.15%"
"02/22/2024","6,903.15","6,899.61","6,922.50","6,896.53","72.26K","0.08%"
"02/21/2024","6,897.36","6,846.53","6,897.36","6,833.92","84.92K","0.62%"
"02/20/2024","6,854.66","6,818.14","6,860.80","6,818.14","73.24K","0.82%"
"02/19/2024","6,798.61","6,882.32","6,901.31","6,798.61","92.81K","-1.09%"
"02/16/2024","6,873.23","6,893.22","6,916.43","6,873.23","93.23K","-0.13%"
"02/15/2024","6,882.15","6,862.38","6,918.15","6,855.73","83.44K","0.40%"
"02/14/2024","6,854.53","6,810.64","6,854.53","6,780.73","82.30K","0.39%"
"02/13/2024","6,827.92","6,824.08","6,848.57","6,824.08","99.30K","0.30%"
"02/12/2024","6,807.82","6,856.45","6,891.69","6,807.82","74.92K","-0.62%"
"02/08/2024","6,850.16","6,844.61","6,931.55","6,844.61","112.16K","0.29%"
"02/07/2024","6,830.04","6,772.93","6,877.61","6,772.93","104.63K","1.11%"
"02/06/2024","6,755.26","6,756.72","6,774.21","6,695.82","80.13K","0.40%"
"02/05/2024","6,728.22","6,702.12","6,760.41","6,702.12","69.86K","0.31%"
"02/02/2024","6,707.25","6,652.48","6,765.38","6,652.04","136.87K","1.27%"
"02/01/2024","6,623.01","6,623.94","6,644.11","6,601.34","65.61K","-0.35%"
"01/31/2024","6,646.44","6,633.45","6,722.32","6,633.45","97.11K","0.37%"
"01/30/2024","6,622.01","6,636.04","6,662.44","6,622.01","82.95K","-0.13%"
"01/29/2024","6,630.68","6,680.68","6,689.18","6,630.68","54.80K","-0.83%"
"01/26/2024","6,686.09","6,674.44","6,686.09","6,643.83","72.46K","0.19%"
"01/25/2024","6,673.50","6,676.40","6,687.12","6,642.70","88.46K","-0.10%"
"01/24/2024","6,679.96","6,630.26","6,679.96","6,626.82","76.56K","0.88%"
"01/23/2024","6,621.88","6,594.29","6,624.43","6,593.07","67.11K","0.58%"
"01/22/2024","6,583.47","6,532.83","6,583.47","6,532.83","74.95K","1.23%"
"01/19/2024","6,503.54","6,528.68","6,528.68","6,496.96","66.05K","-0.11%"
"01/18/2024","6,510.87","6,567.29","6,570.30","6,500.31","86.73K","-0.94%"
"01/17/2024","6,572.51","6,647.08","6,663.68","6,567.76","133.28K","-0.97%"
"01/16/2024","6,637.00","6,681.67","6,696.25","6,637.00","89.84K","-0.65%"
"01/15/2024","6,680.45","6,655.99","6,695.41","6,650.41","70.26K","0.56%"
"01/12/2024","6,643.18","6,619.91","6,676.54","6,619.91","70.18K","0.45%"
"01/11/2024","6,613.73","6,562.37","6,637.70","6,562.37","78.72K","1.03%"
"01/10/2024","6,546.11","6,587.67","6,593.77","6,546.11","83.99K","-1.09%"
"01/09/2024","6,618.52","6,628.55","6,678.35","6,618.52","96.50K","0.14%"
"01/08/2024","6,609.22","6,633.21","6,661.25","6,609.22","85.28K","-0.31%"
"01/05/2024","6,629.64","6,606.24","6,629.64","6,583.06","99.35K","0.41%"
"01/04/2024","6,602.52","6,505.11","6,602.92","6,493.37","88.79K","1.59%"
"01/03/2024","6,498.88","6,539.81","6,544.90","6,483.80","43.71K","-0.84%"
"01/02/2024","6,554.04","6,478.52","6,555.61","6,464.34","63.59K","1.61%"
"12/29/2023","6,450.04","6,514.75","6,523.83","6,450.04","77.99K","-1.06%"
"12/28/2023","6,519.11","6,478.60","6,519.11","6,472.29","60.97K","0.87%"
"12/27/2023","6,462.80","6,499.60","6,500.54","6,462.80","86.89K","-0.59%"
"12/22/2023","6,501.00","6,466.93","6,501.00","6,459.68","158.29K","0.49%"
"12/21/2023","6,469.23","6,486.27","6,496.42","6,428.12","204.16K","-0.79%"
"12/20/2023","6,520.75","6,521.96","6,566.41","6,500.97","197.43K","-0.01%"
"12/19/2023","6,521.27","6,476.38","6,524.58","6,447.89","114.51K","0.71%"
"12/18/2023","6,475.50","6,459.91","6,516.33","6,452.42","118.39K","-0.05%"
"12/15/2023","6,478.44","6,402.75","6,478.44","6,396.48","238.18K","1.06%"
"12/14/2023","6,410.48","6,280.26","6,411.24","6,280.26","156.48K","2.47%"
"12/13/2023","6,255.74","6,256.67","6,306.01","6,245.66","54.46K","-0.58%"
"12/12/2023","6,292.39","6,225.75","6,292.39","6,206.88","61.80K","1.03%"
"12/11/2023","6,228.29","6,203.39","6,228.29","6,167.21","107.10K","-0.10%"
"12/07/2023","6,234.77","6,304.71","6,306.42","6,227.72","72.60K","-1.13%"
"12/06/2023","6,305.85","6,306.39","6,306.39","6,273.97","81.93K","-0.05%"
"12/05/2023","6,308.95","6,287.39","6,308.95","6,235.58","70.08K","0.39%"
"12/04/2023","6,284.37","6,237.87","6,284.37","6,234.32","52.63K","0.63%"
"12/01/2023","6,245.18","6,230.87","6,254.03","6,221.52","57.77K","0.34%"
"11/30/2023","6,223.73","6,258.87","6,259.28","6,207.07","142.84K","-0.66%"
"11/29/2023","6,265.14","6,306.96","6,329.42","6,265.14","91.17K","-0.70%"
"11/28/2023","6,309.57","6,274.16","6,310.97","6,274.16","108.24K","0.64%"
"11/24/2023","6,269.50","6,249.79","6,271.63","6,237.66","57.08K","0.37%"
"11/23/2023","6,246.20","6,249.46","6,259.66","6,230.26","51.28K","-0.11%"
"11/22/2023","6,253.18","6,201.85","6,253.18","6,201.85","59.57K","0.71%"
"11/21/2023","6,208.83","6,196.99","6,219.06","6,183.05","91.84K","0.41%"
"11/20/2023","6,183.63","6,206.31","6,211.97","6,174.52","70.90K","-0.45%"
"11/17/2023","6,211.89","6,172.39","6,232.12","6,171.17","84.99K","0.33%"
"11/16/2023","6,191.48","6,177.63","6,191.48","6,164.20","78.09K","0.33%"
"11/15/2023","6,171.13","6,114.58","6,173.26","6,106.59","75.52K","0.99%"
"11/14/2023","6,110.88","6,122.39","6,128.07","6,079.15","62.57K","-0.09%"
"11/13/2023","6,116.14","6,158.22","6,158.76","6,114.34","37.99K","-0.74%"
"11/10/2023","6,161.89","6,189.00","6,189.00","6,127.96","61.69K","-0.43%"
"11/09/2023","6,188.22","6,155.65","6,203.72","6,155.65","85.78K","0.54%"
"11/08/2023","6,155.03","6,133.19","6,155.03","6,103.64","64.98K","0.39%"
"11/07/2023","6,131.32","6,081.44","6,131.32","6,055.68","54.65K","0.88%"
"11/06/2023","6,078.03","6,006.59","6,078.03","6,006.59","56.56K","1.48%"
"11/03/2023","5,989.27","6,039.38","6,083.69","5,989.27","81.72K","0.26%"
"10/31/2023","5,973.78","5,971.74","5,980.82","5,920.47","86.56K","0.20%"
"10/27/2023","5,961.99","5,996.20","5,999.55","5,956.86","82.44K","-0.94%"
"10/26/2023","6,018.49","6,051.26","6,051.26","5,974.17","85.86K","-0.59%"
"10/25/2023","6,054.50","6,050.10","6,080.49","6,026.43","71.29K","0.24%"
"10/24/2023","6,039.72","6,086.44","6,103.62","6,039.72","49.96K","-0.80%"
"10/23/2023","6,088.44","6,135.70","6,139.05","6,065.37","58.04K","-0.89%"
"10/20/2023","6,142.90","6,208.50","6,208.50","6,142.90","77.02K","-1.23%"
"10/19/2023","6,219.16","6,263.22","6,263.22","6,216.10","87.21K","-0.78%"
"10/18/2023","6,268.27","6,278.50","6,290.05","6,255.03","148.61K","-0.20%"
"10/17/2023","6,280.90","6,215.13","6,286.21","6,215.13","97.77K","1.32%"
"10/16/2023","6,198.83","6,261.72","6,265.85","6,198.83","71.91K","-1.08%"
"10/13/2023","6,266.34","6,264.66","6,283.50","6,260.50","55.47K","0.05%"
"10/12/2023","6,263.06","6,266.04","6,283.72","6,234.60","71.10K","0.15%"
"10/11/2023","6,253.96","6,280.85","6,308.05","6,253.96","121.68K","-0.16%"
"10/10/2023","6,264.07","6,265.86","6,303.44","6,263.74","141.42K","0.19%"
"10/09/2023","6,252.16","6,238.17","6,271.72","6,227.25","79.14K","-0.12%"
"10/06/2023","6,259.95","6,196.05","6,270.89","6,166.69","85.45K","1.32%"
"10/05/2023","6,178.60","6,266.00","6,289.67","6,178.60","108.62K","-1.90%"
"10/04/2023","6,298.20","6,289.30","6,298.20","6,270.36","68.66K","-0.12%"
"10/03/2023","6,305.99","6,304.09","6,307.94","6,253.33","96.67K","0.02%"
"10/02/2023","6,304.53","6,334.00","6,339.29","6,304.53","68.78K","-0.26%"
"09/29/2023","6,321.24","6,383.41","6,392.09","6,321.24","154.27K","-1.01%"
"09/28/2023","6,385.52","6,365.65","6,412.94","6,335.47","72.95K","0.17%"
"09/27/2023","6,374.68","6,254.35","6,374.68","6,245.73","103.87K","1.77%"
"09/26/2023","6,263.94","6,183.54","6,280.72","6,171.78","108.39K","1.48%"
"09/25/2023","6,172.84","6,156.87","6,191.46","6,118.14","134.32K","0.49%"
"09/22/2023","6,142.79","6,096.88","6,142.79","6,086.78","76.80K","0.79%"
"09/21/2023","6,094.71","6,053.96","6,094.71","6,043.13","96.47K","0.89%"
"09/20/2023","6,041.04","6,049.02","6,061.65","5,998.31","86.91K","-0.11%"
"09/19/2023","6,047.97","6,121.07","6,121.16","6,034.36","66.30K","-1.25%"
"09/18/2023","6,124.57","6,157.22","6,159.68","6,085.17","66.70K","-0.03%"
"09/15/2023","6,126.34","6,202.89","6,216.46","6,126.34","167.19K","-1.32%"
"09/14/2023","6,208.40","6,156.65","6,208.40","6,149.29","66.61K","0.96%"
"09/13/2023","6,149.18","6,235.82","6,239.40","6,149.18","91.99K","-1.30%"
"09/12/2023","6,230.20","6,238.89","6,260.87","6,230.20","101.79K","-0.06%"
"09/11/2023","6,233.74","6,217.56","6,233.74","6,198.50","75.25K","0.17%"
"09/08/2023","6,222.94","6,193.40","6,222.94","6,173.10","48.73K","0.64%"
"09/07/2023","6,183.07","6,223.75","6,223.75","6,170.07","68.14K","-0.94%"
"09/06/2023","6,241.69","6,243.37","6,245.74","6,205.80","61.60K","0.27%"
"09/05/2023","6,225.00","6,211.75","6,258.50","6,193.91","63.90K","0.17%"
"09/04/2023","6,214.68","6,195.37","6,217.74","6,183.74","1.77M","0.54%"
"09/01/2023","6,181.06","6,215.55","6,220.25","6,179.88","616.72K","0.09%"
"08/31/2023","6,175.25","6,291.95","6,291.95","6,175.25","160.63K","-1.91%"
"08/30/2023","6,295.29","6,224.81","6,300.44","6,224.81","131.53K","1.13%"
"08/29/2023","6,225.00","6,161.03","6,225.00","6,142.15","126.44K","1.05%"
"08/25/2023","6,160.61","6,222.30","6,222.30","6,144.03","74.80K","-1.05%"
"08/24/2023","6,225.78","6,204.30","6,278.18","6,204.30","67.89K","0.75%"
"08/23/2023","6,179.63","6,225.30","6,225.30","6,179.63","86.04K","-0.53%"
"08/22/2023","6,212.39","6,286.92","6,291.04","6,212.39","107.89K","-1.24%"
"08/18/2023","6,290.27","6,352.08","6,366.08","6,290.27","120.28K","-1.17%"
"08/17/2023","6,364.97","6,393.53","6,409.98","6,353.74","95.53K","-0.70%"
"08/16/2023","6,410.09","6,333.20","6,410.09","6,322.10","98.49K","1.17%"
"08/15/2023","6,335.91","6,337.67","6,370.43","6,297.17","128.56K","0.11%"
"08/14/2023","6,329.19","6,404.27","6,404.27","6,306.81","187.27K","-1.20%"
"08/11/2023","6,405.91","6,457.05","6,458.77","6,405.91","100.78K","-0.68%"
"08/10/2023","6,449.66","6,508.78","6,508.78","6,446.80","112.31K","-1.24%"
"08/09/2023","6,530.45","6,490.09","6,530.45","6,478.74","94.69K","0.89%"
"08/08/2023","6,472.97","6,517.13","6,541.64","6,465.98","142.77K","-0.53%"
"08/07/2023","6,507.78","6,498.59","6,522.59","6,485.03","77.72K","0.88%"
"08/04/2023","6,450.84","6,580.49","6,590.65","6,450.84","194.16K","-1.91%"
"08/03/2023","6,576.76","6,496.86","6,576.76","6,496.86","75.56K","1.44%"
"08/02/2023","6,483.28","6,607.05","6,616.26","6,475.80","92.94K","-1.68%"
"08/01/2023","6,593.80","6,627.56","6,641.92","6,593.80","86.22K","0.04%"
"07/31/2023","6,591.47","6,632.60","6,678.29","6,591.47","79.46K","-0.51%"
"07/28/2023","6,625.26","6,664.62","6,671.61","6,625.26","65.74K","-0.79%"
"07/27/2023","6,677.92","6,660.12","6,677.92","6,627.59","78.36K","-0.02%"
"07/26/2023","6,679.13","6,683.22","6,683.22","6,622.61","79.48K","0.27%"
"07/25/2023","6,661.11","6,650.62","6,698.41","6,650.62","103.89K","0.45%"
"07/24/2023","6,631.25","6,653.55","6,677.48","6,631.25","88.49K","-0.25%"
"07/21/2023","6,647.56","6,620.03","6,689.04","6,620.03","88.16K","0.52%"
"07/20/2023","6,613.50","6,547.80","6,645.36","6,547.80","103.49K","1.09%"
"07/19/2023","6,541.91","6,539.23","6,564.17","6,530.33","62.08K","0.20%"
"07/18/2023","6,528.80","6,560.37","6,610.57","6,528.80","54.33K","-0.34%"
"07/17/2023","6,550.76","6,604.91","6,610.89","6,550.76","63.66K","-1.12%"
"07/14/2023","6,624.79","6,581.40","6,624.79","6,526.44","129.16K","0.70%"
"07/13/2023","6,578.49","6,475.66","6,579.04","6,475.66","92.59K","1.73%"
"07/12/2023","6,466.85","6,424.19","6,466.85","6,421.05","113.35K","1.07%"
"07/11/2023","6,398.64","6,387.98","6,430.28","6,385.44","79.00K","0.30%"
"07/10/2023","6,379.72","6,386.23","6,410.50","6,375.26","67.27K","0.01%"
"07/07/2023","6,379.03","6,459.26","6,459.26","6,379.03","65.04K","-1.47%"
"07/06/2023","6,474.26","6,491.53","6,496.15","6,436.54","117.81K","-0.59%"
"07/05/2023","6,512.39","6,509.20","6,512.39","6,446.79","131.00K","-0.03%"
"07/04/2023","6,514.47","6,501.65","6,519.07","6,494.51","37.08K","0.10%"
"07/03/2023","6,508.21","6,459.53","6,508.21","6,459.53","42.91K","0.62%"
"06/30/2023","6,468.07","6,525.39","6,525.39","6,468.07","118.72K","-0.67%"
"06/29/2023","6,511.49","6,507.42","6,550.25","6,507.42","83.19K","0.13%"
"06/27/2023","6,502.85","6,519.79","6,547.33","6,491.81","94.60K","-0.31%"
"06/26/2023","6,523.09","6,422.57","6,545.45","6,419.93","138.74K","2.03%"
"06/23/2023","6,393.55","6,404.38","6,421.78","6,392.63","67.44K","-0.18%"
"06/22/2023","6,404.91","6,423.06","6,423.06","6,374.07","130.68K","-0.30%"
"06/21/2023","6,424.21","6,420.80","6,437.40","6,406.88","126.32K","-0.38%"
"06/20/2023","6,448.90","6,434.03","6,448.90","6,410.33","116.35K","-0.02%"
"06/19/2023","6,450.34","6,491.85","6,491.85","6,422.11","95.97K","-0.89%"
"06/16/2023","6,508.34","6,450.30","6,508.37","6,413.57","216.44K","0.73%"
"06/15/2023","6,461.42","6,434.94","6,461.42","6,386.84","111.92K","0.43%"
"06/14/2023","6,434.06","6,505.34","6,526.36","6,423.69","207.09K","-1.12%"
"06/13/2023","6,507.26","6,492.06","6,525.42","6,471.53","130.25K","0.00%"
"06/12/2023","6,507.15","6,541.04","6,553.23","6,501.93","80.10K","0.00%"
"06/09/2023","6,507.15","6,541.04","6,553.23","6,501.93","80.10K","-0.49%"
"06/08/2023","6,539.36","6,546.47","6,551.98","6,520.53","65.83K","-0.39%"
"06/07/2023","6,564.70","6,490.35","6,564.70","6,483.87","82.57K","1.31%"
"06/06/2023","6,479.93","6,526.21","6,539.49","6,479.93","95.62K","-0.64%"
"06/05/2023","6,521.64","6,525.63","6,544.13","6,521.06","67.33K","0.15%"
"06/02/2023","6,512.01","6,449.97","6,512.01","6,449.97","149.51K","1.27%"
"06/01/2023","6,430.58","6,502.76","6,502.76","6,430.58","119.94K","-0.72%"
"05/31/2023","6,477.36","6,517.07","6,522.09","6,469.91","981.99K","-0.51%"
"05/30/2023","6,510.67","6,574.79","6,574.79","6,510.67","75.86K","-1.25%"
"05/29/2023","6,593.16","6,543.93","6,593.16","6,532.72","66.97K","0.96%"
"05/26/2023","6,530.20","6,570.95","6,570.95","6,496.47","62.35K","-0.46%"
"05/25/2023","6,560.22","6,612.47","6,613.85","6,560.22","60.52K","-0.84%"
"05/24/2023","6,615.95","6,596.30","6,615.95","6,589.81","60.02K","0.19%"
"05/23/2023","6,603.56","6,601.75","6,641.76","6,592.17","97.31K","-0.26%"
"05/22/2023","6,620.83","6,651.19","6,651.19","6,596.79","83.11K","-0.66%"
"05/19/2023","6,664.55","6,635.45","6,694.09","6,635.45","96.16K","0.54%"
"05/18/2023","6,628.64","6,642.53","6,658.16","6,628.64","81.17K","-0.10%"
"05/17/2023","6,635.11","6,595.46","6,644.38","6,593.66","103.09K","0.70%"
"05/16/2023","6,588.90","6,549.34","6,596.34","6,549.34","65.67K","1.01%"
"05/15/2023","6,523.15","6,582.57","6,585.72","6,523.15","78.69K","-0.84%"
"05/12/2023","6,578.15","6,661.60","6,668.65","6,578.15","150.36K","-1.46%"
"05/11/2023","6,675.46","6,669.40","6,704.53","6,657.51","116.40K","0.25%"
"05/10/2023","6,658.59","6,632.83","6,660.66","6,621.58","100.38K","0.54%"
"05/09/2023","6,622.61","6,615.73","6,646.58","6,594.45","76.80K","0.33%"
"05/08/2023","6,600.74","6,709.56","6,750.06","6,600.74","127.57K","-1.27%"
"05/05/2023","6,685.66","6,678.88","6,706.22","6,673.32","93.67K","0.02%"
"05/04/2023","6,684.35","6,612.14","6,684.44","6,612.14","115.24K","1.18%"
"05/03/2023","6,606.69","6,675.71","6,675.71","6,606.69","104.32K","-0.99%"
"05/02/2023","6,672.69","6,624.95","6,673.44","6,616.88","105.48K","0.72%"
"04/28/2023","6,625.08","6,592.14","6,635.40","6,587.41","235.77K","0.63%"
"04/27/2023","6,583.68","6,541.36","6,597.83","6,530.90","48.58K","0.66%"
"04/26/2023","6,540.24","6,584.86","6,584.86","6,512.98","134.32K","-0.81%"
"04/25/2023","6,593.39","6,595.51","6,597.33","6,575.04","112.59K","-0.08%"
"04/24/2023","6,598.38","6,523.85","6,598.38","6,522.20","99.21K","1.20%"
"04/21/2023","6,520.44","6,520.44","6,520.44","6,520.44","","0.00%"
"04/20/2023","6,520.44","6,466.68","6,520.44","6,453.27","69.87K","1.15%"
"04/19/2023","6,446.35","6,456.96","6,468.63","6,425.90","57.77K","-0.28%"
"04/18/2023","6,464.72","6,499.67","6,499.67","6,454.27","49.09K","-0.63%"
"04/17/2023","6,505.62","6,483.24","6,505.62","6,425.14","71.33K","0.37%"
"04/14/2023","6,481.91","6,445.55","6,481.91","6,445.55","78.96K","0.51%"
"04/13/2023","6,448.87","6,453.29","6,453.29","6,394.10","114.45K","-0.32%"
"04/12/2023","6,469.42","6,473.73","6,479.16","6,428.92","83.45K","-0.16%"
"04/11/2023","6,479.63","6,502.46","6,506.59","6,473.95","91.15K","-0.14%"
"04/05/2023","6,488.51","6,470.54","6,518.17","6,470.54","71.96K","0.25%"
"04/04/2023","6,472.04","6,533.93","6,538.97","6,463.98","75.17K","-0.89%"
"04/03/2023","6,529.99","6,524.31","6,529.99","6,507.10","96.23K","0.47%"
"03/31/2023","6,499.68","6,635.69","6,635.69","6,499.68","149.73K","-2.18%"
"03/30/2023","6,644.75","6,632.56","6,644.75","6,610.76","81.52K","0.21%"
"03/29/2023","6,630.97","6,622.44","6,630.97","6,590.11","83.53K","0.42%"
"03/28/2023","6,603.15","6,607.36","6,627.13","6,603.15","112.75K","0.12%"
"03/27/2023","6,595.03","6,598.73","6,598.73","6,568.70","73.71K","-0.11%"
"03/24/2023","6,602.17","6,523.73","6,602.84","6,523.73","74.40K","1.01%"
"03/23/2023","6,536.36","6,514.14","6,536.36","6,494.06","86.36K","-0.15%"
"03/22/2023","6,546.27","6,540.45","6,593.22","6,540.45","84.04K","0.24%"
"03/21/2023","6,530.75","6,459.54","6,530.75","6,459.54","100.42K","1.24%"
"03/20/2023","6,451.02","6,452.03","6,452.03","6,389.48","86.38K","-0.29%"
"03/17/2023","6,469.72","6,411.18","6,485.61","6,409.29","143.11K","1.01%"
"03/16/2023","6,404.91","6,437.67","6,437.67","6,330.53","108.45K","-0.95%"
"03/15/2023","6,466.10","6,441.67","6,513.26","6,434.93","127.09K","1.14%"
"03/14/2023","6,393.33","6,525.75","6,525.75","6,393.33","136.95K","-2.31%"
"03/13/2023","6,544.45","6,529.57","6,599.96","6,498.40","96.40K","-0.69%"
"03/10/2023","6,589.88","6,596.16","6,596.16","6,518.43","171.13K","-0.29%"
"03/09/2023","6,609.27","6,711.11","6,711.11","6,609.27","119.53K","-1.52%"
"03/08/2023","6,711.49","6,681.21","6,711.49","6,617.86","141.48K","0.10%"
"03/07/2023","6,705.12","6,707.55","6,739.50","6,705.12","127.14K","0.51%"
"03/06/2023","6,671.12","6,673.18","6,737.03","6,671.12","94.82K","0.24%"
"03/03/2023","6,655.37","6,640.33","6,694.36","6,640.33","204.26K","0.50%"
"03/02/2023","6,622.45","6,628.35","6,690.63","6,598.15","149.73K","0.23%"
"03/01/2023","6,607.13","6,602.96","6,630.20","6,579.48","158.98K","0.78%"
"02/28/2023","6,556.20","6,609.41","6,670.49","6,556.20","767.44K","-0.65%"
"02/27/2023","6,599.34","6,684.45","6,684.45","6,537.52","165.44K","-1.29%"
"02/24/2023","6,685.90","6,704.91","6,704.91","6,666.41","129.18K","0.00%"
"02/23/2023","6,685.90","6,704.91","6,704.91","6,666.41","129.18K","-0.20%"
"02/22/2023","6,699.23","6,778.20","6,778.20","6,696.72","115.33K","-1.50%"
"02/21/2023","6,800.96","6,757.95","6,800.96","6,719.10","82.30K","0.84%"
"02/20/2023","6,744.12","6,793.86","6,794.98","6,735.53","74.12K","-0.51%"
"02/17/2023","6,779.02","6,805.21","6,808.97","6,745.54","89.81K","-0.54%"
"02/16/2023","6,815.91","6,814.26","6,848.48","6,808.53","146.43K","-0.09%"
"02/15/2023","6,822.09","6,790.53","6,829.03","6,747.10","97.10K","0.45%"
"02/14/2023","6,791.24","6,847.99","6,863.74","6,791.24","238.85K","-0.69%"
"02/13/2023","6,838.76","6,865.54","6,902.87","6,834.27","178.40K","-0.55%"
"02/10/2023","6,876.79","6,852.17","6,884.20","6,848.71","109.46K","0.50%"
"02/09/2023","6,842.79","6,922.13","6,922.13","6,840.12","115.11K","-1.16%"
"02/08/2023","6,923.08","6,885.27","6,963.46","6,884.49","110.30K","0.61%"
"02/07/2023","6,881.26","6,919.01","6,931.79","6,881.26","107.88K","-0.80%"
"02/06/2023","6,936.61","6,997.46","6,997.46","6,892.00","252.32K","-1.29%"
"02/03/2023","7,027.38","7,012.87","7,027.38","6,901.22","875.08K","0.59%"
"02/02/2023","6,986.19","7,027.92","7,028.37","6,959.78","257.70K","-0.70%"
"02/01/2023","7,035.76","6,814.52","7,035.76","6,813.77","249.66K","3.57%"
"01/31/2023","6,793.25","6,935.67","6,935.67","6,740.19","240.87K","-2.55%"
"01/30/2023","6,970.97","7,048.76","7,053.72","6,929.18","302.53K","-1.15%"
"01/27/2023","7,052.16","7,062.63","7,080.40","7,043.60","112.26K","0.13%"
"01/26/2023","7,042.70","7,088.14","7,101.84","7,042.70","128.44K","-0.55%"
"01/25/2023","7,081.36","7,072.49","7,085.54","7,047.73","138.91K","0.57%"
"01/24/2023","7,041.50","7,065.60","7,137.62","7,039.05","252.73K","-0.40%"
"01/23/2023","7,069.68","7,051.46","7,069.68","7,003.42","97.92K","0.19%"
"01/20/2023","7,056.62","7,056.43","7,063.50","7,035.65","117.08K","-0.08%"
"01/19/2023","7,062.01","7,049.80","7,083.87","7,043.90","194.10K","-0.46%"
"01/18/2023","7,094.86","7,008.01","7,094.86","6,967.87","178.91K","1.15%"
"01/17/2023","7,014.04","7,041.06","7,046.45","6,952.79","192.71K","-0.45%"
"01/16/2023","7,045.48","6,966.00","7,132.10","6,966.00","258.08K","1.35%"
"01/13/2023","6,951.54","6,833.76","6,959.63","6,816.42","238.43K","1.73%"
"01/12/2023","6,833.53","6,723.53","6,833.53","6,723.53","200.01K","1.85%"
"01/11/2023","6,709.34","6,764.68","6,774.47","6,709.34","209.84K","-0.70%"
"01/10/2023","6,756.69","6,783.40","6,783.40","6,740.03","153.93K","-0.49%"
"01/09/2023","6,790.24","6,692.30","6,790.24","6,685.07","150.12K","1.83%"
"01/06/2023","6,667.97","6,736.65","6,736.65","6,666.68","136.74K","-1.38%"
"01/05/2023","6,761.33","6,738.93","6,767.05","6,730.52","167.18K","0.64%"
"01/04/2023","6,718.50","6,601.50","6,755.27","6,601.50","209.87K","2.01%"
"01/03/2023","6,586.01","6,555.40","6,624.76","6,550.17","84.42K","0.30%"
"12/29/2022","6,566.39","6,553.67","6,591.28","6,529.69","161.07K","0.00%"
"12/28/2022","6,566.54","6,567.13","6,576.71","6,530.27","88.56K","0.02%"
"12/27/2022","6,564.90","6,549.09","6,579.26","6,519.90","75.38K","0.36%"
"12/26/2022","6,541.03","6,541.03","6,541.03","6,541.03","","0.00%"
"12/23/2022","6,541.03","6,567.92","6,567.92","6,536.67","56.10K","-0.55%"
"12/22/2022","6,576.94","6,540.93","6,580.21","6,521.67","183.69K","0.86%"
"12/21/2022","6,520.80","6,464.35","6,521.17","6,449.64","158.60K","0.97%"
"12/20/2022","6,458.12","6,412.42","6,458.12","6,385.20","87.79K","0.68%"
"12/19/2022","6,414.27","6,474.00","6,477.99","6,360.97","244.90K","-1.27%"
"12/16/2022","6,496.50","6,523.07","6,552.32","6,478.28","211.65K","-1.07%"
"12/15/2022","6,566.80","6,618.85","6,631.09","6,537.54","120.43K","-0.73%"
"12/14/2022","6,615.07","6,610.46","6,632.12","6,583.35","131.08K","0.50%"
"12/13/2022","6,582.38","6,611.16","6,631.66","6,566.95","135.97K","-0.04%"
"12/12/2022","6,585.20","6,602.58","6,642.40","6,566.86","106.09K","0.08%"
"12/09/2022","6,580.12","6,560.13","6,580.12","6,515.53","134.55K","0.84%"
"12/07/2022","6,525.16","6,662.75","6,662.75","6,525.16","143.05K","-2.24%"
"12/06/2022","6,674.38","6,463.01","6,674.38","6,456.81","132.67K","3.61%"
"12/05/2022","6,442.13","6,503.57","6,541.77","6,442.13","90.80K","-0.73%"
"12/02/2022","6,489.65","6,731.17","6,731.17","6,489.65","115.44K","-3.64%"
"12/01/2022","6,734.99","6,814.14","6,814.14","6,732.96","237.30K","-0.68%"
"11/29/2022","6,780.78","6,652.00","6,780.78","6,600.02","1.30M","1.49%"
"11/28/2022","6,681.47","6,589.83","6,681.61","6,570.62","141.18K","1.13%"
"11/25/2022","6,606.94","6,529.11","6,606.94","6,480.62","114.96K","1.17%"
"11/24/2022","6,530.51","6,503.98","6,536.17","6,496.89","107.83K","0.31%"
"11/23/2022","6,510.32","6,441.42","6,510.32","6,437.76","100.42K","1.25%"
"11/22/2022","6,429.65","6,401.40","6,463.18","6,401.40","106.46K","0.41%"
"11/21/2022","6,403.24","6,451.44","6,451.44","6,364.30","115.39K","-0.53%"
"11/18/2022","6,437.38","6,415.34","6,451.61","6,403.50","143.03K","0.53%"
"11/17/2022","6,403.74","6,380.81","6,406.01","6,366.05","102.77K","0.18%"
"11/16/2022","6,392.09","6,423.63","6,423.63","6,333.95","174.78K","-0.42%"
"11/15/2022","6,418.94","6,334.67","6,418.94","6,320.74","128.90K","1.01%"
"11/14/2022","6,354.76","6,296.22","6,362.35","6,289.05","140.72K","1.08%"
"11/11/2022","6,286.77","6,307.73","6,349.26","6,272.20","109.70K","1.93%"
"11/10/2022","6,167.57","6,230.84","6,248.91","6,158.26","106.48K","-1.19%"
"11/09/2022","6,241.68","6,286.25","6,320.39","6,236.96","112.22K","-0.75%"
"11/08/2022","6,289.10","6,303.58","6,345.83","6,260.50","92.01K","-0.10%"
"11/07/2022","6,295.58","6,184.79","6,295.58","6,167.65","101.09K","1.78%"
"11/04/2022","6,185.53","6,148.47","6,185.53","6,083.50","85.28K","0.48%"
"11/03/2022","6,156.11","6,155.80","6,157.46","6,110.03","79.11K","-0.81%"
"11/02/2022","6,206.24","6,258.91","6,258.91","6,159.60","120.53K","0.86%"
"10/31/2022","6,153.43","6,153.43","6,153.43","6,153.43","","0.00%"
"10/28/2022","6,153.43","6,210.84","6,210.84","6,153.43","93.14K","-1.24%"
"10/27/2022","6,230.58","6,120.90","6,230.58","6,111.94","95.88K","1.78%"
"10/26/2022","6,121.53","6,070.01","6,121.53","6,053.59","61.97K","0.79%"
"10/25/2022","6,073.41","6,038.11","6,073.41","6,020.88","80.83K","0.74%"
"10/24/2022","6,028.79","6,021.54","6,071.70","6,018.98","69.29K","0.76%"
"10/21/2022","5,983.56","6,067.63","6,075.74","5,983.56","80.65K","-1.20%"
"10/20/2022","6,055.99","6,137.26","6,181.75","6,028.49","257.90K","-1.50%"
"10/19/2022","6,148.31","6,130.95","6,148.31","6,077.38","80.43K","0.32%"
"10/18/2022","6,128.64","5,997.78","6,128.64","5,969.78","128.05K","2.65%"
"10/17/2022","5,970.33","5,901.55","5,977.13","5,891.78","72.24K","1.11%"
"10/14/2022","5,904.75","5,954.96","5,967.69","5,904.75","102.97K","0.15%"
"10/13/2022","5,895.64","5,869.85","5,914.73","5,841.57","78.56K","0.72%"
"10/12/2022","5,853.63","5,850.59","5,873.11","5,836.82","74.91K","0.11%"
"10/11/2022","5,847.37","5,849.87","5,899.40","5,835.22","100.57K","0.25%"
"10/10/2022","5,832.58","5,898.83","5,898.83","5,832.58","66.47K","-1.68%"
"10/07/2022","5,932.19","5,940.77","5,941.80","5,869.59","74.05K","-0.04%"
"10/06/2022","5,934.27","5,990.28","6,021.58","5,934.27","80.03K","-0.91%"
"10/05/2022","5,988.59","6,033.43","6,033.43","5,949.81","107.16K","0.01%"
"10/04/2022","5,987.72","5,851.77","5,987.72","5,850.65","103.38K","3.54%"
"10/03/2022","5,783.15","5,734.34","5,784.19","5,699.30","89.95K","0.73%"
"09/30/2022","5,741.07","5,874.57","5,874.57","5,741.07","180.63K","-3.26%"
"09/29/2022","5,934.25","5,967.32","6,006.52","5,911.65","152.03K","0.93%"
"09/28/2022","5,879.68","6,038.98","6,044.17","5,879.68","147.02K","-2.33%"
"09/27/2022","6,020.07","6,193.04","6,193.04","5,962.17","179.16K","-3.83%"
"09/26/2022","6,259.54","6,259.54","6,259.54","6,259.54","","0.00%"
"09/23/2022","6,259.54","6,291.37","6,291.37","6,235.67","126.40K","-0.67%"
"09/22/2022","6,301.71","6,304.19","6,304.19","6,227.58","161.11K","-0.63%"
"09/21/2022","6,341.69","6,437.40","6,446.98","6,315.54","128.60K","-1.66%"
"09/20/2022","6,448.46","6,459.92","6,500.76","6,448.46","97.75K","0.17%"
"09/19/2022","6,437.42","6,544.64","6,550.02","6,433.32","106.86K","-1.70%"
"09/16/2022","6,548.77","6,586.91","6,588.25","6,539.25","439.64K","-0.41%"
"09/15/2022","6,575.67","6,586.55","6,633.63","6,575.67","101.59K","-0.11%"
"09/14/2022","6,582.86","6,604.48","6,618.13","6,560.51","136.25K","-1.77%"
"09/13/2022","6,701.81","6,710.89","6,710.89","6,666.14","84.97K","-0.21%"
"09/12/2022","6,715.75","6,625.40","6,715.75","6,625.40","72.11K","1.66%"
"09/09/2022","6,606.00","6,593.57","6,629.29","6,586.72","81.13K","0.19%"
"09/08/2022","6,593.74","6,574.48","6,600.66","6,548.08","124.03K","0.61%"
"09/07/2022","6,554.08","6,709.46","6,709.46","6,554.08","118.54K","-2.32%"
"09/06/2022","6,709.60","6,681.13","6,721.41","6,668.41","95.47K","0.50%"
"09/05/2022","6,676.04","6,693.84","6,698.54","6,640.03","84.40K","-0.25%"
"09/02/2022","6,692.65","6,586.08","6,692.65","6,586.08","97.46K","1.58%"
"09/01/2022","6,588.28","6,594.67","6,606.21","6,569.17","125.63K","0.07%"
"08/31/2022","6,583.65","6,661.15","6,661.15","6,583.65","247.46K","-1.59%"
"08/30/2022","6,690.27","6,616.43","6,690.44","6,600.99","146.20K","-0.92%"
"08/26/2022","6,752.50","6,697.04","6,752.50","6,680.73","176.28K","0.69%"
"08/25/2022","6,706.43","6,657.18","6,726.68","6,656.70","61.84K","0.95%"
"08/24/2022","6,643.45","6,618.86","6,677.69","6,614.84","75.16K","0.38%"
"08/23/2022","6,618.38","6,680.52","6,680.52","6,591.83","126.04K","-1.28%"
"08/22/2022","6,704.41","6,848.95","6,848.95","6,704.41","119.97K","-2.32%"
"08/19/2022","6,863.86","6,834.76","6,867.89","6,819.15","102.64K","0.57%"
"08/18/2022","6,824.63","6,770.42","6,844.14","6,753.03","181.20K","0.08%"
"08/17/2022","6,818.99","6,845.65","6,883.60","6,817.00","155.97K","-0.46%"
"08/16/2022","6,850.64","6,735.56","6,850.64","6,703.09","207.02K","1.67%"
"08/15/2022","6,737.84","6,699.49","6,745.96","6,691.17","110.42K","0.57%"
"08/12/2022","6,699.66","6,676.27","6,730.53","6,646.79","173.90K","0.28%"
"08/11/2022","6,680.68","6,505.74","6,680.68","6,505.74","196.95K","3.23%"
"08/10/2022","6,471.84","6,464.56","6,471.84","6,413.96","121.55K","0.04%"
"08/09/2022","6,468.97","6,431.60","6,468.97","6,408.39","129.38K","0.54%"
"08/08/2022","6,434.24","6,425.47","6,437.92","6,370.83","119.75K","0.45%"
"08/05/2022","6,405.50","6,484.61","6,519.80","6,405.50","270.36K","-1.20%"
"08/04/2022","6,483.11","6,435.61","6,483.11","6,415.39","104.84K","0.82%"
"08/03/2022","6,430.08","6,359.97","6,430.08","6,336.02","133.20K","1.07%"
"08/02/2022","6,362.30","6,310.03","6,362.30","6,291.94","117.09K","0.80%"
"08/01/2022","6,312.03","6,309.07","6,325.97","6,227.33","134.74K","-0.06%"
"07/29/2022","6,315.93","6,351.70","6,351.70","6,265.95","117.53K","-0.99%"
"07/28/2022","6,379.26","6,274.72","6,379.26","6,274.72","98.84K","2.28%"
"07/27/2022","6,236.76","6,208.93","6,237.27","6,171.45","56.44K","0.22%"
"07/26/2022","6,223.00","6,206.80","6,234.25","6,201.97","74.56K","0.22%"
"07/25/2022","6,209.53","6,239.35","6,241.66","6,163.26","72.34K","-0.86%"
"07/22/2022","6,263.39","6,258.57","6,266.63","6,233.41","63.12K","0.12%"
"07/21/2022","6,256.17","6,298.31","6,347.58","6,245.63","149.24K","-0.30%"
"07/20/2022","6,274.80","6,294.97","6,351.77","6,263.99","116.83K","-0.18%"
"07/19/2022","6,286.24","6,255.57","6,287.03","6,249.26","90.21K","0.28%"
"07/18/2022","6,268.78","6,182.27","6,268.78","6,162.27","80.85K","1.19%"
"07/15/2022","6,195.26","6,240.83","6,240.83","6,127.26","111.78K","-0.85%"
"07/14/2022","6,248.13","6,250.06","6,255.96","6,166.61","111.96K","-0.12%"
"07/13/2022","6,255.37","6,347.63","6,351.82","6,235.57","128.06K","-1.49%"
"07/12/2022","6,349.94","6,378.34","6,393.68","6,349.94","80.07K","-0.61%"
"07/11/2022","6,388.64","6,381.11","6,396.00","6,315.52","80.81K","0.42%"
"07/08/2022","6,361.82","6,366.68","6,497.97","6,358.44","168.63K","0.15%"
"07/07/2022","6,352.32","6,419.90","6,425.23","6,332.54","127.78K","-1.44%"
"07/06/2022","6,445.01","6,323.62","6,445.01","6,312.09","132.59K","2.14%"
"07/05/2022","6,309.99","6,193.16","6,309.99","6,193.16","110.67K","2.04%"
"07/04/2022","6,183.62","6,195.90","6,210.83","6,160.88","100.44K","0.30%"
"07/01/2022","6,165.35","6,174.37","6,223.56","6,148.43","124.66K","0.16%"
"06/30/2022","6,155.43","6,321.04","6,337.34","6,140.22","171.47K","-2.34%"
"06/29/2022","6,303.19","6,361.23","6,374.91","6,303.19","131.20K","-0.67%"
"06/28/2022","6,345.41","6,247.14","6,349.49","6,232.05","162.34K","1.71%"
"06/27/2022","6,238.82","6,241.94","6,253.51","6,197.98","143.28K","0.34%"
"06/24/2022","6,217.56","6,096.48","6,217.56","6,096.48","142.52K","2.51%"
"06/23/2022","6,065.23","6,177.56","6,215.90","6,054.79","140.88K","-1.67%"
"06/22/2022","6,168.00","6,289.27","6,299.41","6,168.00","149.47K","-1.86%"
"06/21/2022","6,285.19","6,349.26","6,370.74","6,255.68","108.90K","-0.77%"
"06/20/2022","6,333.94","6,341.98","6,349.01","6,302.50","87.06K","0.04%"
"06/17/2022","6,331.56","6,308.86","6,331.56","6,273.73","281.29K","-0.96%"
"06/16/2022","6,393.01","6,374.43","6,393.38","6,327.23","128.02K","1.16%"
"06/15/2022","6,319.42","6,443.85","6,472.64","6,319.42","128.02K","-2.40%"
"06/14/2022","6,474.53","6,416.87","6,474.53","6,384.41","131.29K","0.12%"
"06/13/2022","6,467.01","6,503.06","6,503.53","6,430.45","125.31K","-0.97%"
"06/10/2022","6,530.04","6,713.33","6,713.33","6,530.04","121.07K","-3.38%"
"06/09/2022","6,758.59","6,796.38","6,796.38","6,684.63","101.69K","-0.16%"
"06/08/2022","6,769.62","6,768.35","6,797.55","6,733.14","110.18K","0.23%"
"06/07/2022","6,754.01","6,717.62","6,754.01","6,705.63","96.53K","0.55%"
"06/06/2022","6,716.88","6,747.60","6,749.07","6,699.97","132.10K","-0.36%"
"06/03/2022","6,741.40","6,667.62","6,743.15","6,653.96","93.78K","0.82%"
"06/02/2022","6,686.83","6,722.73","6,722.73","6,653.41","84.39K","-0.38%"
"06/01/2022","6,712.21","6,786.92","6,786.92","6,698.79","118.32K","-0.92%"
"05/31/2022","6,774.68","6,832.08","6,832.08","6,774.68","1.03M","-0.70%"
"05/30/2022","6,822.32","6,741.95","6,839.27","6,729.90","153.90K","1.43%"
"05/27/2022","6,726.14","6,655.51","6,726.14","6,641.16","142.27K","1.21%"
"05/26/2022","6,645.52","6,607.19","6,645.52","6,589.18","139.22K","0.72%"
"05/25/2022","6,597.76","6,580.09","6,612.08","6,574.98","133.83K","0.31%"
"05/24/2022","6,577.45","6,693.61","6,693.61","6,577.45","145.01K","-1.65%"
"05/23/2022","6,687.85","6,757.59","6,757.59","6,678.01","143.02K","-0.87%"
"05/20/2022","6,746.33","6,683.15","6,763.74","6,683.15","167.04K","1.30%"
"05/19/2022","6,660.05","6,651.17","6,711.15","6,597.14","225.67K","-1.00%"
"05/18/2022","6,727.60","6,621.17","6,727.60","6,607.98","223.60K","2.02%"
"05/17/2022","6,594.66","6,518.12","6,594.66","6,495.68","298.11K","1.42%"
"05/16/2022","6,502.12","6,458.57","6,539.33","6,458.57","173.59K","1.93%"
"05/13/2022","6,379.17","6,545.52","6,569.36","6,379.17","340.02K","-2.34%"
"05/12/2022","6,532.30","6,633.68","6,633.68","6,532.30","170.32K","-1.56%"
"05/11/2022","6,635.86","6,677.24","6,695.85","6,630.52","153.70K","-1.27%"
"05/10/2022","6,720.93","6,632.35","6,720.93","6,547.44","170.51K","-0.58%"
"05/09/2022","6,759.90","6,759.90","6,759.90","6,759.90","","0.00%"
"05/06/2022","6,759.90","6,800.94","6,855.01","6,759.90","93.33K","-1.59%"
"05/05/2022","6,868.92","6,827.94","6,881.59","6,785.39","104.52K","0.97%"
"05/04/2022","6,802.73","6,736.30","6,802.73","6,630.46","111.26K","1.21%"
"05/02/2022","6,721.08","6,742.83","6,764.10","6,668.39","79.48K","-0.15%"
"04/29/2022","6,731.25","6,911.64","6,911.64","6,731.25","189.90K","-2.58%"
"04/28/2022","6,909.45","6,858.00","6,909.45","6,828.85","97.70K","0.66%"
"04/27/2022","6,863.91","6,936.10","6,945.30","6,832.92","89.25K","-1.66%"
"04/26/2022","6,980.02","6,996.01","7,001.91","6,964.00","73.12K","-0.58%"
"04/25/2022","7,020.83","6,971.88","7,020.83","6,913.43","84.81K","0.32%"
"04/22/2022","6,998.59","7,067.93","7,072.59","6,959.95","76.63K","-0.89%"
"04/21/2022","7,061.49","7,145.50","7,156.85","7,050.62","104.83K","-1.13%"
"04/20/2022","7,142.42","7,085.23","7,142.42","7,067.74","92.66K","1.49%"
"04/19/2022","7,037.74","7,009.48","7,047.49","7,009.15","98.47K","0.60%"
"04/18/2022","6,996.11","7,010.92","7,010.92","6,977.40","52.80K","0.16%"
"04/13/2022","6,984.90","6,907.97","6,984.90","6,907.97","76.91K","1.30%"
"04/12/2022","6,895.36","6,992.97","6,992.97","6,895.36","105.29K","-1.33%"
"04/11/2022","6,988.29","7,017.95","7,026.92","6,988.29","57.40K","-0.42%"
"04/08/2022","7,018.02","6,957.42","7,018.02","6,950.10","87.22K","1.33%"
"04/07/2022","6,926.03","7,100.06","7,120.82","6,926.03","149.63K","-2.58%"
"04/06/2022","7,109.26","7,129.27","7,130.92","7,080.49","82.68K","-0.65%"
"04/05/2022","7,156.07","7,158.57","7,158.57","7,106.49","70.36K","-0.10%"
"04/04/2022","7,163.21","7,124.25","7,163.21","7,124.25","78.50K","0.14%"
"04/01/2022","7,152.88","7,160.48","7,162.44","7,103.47","101.97K","-0.70%"
"03/31/2022","7,203.47","7,173.69","7,203.47","7,156.49","172.40K","0.51%"
"03/30/2022","7,167.02","7,097.18","7,167.02","7,097.18","164.39K","0.73%"
"03/29/2022","7,115.09","7,090.22","7,115.09","7,062.72","115.64K","-0.27%"
"03/28/2022","7,134.36","7,120.74","7,134.36","7,080.37","87.93K","0.13%"
"03/25/2022","7,124.84","7,073.61","7,124.84","7,048.53","102.10K","0.60%"
"03/24/2022","7,082.61","7,013.39","7,082.61","6,985.47","125.08K","1.04%"
"03/23/2022","7,009.43","6,986.19","7,013.67","6,977.61","94.59K","0.01%"
"03/22/2022","7,008.94","6,940.85","7,008.94","6,900.49","118.36K","0.75%"
"03/21/2022","6,956.60","7,024.79","7,054.98","6,949.85","127.75K","-0.73%"
"03/18/2022","7,007.63","7,112.00","7,140.90","7,007.63","367.90K","-1.61%"
"03/17/2022","7,122.45","7,053.54","7,156.77","7,046.56","157.91K","1.37%"
"03/16/2022","7,026.45","7,004.57","7,026.45","6,957.46","143.22K","0.09%"
"03/15/2022","7,019.92","6,820.78","7,019.92","6,638.40","172.55K","2.98%"
"03/14/2022","6,816.95","7,076.79","7,076.79","6,797.09","171.86K","-4.15%"
"03/11/2022","7,112.19","7,084.78","7,112.19","7,044.84","118.95K","-0.18%"
"03/10/2022","7,124.80","7,094.78","7,125.40","7,043.45","129.81K","1.93%"
"03/09/2022","6,989.88","6,967.54","7,095.12","6,967.54","156.45K","0.17%"
"03/08/2022","6,977.73","7,167.95","7,176.19","6,977.73","231.68K","-4.26%"
"03/07/2022","7,288.07","7,304.76","7,304.76","7,158.33","158.55K","-0.73%"
"03/04/2022","7,342.01","7,369.80","7,375.28","7,320.44","87.24K","-0.62%"
"03/03/2022","7,388.09","7,319.88","7,388.09","7,310.24","108.95K","1.15%"
"03/02/2022","7,304.02","7,375.62","7,379.13","7,286.26","103.96K","-1.36%"
"03/01/2022","7,404.61","7,322.38","7,404.61","7,317.44","126.10K","1.28%"
"02/28/2022","7,311.01","7,175.82","7,326.07","7,175.82","227.99K","1.37%"
"02/24/2022","7,212.23","7,355.87","7,383.90","7,179.63","219.40K","-2.06%"
"02/23/2022","7,364.21","7,414.99","7,414.99","7,347.44","135.26K","-1.03%"
"02/22/2022","7,440.91","7,341.35","7,440.91","7,289.65","139.83K","0.93%"
"02/21/2022","7,372.25","7,330.44","7,372.25","7,257.43","141.77K","-0.63%"
"02/18/2022","7,418.79","7,419.58","7,425.44","7,368.67","187.38K","-0.27%"
"02/17/2022","7,438.93","7,455.09","7,464.19","7,423.95","167.25K","-0.19%"
"02/16/2022","7,452.82","7,324.88","7,452.82","7,324.88","214.47K","1.95%"
"02/15/2022","7,309.94","7,338.28","7,372.65","7,292.95","218.84K","-0.70%"
"02/14/2022","7,361.15","7,276.63","7,361.15","7,276.63","179.50K","1.25%"
"02/11/2022","7,270.36","7,446.21","7,446.21","7,270.36","425.91K","-2.18%"
"02/10/2022","7,432.62","7,508.73","7,538.78","7,427.44","173.81K","-0.93%"
"02/09/2022","7,502.48","7,475.21","7,552.20","7,475.21","158.87K","0.59%"
"02/08/2022","7,458.23","7,400.90","7,473.71","7,400.90","98.08K","1.06%"
"02/07/2022","7,380.30","7,469.29","7,474.53","7,378.70","166.46K","-1.02%"
"02/04/2022","7,456.35","7,407.97","7,470.13","7,394.44","129.61K","1.00%"
"02/03/2022","7,382.77","7,460.59","7,460.59","7,382.77","101.90K","-1.02%"
"02/02/2022","7,458.99","7,380.14","7,517.50","7,380.14","127.06K","1.32%"
"01/31/2022","7,361.65","7,279.05","7,369.94","7,279.05","113.97K","1.51%"
"01/28/2022","7,251.97","7,266.96","7,315.31","7,251.97","132.46K","-0.30%"
"01/27/2022","7,273.52","7,243.69","7,275.28","7,237.80","79.20K","0.27%"
"01/26/2022","7,253.61","7,283.15","7,283.15","7,210.21","107.96K","-0.47%"
"01/25/2022","7,288.21","7,262.63","7,288.21","7,242.08","83.43K","0.49%"
"01/24/2022","7,252.64","7,256.40","7,256.85","7,215.27","76.90K","-0.56%"
"01/21/2022","7,293.52","7,225.22","7,293.52","7,204.27","77.95K","0.75%"
"01/20/2022","7,239.28","7,258.17","7,281.56","7,218.68","181.97K","-0.31%"
"01/19/2022","7,261.54","7,304.62","7,304.62","7,242.28","101.47K","-1.12%"
"01/18/2022","7,343.96","7,246.35","7,343.96","7,244.84","69.95K","1.66%"
"01/17/2022","7,223.83","7,266.41","7,280.11","7,223.83","72.86K","-0.52%"
"01/14/2022","7,261.34","7,281.45","7,293.44","7,261.34","89.30K","-0.64%"
"01/13/2022","7,307.75","7,217.38","7,317.09","7,217.38","129.16K","1.28%"
"01/12/2022","7,215.13","7,142.53","7,215.13","7,134.00","123.14K","1.83%"
"01/11/2022","7,085.69","7,114.87","7,160.80","7,067.98","111.35K","-0.77%"
"01/10/2022","7,140.67","6,990.07","7,156.84","6,966.85","123.36K","1.85%"
"01/07/2022","7,011.11","7,074.99","7,077.25","6,978.08","152.30K","-1.05%"
"01/06/2022","7,085.52","7,037.99","7,085.52","7,008.07","114.94K","-0.08%"
"01/05/2022","7,091.40","7,069.17","7,131.00","6,999.17","167.23K","0.71%"
"01/03/2022","7,041.27","7,101.64","7,101.64","7,041.27","86.33K","-1.14%"
"12/31/2021","7,122.63","7,274.69","7,274.69","7,119.44","108.19K","-2.89%"
"12/29/2021","7,334.56","7,277.08","7,334.56","7,237.01","161.40K","0.66%"
"12/28/2021","7,286.50","7,239.78","7,288.58","7,239.78","90.76K","0.44%"
"12/27/2021","7,254.80","7,184.88","7,254.80","7,166.93","53.09K","1.02%"
"12/24/2021","7,181.86","7,257.72","7,257.72","7,181.86","44.99K","-0.91%"
"12/23/2021","7,248.05","7,143.67","7,248.05","7,143.67","131.78K","1.81%"
"12/22/2021","7,119.19","7,178.54","7,201.12","7,100.07","105.02K","-0.67%"
"12/21/2021","7,167.06","7,226.00","7,234.90","7,167.06","197.43K","-0.97%"
"12/20/2021","7,237.61","7,236.12","7,239.85","7,179.41","83.93K","-0.82%"
"12/17/2021","7,297.66","7,195.44","7,297.66","7,188.71","130.68K","0.89%"
"12/16/2021","7,233.26","7,132.58","7,233.26","7,132.58","144.34K","1.41%"
"12/15/2021","7,132.58","7,234.97","7,263.27","7,096.15","225.46K","-1.51%"
"12/14/2021","7,241.99","7,252.01","7,252.01","7,158.65","115.88K","0.62%"
"12/13/2021","7,197.61","7,192.80","7,226.82","7,165.25","115.55K","0.08%"
"12/10/2021","7,192.17","7,231.24","7,231.24","7,180.36","100.47K","-0.59%"
"12/09/2021","7,234.92","7,124.66","7,234.92","7,113.72","180.38K","1.23%"
"12/08/2021","7,147.30","7,147.30","7,147.30","7,147.30","","0.00%"
"12/07/2021","7,147.30","7,153.42","7,170.82","7,098.03","179.70K","0.23%"
"12/06/2021","7,130.74","7,075.76","7,151.48","7,075.76","119.56K","1.07%"
"12/03/2021","7,055.19","7,074.01","7,120.07","7,055.19","105.21K","0.32%"
"12/02/2021","7,032.54","6,952.48","7,065.89","6,945.99","168.87K","1.23%"
"12/01/2021","6,947.06","7,194.09","7,194.09","6,928.30","296.57K","-3.52%"
"11/29/2021","7,200.88","7,151.66","7,202.72","7,000.00","795.54K","-1.07%"
"11/26/2021","7,278.44","7,346.07","7,346.07","7,263.43","218.51K","-1.23%"
"11/25/2021","7,369.27","7,389.11","7,397.58","7,335.46","135.57K","-0.67%"
"11/24/2021","7,419.10","7,395.49","7,419.10","7,365.77","135.22K","0.24%"
"11/23/2021","7,401.16","7,272.70","7,401.16","7,261.11","172.69K","1.63%"
"11/22/2021","7,282.67","7,268.74","7,282.67","7,231.90","122.64K","0.03%"
"11/19/2021","7,280.57","7,298.09","7,298.09","7,209.67","140.00K","-0.26%"
"11/18/2021","7,299.34","7,358.07","7,358.07","7,292.78","108.60K","-0.69%"
"11/17/2021","7,349.82","7,356.87","7,381.46","7,344.36","105.52K","-0.24%"
"11/16/2021","7,367.42","7,343.24","7,367.42","7,307.71","184.42K","0.34%"
"11/15/2021","7,342.37","7,378.73","7,378.73","7,333.31","109.10K","-0.55%"
"11/12/2021","7,382.84","7,329.81","7,387.82","7,329.25","184.20K","0.70%"
"11/11/2021","7,331.65","7,360.89","7,376.72","7,315.22","119.84K","-0.60%"
"11/10/2021","7,375.68","7,454.49","7,475.75","7,361.30","131.92K","-0.89%"
"11/09/2021","7,441.67","7,415.97","7,441.67","7,407.28","192.74K","0.61%"
"11/08/2021","7,396.22","7,374.42","7,424.94","7,373.53","168.52K","0.76%"
"11/05/2021","7,340.77","7,247.21","7,354.37","7,243.28","189.92K","1.90%"
"11/04/2021","7,203.72","7,221.47","7,224.05","7,176.64","101.06K","0.26%"
"11/03/2021","7,184.72","7,136.67","7,210.96","7,136.67","136.54K","1.11%"
"11/02/2021","7,106.01","7,159.66","7,182.61","7,043.68","","0.73%"
"10/29/2021","7,054.70","7,159.66","7,182.61","7,043.68","179.21K","-1.44%"
"10/28/2021","7,157.73","7,235.22","7,251.48","7,144.44","160.17K","-1.00%"
"10/27/2021","7,230.15","7,254.20","7,287.03","7,218.61","180.86K","-0.30%"
"10/26/2021","7,252.10","7,221.49","7,252.10","7,181.47","156.37K","0.56%"
"10/25/2021","7,211.54","7,277.82","7,295.35","7,198.42","162.38K","-1.07%"
"10/22/2021","7,289.61","7,305.22","7,305.22","7,265.42","139.02K","-0.30%"
"10/21/2021","7,311.72","7,321.25","7,326.10","7,279.91","282.95K","0.20%"
"10/20/2021","7,297.08","7,250.46","7,297.08","7,250.46","169.10K","0.42%"
"10/19/2021","7,266.31","7,236.26","7,289.97","7,236.26","230.92K","0.64%"
"10/18/2021","7,219.81","7,193.57","7,225.74","7,158.24","240.88K","0.09%"
"10/15/2021","7,213.46","7,194.99","7,228.59","7,168.42","227.79K","0.42%"
"10/14/2021","7,183.11","7,132.19","7,194.59","7,132.19","217.10K","1.62%"
"10/13/2021","7,068.92","7,121.59","7,159.42","7,030.68","262.90K","-0.55%"
"10/12/2021","7,107.82","7,115.24","7,166.63","7,095.91","172.35K","-0.23%"
"10/11/2021","7,124.01","6,936.46","7,171.43","6,936.46","187.36K","3.14%"
"10/08/2021","6,906.86","6,972.18","7,076.01","6,906.86","266.39K","-0.64%"
"10/07/2021","6,951.30","7,049.17","7,098.30","6,951.30","215.71K","-1.50%"
"10/06/2021","7,057.45","6,989.54","7,073.10","6,973.28","197.03K","1.09%"
"10/05/2021","6,981.24","6,946.76","6,981.24","6,921.65","103.16K","0.29%"
"10/04/2021","6,960.89","6,929.71","6,964.04","6,929.71","103.54K","0.54%"
"10/01/2021","6,923.60","6,964.49","6,984.79","6,923.60","92.23K","-0.42%"
"09/30/2021","6,952.88","6,916.82","6,984.14","6,904.69","174.78K","0.27%"
"09/29/2021","6,934.11","6,875.16","6,934.11","6,771.76","224.22K","0.71%"
"09/28/2021","6,885.36","6,984.54","6,984.54","6,868.34","168.09K","-1.02%"
"09/27/2021","6,956.26","6,965.86","6,987.26","6,947.34","181.89K","0.07%"
"09/24/2021","6,951.53","6,940.22","6,985.99","6,939.98","139.80K","0.52%"
"09/23/2021","6,915.28","6,904.50","6,974.00","6,904.50","128.66K","0.36%"
"09/22/2021","6,890.73","6,891.44","6,934.41","6,890.67","162.05K","0.14%"
"09/21/2021","6,881.20","6,794.13","6,890.97","6,779.19","127.88K","0.34%"
"09/20/2021","6,857.90","6,922.52","6,928.83","6,824.60","156.91K","-0.79%"
"09/17/2021","6,912.85","6,962.04","6,979.92","6,912.85","368.16K","-0.80%"
"09/16/2021","6,968.43","6,893.54","6,968.43","6,885.70","159.19K","1.28%"
"09/15/2021","6,880.20","6,927.48","6,974.97","6,861.01","160.28K","-0.58%"
"09/14/2021","6,920.36","6,976.89","7,033.06","6,920.36","151.61K","-0.69%"
"09/13/2021","6,968.14","6,960.98","6,973.08","6,937.25","115.60K","-0.03%"
"09/10/2021","6,970.51","6,914.97","6,970.51","6,908.67","146.27K","0.67%"
"09/09/2021","6,924.02","6,939.10","6,949.60","6,897.12","139.74K","-0.37%"
"09/08/2021","6,949.39","6,893.16","6,949.39","6,865.03","115.53K","0.53%"
"09/07/2021","6,912.71","6,892.80","6,924.14","6,884.05","125.17K","0.52%"
"09/06/2021","6,877.10","6,884.63","6,898.92","6,867.12","130.49K","-0.29%"
"09/03/2021","6,897.13","6,841.13","6,897.13","6,841.13","168.64K","0.91%"
"09/02/2021","6,834.66","6,831.96","6,887.12","6,828.89","185.94K","0.72%"
"09/01/2021","6,785.94","6,829.58","6,868.79","6,779.74","170.32K","-1.01%"
"08/31/2021","6,855.44","6,786.11","6,855.44","6,651.01","286.09K","1.01%"
"08/27/2021","6,786.62","6,799.08","6,831.26","6,774.02","91.66K","-0.50%"
"08/26/2021","6,820.53","6,822.83","6,850.18","6,808.94","191.35K","-0.02%"
"08/25/2021","6,822.15","6,682.93","6,822.15","6,666.93","98.94K","2.15%"
"08/24/2021","6,678.82","6,631.87","6,678.82","6,628.40","126.28K","1.32%"
"08/23/2021","6,591.67","6,679.52","6,690.18","6,591.67","107.93K","-0.63%"
"08/20/2021","6,633.22","6,717.94","6,743.28","6,633.22","143.78K","-1.27%"
"08/19/2021","6,718.51","6,678.43","6,718.51","6,615.24","113.24K","0.57%"
"08/18/2021","6,680.18","6,568.72","6,680.18","6,567.52","125.97K","1.81%"
"08/17/2021","6,561.41","6,511.02","6,589.35","6,511.02","129.24K","0.73%"
"08/16/2021","6,513.68","6,420.31","6,513.68","6,413.77","131.90K","3.06%"
"08/13/2021","6,320.19","6,564.78","6,588.44","6,320.19","381.35K","-3.61%"
"08/12/2021","6,556.57","6,648.23","6,648.23","6,546.09","119.05K","-1.65%"
"08/11/2021","6,666.86","6,630.06","6,666.86","6,630.06","142.23K","0.66%"
"08/10/2021","6,623.23","6,644.39","6,644.39","6,584.63","150.38K","-0.14%"
"08/09/2021","6,632.57","6,555.74","6,637.43","6,537.20","133.22K","1.42%"
"08/06/2021","6,539.91","6,549.89","6,578.41","6,539.91","137.22K","-0.11%"
"08/05/2021","6,547.27","6,605.46","6,605.46","6,539.91","134.16K","-0.58%"
"08/04/2021","6,585.21","6,570.94","6,598.18","6,545.56","90.93K","0.38%"
"08/03/2021","6,560.06","6,442.40","6,560.06","6,376.11","114.03K","1.76%"
"08/02/2021","6,446.31","6,304.03","6,446.31","6,293.66","91.22K","2.81%"
"07/30/2021","6,270.23","6,520.12","6,520.12","6,270.23","145.82K","-3.48%"
"07/29/2021","6,496.53","6,465.21","6,523.56","6,442.51","116.93K","0.36%"
"07/28/2021","6,473.03","6,511.83","6,511.83","6,370.25","117.58K","-0.76%"
"07/27/2021","6,522.58","6,404.21","6,522.58","6,401.66","74.07K","2.35%"
"07/26/2021","6,372.61","6,509.74","6,509.74","6,372.61","73.38K","-2.27%"
"07/23/2021","6,520.74","6,600.88","6,611.31","6,461.75","86.56K","-0.85%"
"07/22/2021","6,576.62","6,496.97","6,586.01","6,496.97","88.04K","1.55%"
"07/21/2021","6,476.21","6,611.67","6,611.67","6,451.12","147.79K","-1.68%"
"07/20/2021","6,587.20","6,587.20","6,587.20","6,587.20","","0.00%"
"07/19/2021","6,587.20","6,665.54","6,665.54","6,510.43","148.03K","-1.59%"
"07/16/2021","6,693.83","6,743.78","6,783.91","6,653.53","142.92K","-0.51%"
"07/15/2021","6,727.93","6,829.05","6,832.69","6,727.93","80.87K","-1.57%"
"07/14/2021","6,835.41","6,811.59","6,835.41","6,785.84","120.84K","0.59%"
"07/13/2021","6,795.13","6,907.48","6,907.48","6,795.13","116.46K","-1.72%"
"07/12/2021","6,913.87","6,838.18","6,913.87","6,838.18","83.30K","1.16%"
"07/09/2021","6,834.92","6,900.34","6,900.34","6,745.85","179.10K","-1.30%"
"07/08/2021","6,924.99","6,945.99","6,966.53","6,917.38","116.66K","-0.26%"
"07/07/2021","6,943.00","6,994.13","6,994.13","6,924.21","141.94K","-0.71%"
"07/06/2021","6,992.43","7,064.24","7,064.24","6,992.43","120.25K","-0.62%"
"07/05/2021","7,036.38","6,993.68","7,037.14","6,992.70","89.91K","0.49%"
"07/02/2021","7,002.26","6,976.27","7,002.26","6,963.44","156.27K","0.55%"
"07/01/2021","6,964.01","6,949.98","7,002.23","6,946.21","108.65K","0.90%"
"06/30/2021","6,901.91","6,941.16","6,957.56","6,901.91","140.52K","-0.79%"
"06/29/2021","6,956.65","6,939.25","6,956.65","6,921.07","119.30K","0.27%"
"06/28/2021","6,937.96","6,949.53","6,954.61","6,901.89","139.89K","-0.18%"
"06/25/2021","6,950.51","6,894.27","6,950.51","6,894.27","92.57K","0.94%"
"06/24/2021","6,886.00","6,917.90","6,919.13","6,886.00","109.64K","-0.47%"
"06/23/2021","6,918.41","6,871.83","6,918.96","6,871.83","80.89K","0.70%"
"06/22/2021","6,870.41","6,834.19","6,910.17","6,834.19","77.06K","0.63%"
"06/21/2021","6,827.17","6,840.22","6,849.45","6,783.19","120.71K","-0.35%"
"06/18/2021","6,851.38","6,878.99","6,896.36","6,800.70","167.07K","-0.53%"
"06/17/2021","6,887.92","6,968.56","6,974.56","6,878.47","111.49K","-1.23%"
"06/16/2021","6,973.35","6,957.95","7,001.21","6,957.95","153.40K","-0.05%"
"06/15/2021","6,976.73","6,908.81","6,976.73","6,893.45","118.01K","0.86%"
"06/14/2021","6,917.49","6,898.20","6,917.49","6,871.71","108.33K","0.14%"
"06/11/2021","6,907.79","6,890.03","6,910.33","6,872.59","120.67K","0.47%"
"06/10/2021","6,875.71","6,923.95","6,925.14","6,872.72","164.09K","-0.39%"
"06/09/2021","6,902.54","6,811.46","6,922.87","6,805.00","184.07K","1.36%"
"06/08/2021","6,809.72","6,781.04","6,809.72","6,767.34","83.22K","0.68%"
"06/07/2021","6,763.92","6,801.36","6,801.36","6,758.09","88.82K","-0.48%"
"06/04/2021","6,796.34","6,789.03","6,810.76","6,761.91","110.60K","0.07%"
"06/03/2021","6,791.87","6,835.24","6,835.24","6,760.19","138.95K","-0.73%"
"06/02/2021","6,841.69","6,631.72","6,841.69","6,631.72","226.85K","3.23%"
"06/01/2021","6,627.43","6,619.02","6,644.82","6,576.64","79.09K","-0.02%"
"05/31/2021","6,628.49","6,656.88","6,687.64","6,588.04","122.39K","-0.69%"
"05/28/2021","6,674.51","6,622.18","6,688.07","6,597.50","301.77K","0.14%"
"05/27/2021","6,665.14","6,374.31","6,665.14","6,365.76","1.27M","5.11%"
"05/26/2021","6,341.24","6,223.67","6,377.10","6,213.44","235.77K","2.33%"
"05/25/2021","6,196.71","6,173.25","6,203.00","6,164.90","176.35K","0.52%"
"05/24/2021","6,164.89","6,195.87","6,209.05","6,156.20","165.10K","-0.55%"
"05/21/2021","6,199.25","6,201.88","6,218.41","6,172.18","115.68K","0.03%"
"05/20/2021","6,197.64","6,253.02","6,253.02","6,197.64","110.97K","-0.75%"
"05/18/2021","6,244.74","6,230.54","6,258.77","6,210.00","124.21K","-0.62%"
"05/17/2021","6,283.58","6,226.83","6,283.58","6,188.74","139.27K","0.23%"
"05/14/2021","6,269.36","6,262.31","6,269.36","6,080.94","286.07K","0.53%"
"05/12/2021","6,236.40","6,310.33","6,310.33","6,221.93","199.33K","-1.43%"
"05/11/2021","6,326.83","6,298.92","6,341.12","6,281.61","128.68K","0.15%"
"05/10/2021","6,317.41","6,279.79","6,321.51","6,279.79","88.74K","0.94%"
"05/07/2021","6,258.71","6,278.70","6,305.99","6,257.50","86.86K","-0.38%"
"05/06/2021","6,282.78","6,310.37","6,322.17","6,233.33","107.26K","-0.27%"
"05/05/2021","6,299.69","6,352.55","6,354.81","6,299.69","109.92K","-0.94%"
"05/04/2021","6,359.15","6,391.83","6,397.19","6,356.14","90.43K","-0.16%"
"05/03/2021","6,369.28","6,392.97","6,419.52","6,369.28","77.77K","-0.02%"
"04/30/2021","6,370.87","6,475.61","6,476.11","6,370.87","116.89K","-1.80%"
"04/29/2021","6,487.51","6,453.26","6,487.51","6,420.94","118.70K","0.28%"
"04/28/2021","6,469.14","6,381.74","6,469.14","6,375.29","139.17K","1.77%"
"04/27/2021","6,356.47","6,387.15","6,397.74","6,356.47","139.85K","-0.52%"
"04/26/2021","6,389.38","6,417.77","6,417.77","6,348.56","107.57K","0.18%"
"04/23/2021","6,378.07","6,423.30","6,424.55","6,371.43","125.69K","-0.58%"
"04/22/2021","6,415.53","6,451.23","6,451.65","6,374.33","146.03K","-0.37%"
"04/21/2021","6,439.39","6,492.52","6,494.78","6,439.39","139.96K","-0.94%"
"04/20/2021","6,500.42","6,464.65","6,500.42","6,459.44","105.61K","0.63%"
"04/19/2021","6,459.76","6,503.77","6,503.77","6,459.76","131.57K","-0.54%"
"04/16/2021","6,494.81","6,533.56","6,533.56","6,490.68","85.32K","-0.69%"
"04/15/2021","6,539.96","6,505.13","6,539.96","6,464.49","140.46K","0.26%"
"04/14/2021","6,523.21","6,474.25","6,523.21","6,453.26","117.88K","1.01%"
"04/13/2021","6,457.79","6,520.03","6,520.03","6,431.71","129.72K","-0.93%"
"04/12/2021","6,518.64","6,562.11","6,566.67","6,504.59","93.67K","-0.41%"
"04/08/2021","6,545.17","6,648.71","6,648.71","6,542.27","93.58K","-1.60%"
"04/07/2021","6,651.71","6,591.05","6,651.71","6,578.12","133.69K","0.93%"
"04/06/2021","6,590.11","6,521.26","6,590.11","6,518.49","78.84K","1.46%"
"04/05/2021","6,495.15","6,447.40","6,500.35","6,446.04","77.84K","0.81%"
"03/31/2021","6,443.09","6,554.43","6,557.04","6,443.09","114.92K","-1.57%"
"03/30/2021","6,545.55","6,586.93","6,603.06","6,504.18","82.15K","-0.94%"
"03/29/2021","6,607.78","6,469.26","6,653.52","6,432.07","107.05K","0.96%"
"03/26/2021","6,544.63","6,567.89","6,576.60","6,526.29","104.30K","-0.55%"
"03/25/2021","6,581.00","6,498.51","6,603.55","6,498.51","125.59K","1.29%"
"03/24/2021","6,497.01","6,427.72","6,497.01","6,393.14","83.84K","0.79%"
"03/23/2021","6,446.35","6,381.82","6,446.35","6,381.82","83.56K","0.80%"
"03/22/2021","6,395.17","6,381.59","6,444.58","6,325.64","77.08K","-0.64%"
"03/19/2021","6,436.10","6,628.74","6,638.93","6,436.10","149.88K","-2.94%"
"03/18/2021","6,630.85","6,581.47","6,675.84","6,577.64","94.19K","0.97%"
"03/17/2021","6,566.83","6,574.31","6,593.53","6,548.54","88.59K","0.12%"
"03/16/2021","6,559.08","6,529.10","6,610.53","6,519.18","74.77K","0.10%"
"03/15/2021","6,552.46","6,694.09","6,694.09","6,489.79","126.88K","-2.62%"
"03/12/2021","6,728.55","6,734.40","6,749.13","6,693.91","60.80K","0.14%"
"03/11/2021","6,719.18","6,782.57","6,782.57","6,705.67","58.97K","-1.31%"
"03/10/2021","6,808.32","6,752.90","6,808.32","6,727.10","113.98K","0.61%"
"03/09/2021","6,766.83","6,738.83","6,769.38","6,668.33","92.58K","0.15%"
"03/08/2021","6,756.92","6,879.77","6,879.77","6,745.75","106.26K","-1.81%"
"03/05/2021","6,881.37","6,864.58","6,896.25","6,829.21","77.54K","-0.02%"
"03/04/2021","6,882.49","6,911.17","6,921.10","6,839.34","87.51K","-0.87%"
"03/03/2021","6,942.76","6,918.74","6,942.76","6,871.18","80.08K","0.34%"
"03/02/2021","6,919.54","6,862.64","6,919.54","6,848.81","113.35K","0.68%"
"03/01/2021","6,872.97","6,828.70","6,874.40","6,798.81","107.46K","1.15%"
"02/26/2021","6,794.86","6,718.06","6,827.17","6,681.14","198.57K","0.58%"
"02/24/2021","6,755.95","6,808.42","6,808.42","6,735.84","84.96K","-0.86%"
"02/23/2021","6,814.67","6,808.13","6,814.67","6,736.42","111.81K","0.06%"
"02/22/2021","6,810.34","6,901.93","6,907.47","6,810.34","78.87K","-1.68%"
"02/19/2021","6,926.41","6,858.72","6,926.41","6,841.48","103.24K","1.12%"
"02/18/2021","6,849.64","6,954.37","6,972.26","6,849.64","111.35K","-1.68%"
"02/17/2021","6,966.43","6,991.36","6,995.60","6,916.71","88.26K","-1.10%"
"02/16/2021","7,044.06","6,969.93","7,044.06","6,969.93","92.30K","1.22%"
"02/15/2021","6,959.21","6,996.58","7,026.40","6,959.21","79.14K","-0.45%"
"02/11/2021","6,991.01","7,059.48","7,076.01","6,991.01","132.19K","-1.29%"
"02/10/2021","7,082.15","7,076.38","7,159.11","7,073.78","115.75K","0.23%"
"02/09/2021","7,065.55","7,014.79","7,091.92","7,014.79","101.54K","0.58%"
"02/08/2021","7,024.48","6,997.28","7,032.12","6,965.93","102.24K","0.08%"
"02/05/2021","7,019.18","6,899.15","7,019.18","6,843.83","96.06K","1.67%"
"02/04/2021","6,903.75","6,858.04","6,903.75","6,809.41","79.21K","0.65%"
"02/03/2021","6,859.46","6,895.43","6,913.30","6,819.42","105.55K","-0.12%"
"02/02/2021","6,867.88","6,838.26","6,917.92","6,837.31","80.81K","0.78%"
"02/01/2021","6,814.76","6,634.59","6,814.76","6,634.59","107.30K","3.06%"
"01/29/2021","6,612.62","6,826.65","6,827.38","6,612.62","175.33K","-3.49%"
"01/28/2021","6,851.84","6,808.72","6,918.30","6,770.75","82.27K","-0.17%"
"01/27/2021","6,863.61","6,947.52","6,949.48","6,824.88","120.01K","-1.63%"
"01/26/2021","6,977.16","7,039.17","7,039.17","6,961.06","114.69K","-1.33%"
"01/25/2021","7,071.50","7,026.77","7,071.50","7,012.76","82.85K","0.36%"
"01/22/2021","7,045.83","7,116.76","7,116.76","7,007.20","110.17K","-1.32%"
"01/21/2021","7,140.29","7,161.07","7,161.07","7,112.33","77.87K","-0.04%"
"01/20/2021","7,143.30","7,164.06","7,172.16","7,082.75","103.59K","-0.77%"
"01/19/2021","7,198.45","7,158.73","7,198.45","7,137.56","73.63K","-0.07%"
"01/18/2021","7,203.44","7,230.05","7,230.05","7,157.63","85.71K","-0.48%"
"01/15/2021","7,238.46","7,282.26","7,297.41","7,238.46","90.71K","-0.48%"
"01/14/2021","7,273.15","7,183.95","7,308.44","7,180.88","122.65K","0.42%"
"01/13/2021","7,242.85","7,259.46","7,284.60","7,233.99","104.13K","-0.21%"
"01/12/2021","7,258.11","7,326.54","7,326.54","7,253.81","101.99K","-0.64%"
"01/11/2021","7,304.79","7,292.99","7,432.40","7,285.08","121.25K","0.20%"
"01/08/2021","7,289.88","7,141.35","7,289.88","7,134.75","159.05K","2.39%"
"01/07/2021","7,119.61","7,054.39","7,126.07","7,028.06","92.75K","1.02%"
"01/06/2021","7,047.85","7,126.91","7,127.01","6,928.90","112.06K","-1.21%"
"01/05/2021","7,134.18","7,186.72","7,186.72","7,104.00","123.32K","-0.88%"
"01/04/2021","7,197.50","7,149.64","7,207.79","7,137.91","136.51K","0.81%"
"12/29/2020","7,139.71","7,123.12","7,173.27","7,120.82","118.12K","0.25%"
"12/28/2020","7,122.25","7,142.95","7,142.95","7,058.66","89.30K","-1.14%"
"12/23/2020","7,204.38","7,169.05","7,206.46","7,075.18","99.91K","0.03%"
"12/22/2020","7,202.39","7,206.33","7,206.54","7,081.14","172.67K","-0.31%"
"12/21/2020","7,224.89","7,244.85","7,251.02","7,157.88","127.10K","-0.66%"
"12/18/2020","7,272.80","7,266.96","7,286.67","7,222.01","149.70K","-0.35%"
"12/17/2020","7,298.02","7,271.65","7,298.02","7,236.82","111.07K","-0.02%"
"12/16/2020","7,299.70","7,242.47","7,299.70","7,202.49","138.99K","1.00%"
"12/15/2020","7,227.73","7,281.91","7,290.60","7,214.14","203.83K","-0.74%"
"12/14/2020","7,281.35","7,244.38","7,311.21","7,214.94","176.26K","0.49%"
"12/11/2020","7,246.16","7,183.88","7,304.90","7,181.22","167.30K","1.28%"
"12/10/2020","7,154.43","7,114.69","7,166.85","7,114.69","127.98K","0.73%"
"12/09/2020","7,102.66","7,197.07","7,247.34","7,102.66","226.23K","-1.40%"
"12/07/2020","7,203.67","7,173.70","7,203.67","7,142.30","150.48K","0.97%"
"12/04/2020","7,134.56","7,184.57","7,196.96","7,097.35","176.21K","-0.83%"
"12/03/2020","7,194.13","7,077.63","7,194.13","7,022.86","256.08K","1.60%"
"12/02/2020","7,080.62","7,019.25","7,080.62","6,988.27","149.63K","1.01%"
"12/01/2020","7,009.56","6,740.30","7,009.56","6,740.30","172.43K","3.21%"
"11/27/2020","6,791.46","6,885.07","6,909.03","6,791.46","594.66K","-1.97%"
"11/26/2020","6,927.75","6,987.32","6,987.32","6,843.11","186.61K","-1.05%"
"11/25/2020","7,001.51","7,125.44","7,146.13","6,994.79","268.28K","-1.51%"
"11/24/2020","7,108.67","7,211.13","7,228.12","7,016.11","210.48K","-0.97%"
"11/23/2020","7,178.62","7,163.98","7,263.71","7,158.68","414.39K","0.12%"
"11/20/2020","7,169.79","7,024.23","7,169.79","7,021.18","226.73K","2.46%"
"11/19/2020","6,997.62","7,008.96","7,012.54","6,974.65","181.32K","-0.77%"
"11/18/2020","7,051.78","6,971.90","7,051.78","6,970.49","181.96K","1.33%"
"11/17/2020","6,959.14","6,950.52","6,971.60","6,921.12","172.03K","0.59%"
"11/16/2020","6,918.05","6,991.39","6,991.39","6,857.89","174.12K","-0.74%"
"11/13/2020","6,969.88","6,933.89","6,972.66","6,917.02","191.25K","-0.77%"
"11/12/2020","7,024.26","6,968.93","7,079.18","6,944.11","296.45K","0.00%"
"11/11/2020","7,024.26","6,968.93","7,079.18","6,944.11","296.45K","-0.16%"
"11/10/2020","7,035.48","6,792.58","7,035.48","6,792.58","273.85K","5.23%"
"11/09/2020","6,685.85","6,665.08","6,685.85","6,619.59","148.71K","0.00%"
"11/06/2020","6,685.69","6,686.13","6,709.73","6,571.00","196.13K","0.62%"
"11/05/2020","6,644.77","6,477.16","6,702.75","6,477.16","202.37K","2.80%"
"11/04/2020","6,464.05","6,374.47","6,464.05","6,334.09","126.94K","2.03%"
"11/03/2020","6,335.56","6,282.89","6,358.42","6,250.87","92.46K","0.18%"
"10/30/2020","6,324.00","6,233.60","6,328.38","6,202.90","147.36K","1.19%"
"10/29/2020","6,249.39","6,326.31","6,326.31","6,248.48","164.49K","-2.01%"
"10/28/2020","6,377.79","6,413.60","6,415.03","6,377.79","128.99K","-0.58%"
"10/27/2020","6,415.08","6,467.45","6,467.45","6,381.19","150.49K","-1.17%"
"10/26/2020","6,491.19","6,496.19","6,517.26","6,453.20","141.85K","0.11%"
"10/23/2020","6,484.06","6,370.92","6,484.45","6,370.92","203.82K","2.20%"
"10/22/2020","6,344.63","6,309.87","6,344.63","6,241.31","258.34K","1.05%"
"10/21/2020","6,278.59","6,146.04","6,290.68","6,146.04","287.42K","2.71%"
"10/20/2020","6,112.71","6,022.61","6,133.00","6,018.33","183.30K","1.55%"
"10/19/2020","6,019.26","5,913.78","6,019.26","5,913.78","112.23K","2.05%"
"10/16/2020","5,898.47","5,921.34","5,939.62","5,898.47","140.60K","-0.67%"
"10/15/2020","5,938.33","5,930.43","5,950.50","5,919.55","152.75K","0.22%"
"10/14/2020","5,925.30","5,923.92","5,933.83","5,913.01","133.81K","0.03%"
"10/13/2020","5,923.23","5,938.61","5,946.07","5,920.77","128.62K","-0.23%"
"10/12/2020","5,937.05","5,935.40","5,954.47","5,910.73","146.60K","0.09%"
"10/09/2020","5,931.61","5,943.71","5,943.71","5,908.52","175.23K","-0.19%"
"10/08/2020","5,942.66","5,888.45","5,942.66","5,825.48","189.54K","1.27%"
"10/07/2020","5,867.88","5,904.91","5,904.91","5,845.68","175.92K","-0.72%"
"10/06/2020","5,910.64","5,938.41","5,949.67","5,850.85","152.04K","-0.48%"
"10/05/2020","5,938.95","6,005.58","6,010.76","5,938.95","181.37K","-1.01%"
"10/02/2020","5,999.40","5,942.15","5,999.40","5,924.86","164.01K","0.92%"
"10/01/2020","5,944.87","5,881.90","5,944.87","5,857.38","77.24K","1.38%"
"09/30/2020","5,864.23","5,863.50","5,878.53","5,849.50","98.14K","0.39%"
"09/29/2020","5,841.60","5,878.28","5,878.32","5,841.60","91.54K","-0.34%"
"09/28/2020","5,861.39","5,870.52","5,872.19","5,846.23","77.06K","0.39%"
"09/25/2020","5,838.66","5,842.81","5,880.18","5,829.66","89.26K","-0.12%"
"09/24/2020","5,845.80","5,888.20","5,888.20","5,845.80","102.00K","-0.80%"
"09/23/2020","5,892.72","5,900.88","5,903.58","5,876.78","83.05K","-0.03%"
"09/22/2020","5,894.28","5,893.19","5,894.28","5,837.03","78.64K","-0.25%"
"09/21/2020","5,909.32","5,913.60","5,925.31","5,879.76","60.42K","0.01%"
"09/18/2020","5,908.90","5,945.25","5,952.10","5,886.37","170.59K","-0.58%"
"09/17/2020","5,943.52","5,946.05","5,946.05","5,886.33","92.82K","-0.05%"
"09/16/2020","5,946.62","5,996.99","5,996.99","5,943.92","84.45K","-1.19%"
"09/15/2020","6,018.21","5,989.44","6,018.21","5,947.85","102.73K","0.35%"
"09/14/2020","5,997.14","5,954.23","5,997.14","5,934.47","105.41K","0.49%"
"09/11/2020","5,967.96","5,906.94","5,967.96","5,888.36","92.18K","1.11%"
"09/10/2020","5,902.39","5,955.55","5,973.59","5,902.39","117.56K","-0.51%"
"09/09/2020","5,932.84","6,000.16","6,000.16","5,932.84","120.37K","-1.68%"
"09/08/2020","6,034.03","5,917.54","6,034.03","5,908.47","141.55K","1.65%"
"09/07/2020","5,935.85","5,787.70","5,935.85","5,772.01","115.59K","2.61%"
"09/04/2020","5,785.09","5,750.16","5,785.09","5,695.78","92.77K","0.21%"
"09/03/2020","5,772.86","5,751.14","5,775.97","5,723.46","121.13K","0.60%"
"09/02/2020","5,738.39","5,820.70","5,820.70","5,703.59","140.78K","-1.05%"
"09/01/2020","5,799.24","5,922.06","5,946.22","5,799.24","149.35K","-1.44%"
"08/28/2020","5,884.18","5,917.71","5,931.39","5,872.26","203.01K","-0.63%"
"08/27/2020","5,921.55","5,930.04","5,950.53","5,919.74","116.16K","-0.16%"
"08/26/2020","5,931.33","5,935.83","5,935.83","5,895.70","118.09K","-0.37%"
"08/25/2020","5,953.44","5,934.26","5,962.89","5,893.14","80.69K","0.17%"
"08/24/2020","5,943.58","5,997.55","5,997.55","5,925.80","626.45K","-1.03%"
"08/20/2020","6,005.40","6,058.35","6,064.09","5,962.64","73.51K","-0.61%"
"08/19/2020","6,042.12","6,167.13","6,167.13","6,042.12","115.53K","-1.86%"
"08/18/2020","6,156.45","6,098.08","6,156.45","6,058.98","134.99K","1.44%"
"08/17/2020","6,068.78","6,081.11","6,081.11","6,012.14","119.38K","-0.13%"
"08/14/2020","6,076.91","6,069.67","6,076.91","6,014.78","251.85K","-0.34%"
"08/13/2020","6,097.78","6,015.26","6,097.78","6,010.60","110.73K","1.71%"
"08/12/2020","5,995.00","5,980.49","5,995.00","5,966.97","112.70K","0.69%"
"08/11/2020","5,953.94","5,934.91","5,984.35","5,913.59","136.88K","0.39%"
"08/10/2020","5,930.92","5,853.12","5,930.92","5,832.60","89.90K","1.45%"
"08/07/2020","5,846.02","5,906.87","5,906.87","5,834.86","129.44K","-0.96%"
"08/06/2020","5,902.58","5,860.36","5,902.58","5,819.37","151.55K","1.18%"
"08/05/2020","5,833.58","5,812.22","5,888.85","5,803.58","161.80K","1.01%"
"08/04/2020","5,775.50","5,691.74","5,802.49","5,691.74","130.80K","1.04%"
"08/03/2020","5,715.92","5,816.23","5,816.23","5,695.53","161.96K","-3.58%"
"07/30/2020","5,928.45","5,968.13","5,968.13","5,928.45","120.64K","-0.63%"
"07/29/2020","5,966.27","5,923.10","5,966.27","5,870.83","96.06K","0.66%"
"07/28/2020","5,927.11","5,849.83","5,939.60","5,799.11","105.06K","1.13%"
"07/27/2020","5,860.94","5,985.24","5,985.24","5,858.28","108.71K","-2.37%"
"07/24/2020","6,003.26","6,002.20","6,024.65","5,968.72","61.82K","-0.43%"
"07/23/2020","6,029.01","6,076.90","6,076.90","5,915.83","120.89K","-0.58%"
"07/22/2020","6,064.26","6,138.38","6,149.20","6,064.26","135.14K","-1.17%"
"07/21/2020","6,136.31","6,114.09","6,152.06","6,095.74","99.41K","-0.23%"
"07/20/2020","6,150.70","6,112.58","6,150.70","6,070.19","80.34K","1.02%"
"07/17/2020","6,088.75","6,116.20","6,141.23","6,032.30","93.36K","-0.96%"
"07/16/2020","6,147.66","6,034.76","6,147.66","6,034.76","103.03K","2.18%"
"07/15/2020","6,016.51","6,166.32","6,166.32","6,010.88","204.80K","-2.53%"
"07/14/2020","6,172.81","6,158.40","6,178.68","6,135.29","122.80K","0.00%"
"07/13/2020","6,172.57","6,187.78","6,187.78","6,151.11","124.85K","-0.40%"
"07/10/2020","6,197.38","6,157.47","6,197.38","6,098.53","121.49K","0.08%"
"07/09/2020","6,192.58","6,282.43","6,282.43","6,192.58","99.98K","-1.48%"
"07/08/2020","6,285.50","6,265.43","6,287.74","6,227.74","347.41K","0.29%"
"07/07/2020","6,267.40","6,349.12","6,349.61","6,267.40","121.79K","-0.96%"
"07/06/2020","6,328.41","6,378.29","6,381.06","6,299.98","118.98K","-0.69%"
"07/03/2020","6,372.66","6,383.37","6,398.79","6,322.92","114.80K","0.13%"
"07/02/2020","6,364.08","6,211.51","6,382.60","6,183.03","164.44K","2.49%"
"07/01/2020","6,209.71","6,223.54","6,223.54","6,139.44","104.92K","0.03%"
"06/30/2020","6,207.72","6,134.49","6,207.72","6,131.22","152.31K","1.68%"
"06/29/2020","6,105.18","6,125.57","6,125.57","6,040.43","188.50K","-1.40%"
"06/26/2020","6,191.84","6,137.61","6,191.84","6,092.01","151.48K","1.20%"
"06/25/2020","6,118.26","6,156.79","6,162.22","6,109.22","253.37K","-1.14%"
"06/24/2020","6,188.83","6,304.33","6,306.21","6,188.83","209.53K","-1.73%"
"06/23/2020","6,297.78","6,324.52","6,324.52","6,258.37","219.52K","-0.78%"
"06/22/2020","6,347.43","6,316.20","6,347.43","6,249.47","226.80K","0.51%"
"06/19/2020","6,315.07","6,293.18","6,375.03","6,260.18","335.17K","-0.53%"
"06/18/2020","6,348.45","6,258.88","6,348.45","6,205.25","162.17K","1.06%"
"06/17/2020","6,282.01","6,348.88","6,352.90","6,278.02","240.20K","0.00%"
"06/16/2020","6,281.75","6,226.96","6,316.23","6,197.29","163.55K","1.91%"
"06/15/2020","6,163.82","6,340.32","6,340.32","6,163.82","211.04K","-4.82%"
"06/11/2020","6,476.24","6,398.19","6,476.24","6,263.20","211.13K","0.57%"
"06/10/2020","6,439.37","6,551.32","6,551.32","6,349.20","221.00K","-2.19%"
"06/09/2020","6,583.84","6,527.36","6,583.84","6,438.97","252.48K","1.07%"
"06/08/2020","6,514.00","6,487.76","6,551.26","6,430.72","264.93K","0.76%"
"06/05/2020","6,465.13","6,452.64","6,465.13","6,299.83","219.59K","-0.80%"
"06/04/2020","6,517.49","6,231.56","6,517.49","6,231.56","330.14K","4.35%"
"06/03/2020","6,245.65","6,064.67","6,245.65","6,062.05","227.71K","3.66%"
"06/02/2020","6,025.17","5,933.43","6,043.09","5,930.05","221.11K","1.60%"
"06/01/2020","5,930.17","5,791.32","5,931.65","5,750.00","192.53K","1.56%"
"05/29/2020","5,838.84","5,600.72","5,838.84","5,600.72","484.21K","4.82%"
"05/28/2020","5,570.22","5,533.22","5,574.22","5,492.09","158.36K","0.84%"
"05/27/2020","5,523.78","5,499.97","5,523.78","5,423.78","135.99K","0.49%"
"05/26/2020","5,496.83","5,526.99","5,533.65","5,396.13","129.61K","-0.76%"
"05/25/2020","5,539.19","5,539.19","5,539.19","5,539.19","","0.00%"
"05/22/2020","5,539.19","5,600.96","5,600.96","5,535.65","116.47K","-1.17%"
"05/21/2020","5,604.49","5,582.27","5,613.90","5,557.08","101.50K","0.40%"
"05/20/2020","5,581.96","5,568.40","5,581.96","5,518.52","71.72K","0.47%"
"05/19/2020","5,555.85","5,543.59","5,571.40","5,537.02","115.47K","1.40%"
"05/18/2020","5,479.35","5,557.99","5,557.99","5,466.88","81.34K","-1.13%"
"05/15/2020","5,541.95","5,659.12","5,664.25","5,541.95","121.28K","-1.99%"
"05/14/2020","5,654.70","5,612.97","5,654.70","5,556.81","86.89K","0.51%"
"05/13/2020","5,626.25","5,656.19","5,661.18","5,607.77","144.21K","-0.45%"
"05/12/2020","5,651.67","5,667.42","5,668.36","5,633.82","129.96K","-0.29%"
"05/11/2020","5,667.93","5,641.53","5,681.68","5,627.19","116.76K","0.82%"
"05/08/2020","5,621.94","5,674.47","5,696.31","5,621.94","174.59K","-0.55%"
"05/07/2020","5,653.16","5,661.95","5,670.34","5,599.82","171.87K","0.25%"
"05/06/2020","5,639.27","5,689.78","5,702.58","5,594.81","269.23K","-0.57%"
"05/05/2020","5,671.67","5,610.00","5,703.96","5,603.40","263.90K","1.79%"
"05/04/2020","5,572.09","5,601.39","5,601.39","5,502.05","135.58K","-2.26%"
"04/30/2020","5,700.71","5,695.13","5,716.88","5,654.96","161.31K","1.01%"
"04/29/2020","5,643.97","5,589.27","5,656.01","5,556.23","127.37K","1.24%"
"04/28/2020","5,574.98","5,470.83","5,574.98","5,466.47","126.70K","2.28%"
"04/27/2020","5,450.45","5,493.21","5,493.21","5,390.97","86.64K","-0.27%"
"04/24/2020","5,464.98","5,622.76","5,622.76","5,464.98","135.67K","-2.40%"
"04/23/2020","5,599.55","5,631.84","5,672.08","5,599.55","82.03K","0.46%"
"04/22/2020","5,573.75","5,517.67","5,577.91","5,461.94","113.87K","-0.33%"
"04/21/2020","5,592.25","5,704.30","5,704.30","5,571.08","139.16K","-2.47%"
"04/20/2020","5,733.65","5,813.93","5,816.90","5,704.20","121.52K","-0.97%"
"04/17/2020","5,789.97","5,704.40","5,789.97","5,694.94","197.25K","4.78%"
"04/16/2020","5,525.60","5,828.76","5,828.76","5,525.60","251.79K","-7.07%"
"04/15/2020","5,946.05","5,824.76","5,946.05","5,807.68","279.23K","2.86%"
"04/14/2020","5,780.88","5,657.76","5,780.88","5,640.85","205.02K","3.03%"
"04/13/2020","5,610.98","5,551.96","5,610.98","5,521.49","169.07K","1.82%"
"04/08/2020","5,510.83","5,593.71","5,593.71","5,498.54","186.88K","-2.46%"
"04/07/2020","5,650.01","5,694.68","5,713.63","5,597.98","231.09K","1.42%"
"04/06/2020","5,570.81","5,380.51","5,570.81","5,345.94","220.35K","4.19%"
"04/03/2020","5,346.97","5,370.85","5,372.70","5,315.40","123.29K","0.09%"
"04/02/2020","5,342.31","5,280.13","5,342.31","5,247.57","131.18K","-1.22%"
"04/01/2020","5,408.52","5,321.79","5,408.52","5,290.85","163.84K","1.64%"
"03/31/2020","5,321.23","5,227.37","5,340.09","5,226.27","294.47K","3.70%"
"03/30/2020","5,131.16","5,234.99","5,234.99","4,984.79","272.50K","-2.57%"
"03/27/2020","5,266.62","5,493.58","5,641.94","5,266.62","275.10K","-2.50%"
"03/26/2020","5,401.58","5,128.27","5,401.58","5,076.26","262.19K","7.44%"
"03/25/2020","5,027.76","5,006.76","5,073.58","4,964.00","446.81K","5.31%"
"03/24/2020","4,774.27","4,817.06","4,864.86","4,771.78","250.23K","0.65%"
"03/23/2020","4,743.37","4,527.29","4,743.37","4,509.22","217.81K","-0.74%"
"03/20/2020","4,778.76","4,761.89","4,936.20","4,677.66","217.93K","3.36%"
"03/19/2020","4,623.42","4,673.58","4,751.72","4,039.15","306.47K","-13.34%"
"03/17/2020","5,335.37","5,506.96","5,533.17","5,335.37","246.60K","0.00%"
"03/16/2020","5,335.37","5,506.96","5,533.17","5,335.37","246.60K","-7.91%"
"03/13/2020","5,793.94","5,362.92","5,878.40","5,097.90","334.70K","1.01%"
"03/12/2020","5,736.27","6,235.85","6,235.85","5,697.13","265.19K","-9.71%"
"03/11/2020","6,353.26","6,384.28","6,495.71","6,336.68","192.18K","0.55%"
"03/10/2020","6,318.38","6,165.82","6,387.53","6,103.75","240.03K","0.09%"
"03/09/2020","6,312.61","6,575.54","6,575.54","6,312.61","242.82K","-6.76%"
"03/06/2020","6,770.38","6,871.14","6,871.14","6,745.32","227.00K","-1.66%"
"03/05/2020","6,884.77","6,899.02","6,941.20","6,872.97","175.26K","0.25%"
"03/04/2020","6,867.26","6,791.14","6,867.26","6,710.18","171.16K","1.13%"
"03/03/2020","6,790.54","6,854.90","6,886.11","6,790.54","170.54K","0.61%"
"03/02/2020","6,749.28","6,759.37","6,866.13","6,700.75","155.33K","-0.57%"
"02/28/2020","6,787.91","6,858.91","6,858.91","6,769.97","247.89K","-2.58%"
"02/27/2020","6,967.84","6,890.02","6,979.57","6,890.02","215.97K","0.84%"
"02/26/2020","6,909.84","7,101.88","7,101.88","6,879.09","225.47K","-3.86%"
"02/24/2020","7,187.44","7,267.86","7,270.47","7,180.10","120.68K","-2.47%"
"02/21/2020","7,369.78","7,430.57","7,431.03","7,366.80","183.29K","-0.58%"
"02/20/2020","7,413.00","7,426.91","7,472.99","7,413.00","99.22K","0.22%"
"02/19/2020","7,396.94","7,319.99","7,396.94","7,319.99","114.22K","1.01%"
"02/18/2020","7,322.89","7,329.03","7,346.00","7,311.50","92.43K","-0.05%"
"02/17/2020","7,326.85","7,305.66","7,348.04","7,292.95","92.81K","0.62%"
"02/14/2020","7,282.00","7,405.15","7,405.15","7,282.00","145.07K","-1.64%"
"02/13/2020","7,403.12","7,390.01","7,403.12","7,332.91","119.25K","0.27%"
"02/12/2020","7,383.10","7,435.25","7,440.31","7,383.10","139.77K","-0.76%"
"02/11/2020","7,439.40","7,444.66","7,444.66","7,403.23","104.85K","0.11%"
"02/10/2020","7,430.86","7,510.84","7,510.84","7,414.01","119.56K","-1.02%"
"02/07/2020","7,507.20","7,447.33","7,507.20","7,429.61","96.74K","0.01%"
"02/06/2020","7,506.51","7,373.59","7,506.51","7,373.59","141.09K","2.09%"
"02/05/2020","7,352.85","7,291.44","7,352.85","7,281.42","137.65K","1.74%"
"02/04/2020","7,226.90","7,172.41","7,276.40","7,158.20","132.80K","1.26%"
"02/03/2020","7,137.03","7,206.22","7,219.61","7,129.19","128.94K","-0.89%"
"01/31/2020","7,200.79","7,413.17","7,446.26","7,200.79","219.42K","-2.60%"
"01/30/2020","7,392.68","7,466.45","7,484.65","7,392.68","147.91K","-0.93%"
"01/29/2020","7,462.31","7,472.53","7,472.53","7,423.69","120.49K","-0.09%"
"01/28/2020","7,468.70","7,563.12","7,563.12","7,468.70","101.52K","-1.57%"
"01/27/2020","7,587.63","7,616.90","7,624.37","7,580.67","88.02K","-0.47%"
"01/24/2020","7,623.41","7,622.12","7,635.62","7,581.12","106.11K","0.09%"
"01/23/2020","7,616.35","7,503.64","7,616.35","7,495.60","119.12K","1.98%"
"01/22/2020","7,468.73","7,469.14","7,478.10","7,425.86","140.50K","0.03%"
"01/21/2020","7,466.65","7,570.20","7,586.59","7,442.13","152.78K","-1.14%"
"01/20/2020","7,552.60","7,727.45","7,727.45","7,513.95","149.25K","-2.20%"
"01/17/2020","7,722.58","7,691.87","7,722.58","7,648.94","109.35K","0.91%"
"01/16/2020","7,653.18","7,674.48","7,679.28","7,614.73","121.39K","-0.15%"
"01/15/2020","7,664.40","7,784.14","7,784.14","7,664.40","132.87K","-1.65%"
"01/14/2020","7,793.25","7,761.59","7,793.25","7,684.28","187.12K","0.21%"
"01/13/2020","7,776.77","7,794.90","7,794.90","7,729.05","102.29K","0.00%"
"01/10/2020","7,776.77","7,794.90","7,794.90","7,729.05","102.25K","-0.27%"
"01/09/2020","7,797.64","7,736.63","7,797.64","7,736.63","135.55K","0.79%"
"01/08/2020","7,736.24","7,762.48","7,767.62","7,721.29","122.37K","-1.33%"
"01/07/2020","7,840.70","7,787.32","7,840.70","7,781.21","248.66K","0.55%"
"01/06/2020","7,797.87","7,802.86","7,802.86","7,697.89","102.13K","-0.53%"
"01/03/2020","7,839.79","7,737.70","7,890.94","7,737.70","118.85K","1.26%"
"01/02/2020","7,742.53","7,721.26","7,742.53","7,643.98","101.15K","-0.93%"
"12/27/2019","7,815.26","7,848.39","7,891.99","7,815.26","177.83K","-0.34%"
"12/26/2019","7,842.28","7,794.53","7,842.28","7,772.97","96.26K","-0.39%"
"12/23/2019","7,872.60","7,745.96","7,872.60","7,745.26","124.41K","1.28%"
"12/20/2019","7,773.12","7,643.99","7,773.12","7,469.41","303.84K","1.56%"
"12/19/2019","7,653.94","7,751.21","7,751.21","7,617.75","194.65K","-1.03%"
"12/18/2019","7,733.67","7,751.29","7,751.29","7,682.94","200.35K","0.04%"
"12/17/2019","7,730.45","7,708.07","7,730.45","7,631.08","239.09K","0.37%"
"12/16/2019","7,701.60","7,882.76","7,892.29","7,701.60","248.01K","-2.23%"
"12/13/2019","7,877.63","7,818.40","7,884.17","7,804.98","390.14K","1.76%"
"12/12/2019","7,741.07","7,744.15","7,787.74","7,720.50","327.84K","-0.58%"
"12/11/2019","7,786.41","7,752.23","7,801.10","7,751.53","254.80K","0.65%"
"12/10/2019","7,736.18","7,760.17","7,777.45","7,735.61","117.86K","-0.56%"
"12/09/2019","7,779.80","7,825.13","7,838.49","7,779.80","171.61K","-0.28%"
"12/06/2019","7,801.72","7,796.44","7,811.19","7,760.75","152.38K","0.14%"
"12/05/2019","7,790.91","7,789.74","7,817.97","7,777.07","171.45K","-0.32%"
"12/04/2019","7,815.93","7,848.53","7,848.53","7,772.05","250.62K","-0.50%"
"12/03/2019","7,855.18","7,858.96","7,888.46","7,829.35","123.62K","-0.28%"
"12/02/2019","7,877.19","7,769.26","7,877.19","7,753.76","112.89K","1.79%"
"11/29/2019","7,738.96","7,754.70","7,773.83","7,712.39","114.96K","-0.38%"
"11/28/2019","7,768.66","7,808.58","7,826.82","7,748.95","157.26K","-0.87%"
"11/27/2019","7,836.89","7,747.43","7,842.52","7,744.03","239.67K","1.67%"
"11/26/2019","7,707.80","7,760.38","7,817.20","7,707.80","934.87K","-0.82%"
"11/25/2019","7,771.62","7,787.48","7,803.87","7,750.23","151.39K","-0.68%"
"11/22/2019","7,824.59","7,754.51","7,824.59","7,708.09","141.84K","0.07%"
"11/21/2019","7,818.89","7,882.04","7,882.04","7,744.18","139.31K","-1.00%"
"11/20/2019","7,898.06","7,896.56","7,898.06","7,851.85","120.52K","-0.18%"
"11/19/2019","7,912.14","7,882.26","7,912.14","7,882.26","296.70K","0.40%"
"11/18/2019","7,880.94","7,925.19","7,925.19","7,859.04","67.04K","-0.66%"
"11/15/2019","7,932.96","7,938.59","7,946.42","7,905.53","120.53K","-0.01%"
"11/14/2019","7,933.71","7,926.07","7,933.71","7,881.24","106.82K","-0.17%"
"11/13/2019","7,947.47","7,988.78","7,988.78","7,914.45","95.09K","-0.81%"
"11/12/2019","8,012.34","8,009.97","8,012.34","7,962.72","96.77K","0.04%"
"11/11/2019","8,009.38","8,055.24","8,059.58","8,002.77","105.42K","-0.70%"
"11/08/2019","8,065.76","8,044.90","8,065.76","7,989.48","245.31K","-0.10%"
"11/07/2019","8,073.81","8,083.04","8,083.04","8,020.91","92.70K","0.60%"
"11/06/2019","8,025.88","8,216.92","8,216.92","8,025.88","153.71K","-2.32%"
"11/05/2019","8,216.68","8,055.88","8,216.68","8,055.56","133.34K","1.95%"
"11/04/2019","8,059.65","8,002.47","8,059.82","8,002.47","109.17K","1.03%"
"10/31/2019","7,977.12","8,020.43","8,020.68","7,967.54","133.68K","-0.54%"
"10/30/2019","8,020.06","8,020.77","8,020.77","7,965.77","104.26K","0.36%"
"10/29/2019","7,991.19","7,947.56","7,991.19","7,928.73","141.75K","0.56%"
"10/28/2019","7,946.53","7,935.01","7,954.71","7,912.87","87.99K","0.30%"
"10/25/2019","7,922.50","7,985.52","7,985.52","7,917.16","170.34K","-0.36%"
"10/24/2019","7,950.98","7,927.60","7,968.14","7,914.58","86.55K","0.22%"
"10/23/2019","7,933.76","7,929.09","7,933.76","7,890.65","74.33K","-0.27%"
"10/22/2019","7,955.24","7,884.99","7,955.24","7,884.02","106.00K","0.81%"
"10/21/2019","7,891.13","7,874.80","7,891.95","7,849.79","61.59K","0.07%"
"10/18/2019","7,885.23","7,934.09","7,934.09","7,885.23","122.62K","-0.57%"
"10/17/2019","7,930.55","7,913.55","7,930.55","7,894.58","77.56K","0.19%"
"10/16/2019","7,915.30","7,838.83","7,915.30","7,814.47","169.38K","0.96%"
"10/15/2019","7,840.31","7,887.46","7,887.46","7,816.08","153.20K","-0.56%"
"10/14/2019","7,884.29","7,854.04","7,908.34","7,853.92","119.82K","0.44%"
"10/11/2019","7,849.94","7,766.72","7,874.16","7,749.55","78.79K","1.09%"
"10/10/2019","7,765.03","7,711.22","7,765.03","7,706.78","97.20K","1.09%"
"10/09/2019","7,681.25","7,742.46","7,742.46","7,676.47","66.04K","-0.97%"
"10/08/2019","7,756.72","7,706.77","7,792.55","7,691.05","167.36K","0.96%"
"10/07/2019","7,683.22","7,697.42","7,715.85","7,655.46","88.83K","-0.28%"
"10/04/2019","7,704.60","7,570.43","7,704.60","7,570.43","137.06K","2.11%"
"10/03/2019","7,545.55","7,587.69","7,587.69","7,514.05","116.77K","-0.86%"
"10/02/2019","7,610.68","7,721.56","7,721.56","7,610.68","136.65K","-1.67%"
"10/01/2019","7,739.86","7,785.24","7,792.58","7,710.55","119.39K","-0.50%"
"09/30/2019","7,779.07","7,825.20","7,825.20","7,775.51","156.94K","-0.51%"
"09/27/2019","7,819.22","7,908.39","7,908.39","7,808.19","167.33K","-0.98%"
"09/26/2019","7,896.48","7,893.67","7,905.74","7,865.10","92.46K","0.00%"
"09/25/2019","7,896.24","7,890.00","7,896.24","7,790.29","109.75K","0.03%"
"09/24/2019","7,893.94","7,865.38","7,893.94","7,850.27","171.66K","0.34%"
"09/23/2019","7,867.51","7,872.12","7,877.44","7,823.13","88.40K","-0.05%"
"09/20/2019","7,871.11","7,902.33","7,906.25","7,864.11","168.89K","-0.51%"
"09/19/2019","7,911.32","7,911.88","7,919.85","7,885.18","62.61K","-0.05%"
"09/18/2019","7,915.29","7,932.69","7,932.69","7,892.95","76.24K","-0.21%"
"09/17/2019","7,932.23","7,969.67","7,969.67","7,910.25","76.71K","-0.81%"
"09/16/2019","7,996.90","7,981.61","7,996.90","7,911.69","85.70K","0.06%"
"09/13/2019","7,992.32","7,950.16","7,995.13","7,941.53","92.76K","0.60%"
"09/12/2019","7,944.43","7,947.25","7,960.24","7,937.99","110.12K","-0.29%"
"09/11/2019","7,967.90","7,931.38","7,967.90","7,921.59","107.45K","0.48%"
"09/10/2019","7,929.48","7,933.22","7,938.33","7,893.74","77.71K","-0.38%"
"09/09/2019","7,960.12","7,952.88","7,961.01","7,927.89","52.75K","0.34%"
"09/06/2019","7,933.47","7,915.62","7,969.34","7,915.62","104.93K","0.45%"
"09/05/2019","7,898.19","7,861.83","7,916.96","7,854.16","230.76K","0.73%"
"09/04/2019","7,840.86","7,838.77","7,852.16","7,794.58","101.24K","0.46%"
"09/03/2019","7,804.71","7,914.92","7,920.91","7,804.71","105.55K","-1.44%"
"09/02/2019","7,918.53","7,954.15","7,956.68","7,918.53","88.80K","-0.77%"
"08/30/2019","7,979.66","7,918.44","7,986.26","7,903.01","235.79K","1.10%"
"08/29/2019","7,892.81","7,851.26","7,892.81","7,800.97","132.33K","0.58%"
"08/28/2019","7,847.50","7,762.58","7,847.50","7,734.42","180.19K","1.29%"
"08/27/2019","7,747.38","7,832.42","7,832.42","7,723.94","282.70K","-1.80%"
"08/23/2019","7,889.41","7,806.05","7,889.41","7,747.39","159.38K","0.52%"
"08/22/2019","7,848.83","7,842.09","7,848.83","7,755.42","267.97K","-0.48%"
"08/20/2019","7,886.91","7,917.59","7,917.59","7,845.15","123.61K","-0.65%"
"08/19/2019","7,938.35","7,813.92","7,938.35","7,765.15","214.01K","1.83%"
"08/16/2019","7,795.98","7,802.56","7,885.94","7,777.07","167.32K","-0.42%"
"08/15/2019","7,828.86","7,719.02","7,828.86","7,624.20","198.03K","-0.38%"
"08/14/2019","7,858.65","7,775.84","7,892.43","7,751.19","149.69K","0.90%"
"08/13/2019","7,788.45","7,849.43","7,850.87","7,622.27","235.49K","-0.84%"
"08/09/2019","7,854.39","7,918.54","7,941.96","7,854.39","104.30K","-0.76%"
"08/08/2019","7,914.16","7,931.91","7,959.34","7,910.46","140.30K","-0.04%"
"08/07/2019","7,917.39","7,792.31","7,917.39","7,792.31","99.01K","1.94%"
"08/06/2019","7,766.75","7,832.69","7,832.69","7,720.02","168.65K","-1.56%"
"08/05/2019","7,890.02","8,102.00","8,102.00","7,890.02","128.73K","-2.95%"
"08/02/2019","8,129.93","8,083.32","8,129.93","8,006.55","77.49K","0.39%"
"08/01/2019","8,098.16","8,035.75","8,098.16","7,975.53","93.57K","0.65%"
"07/31/2019","8,045.80","8,142.16","8,142.16","8,023.45","108.26K","-1.28%"
"07/30/2019","8,150.46","8,176.60","8,176.60","8,120.72","122.55K","-0.46%"
"07/29/2019","8,188.52","8,190.02","8,205.15","8,116.06","56.34K","0.06%"
"07/26/2019","8,183.99","8,210.52","8,235.46","8,177.04","77.79K","-1.07%"
"07/25/2019","8,272.18","8,169.92","8,272.18","8,115.44","99.25K","1.36%"
"07/24/2019","8,161.49","8,217.64","8,243.83","8,161.49","74.75K","-1.09%"
"07/23/2019","8,251.46","8,247.93","8,264.89","8,226.23","95.45K","0.06%"
"07/22/2019","8,246.83","8,163.00","8,246.83","8,163.00","78.99K","-0.28%"
"07/19/2019","8,270.07","8,280.23","8,311.92","8,264.56","114.02K","0.15%"
"07/18/2019","8,258.05","8,241.59","8,300.49","8,241.59","72.29K","0.30%"
"07/17/2019","8,233.48","8,286.86","8,311.68","8,232.10","87.30K","-0.36%"
"07/16/2019","8,263.57","8,354.84","8,419.59","8,263.57","185.34K","-1.22%"
"07/15/2019","8,365.29","8,153.88","8,365.29","8,153.88","143.72K","2.74%"
"07/12/2019","8,141.82","8,159.63","8,197.52","8,141.82","146.64K","-0.16%"
"07/11/2019","8,154.49","8,098.37","8,154.49","8,083.22","92.55K","0.94%"
"07/10/2019","8,078.21","8,051.45","8,078.21","8,020.87","89.54K","0.45%"
"07/09/2019","8,042.04","8,045.12","8,053.62","8,010.69","92.06K","-0.12%"
"07/08/2019","8,051.52","8,108.25","8,108.54","8,051.52","84.91K","-0.82%"
"07/05/2019","8,117.94","8,072.21","8,125.16","8,072.21","87.42K","0.66%"
"07/04/2019","8,064.92","8,096.28","8,112.84","8,064.92","71.96K","-0.34%"
"07/03/2019","8,092.68","8,100.35","8,122.39","8,092.26","104.36K","-0.01%"
"07/02/2019","8,093.60","8,038.22","8,093.60","8,022.52","122.67K","0.62%"
"07/01/2019","8,043.71","8,011.47","8,043.71","7,993.66","77.50K","0.55%"
"06/28/2019","7,999.71","8,032.30","8,042.22","7,951.34","125.84K","-0.72%"
"06/27/2019","8,057.64","8,003.37","8,057.64","8,003.22","108.04K","0.55%"
"06/26/2019","8,013.57","8,025.04","8,051.59","7,983.14","117.90K","-0.26%"
"06/25/2019","8,034.09","8,074.15","8,100.08","8,034.09","108.34K","-0.33%"
"06/24/2019","8,060.58","8,067.58","8,103.91","8,060.58","104.36K","0.06%"
"06/21/2019","8,055.47","8,032.86","8,055.47","7,999.02","226.00K","0.41%"
"06/20/2019","8,022.42","7,984.80","8,022.42","7,952.86","113.30K","0.07%"
"06/19/2019","8,017.01","7,941.49","8,017.01","7,937.96","86.84K","1.20%"
"06/18/2019","7,922.04","7,898.44","7,935.14","7,875.50","76.22K","0.16%"
"06/17/2019","7,908.99","7,991.78","7,991.78","7,908.99","61.31K","-1.02%"
"06/14/2019","7,990.20","8,058.21","8,058.21","7,944.82","99.29K","-0.76%"
"06/13/2019","8,051.76","8,032.22","8,051.76","7,953.28","116.88K","0.26%"
"06/11/2019","8,030.98","8,045.98","8,108.26","8,030.98","109.44K","-0.18%"
"06/10/2019","8,045.39","7,981.59","8,055.05","7,967.24","92.98K","0.77%"
"06/07/2019","7,983.98","7,955.80","7,983.98","7,921.80","62.25K","0.30%"
"06/06/2019","7,959.86","7,980.39","7,980.39","7,937.73","123.65K","0.18%"
"06/04/2019","7,945.37","8,075.78","8,083.37","7,945.37","108.16K","-1.73%"
"06/03/2019","8,084.88","7,963.33","8,139.74","7,951.87","171.65K","1.44%"
"05/31/2019","7,970.02","7,872.77","7,970.02","7,872.77","153.17K","1.70%"
"05/30/2019","7,836.55","7,810.56","7,908.50","7,809.11","164.21K","0.50%"
"05/29/2019","7,797.75","7,778.48","7,816.38","7,778.48","99.81K","0.47%"
"05/28/2019","7,761.29","7,728.39","7,784.66","7,702.90","361.83K","0.47%"
"05/27/2019","7,725.01","7,718.80","7,742.45","7,693.94","72.06K","-0.29%"
"05/24/2019","7,747.09","7,770.63","7,770.63","7,664.52","88.45K","-0.73%"
"05/23/2019","7,804.03","7,807.50","7,821.89","7,764.11","84.81K","-0.14%"
"05/22/2019","7,815.07","7,731.03","7,838.55","7,725.43","115.02K","1.21%"
"05/21/2019","7,721.56","7,662.48","7,740.88","7,639.59","99.52K","0.80%"
"05/20/2019","7,660.14","7,586.95","7,660.14","7,533.95","86.38K","1.01%"
"05/17/2019","7,583.82","7,482.47","7,636.91","7,482.47","138.64K","1.45%"
"05/16/2019","7,475.16","7,559.95","7,586.12","7,475.16","184.19K","-1.34%"
"05/15/2019","7,576.71","7,671.16","7,711.19","7,576.71","119.56K","-0.91%"
"05/14/2019","7,646.66","7,718.31","7,718.31","7,577.72","187.69K","-1.23%"
"05/10/2019","7,742.20","7,755.94","7,841.65","7,719.43","120.81K","-0.17%"
"05/09/2019","7,755.62","7,857.75","7,864.02","7,755.62","173.41K","-2.16%"
"05/08/2019","7,926.69","7,902.64","7,926.69","7,754.95","148.32K","0.20%"
"05/07/2019","7,910.63","7,871.51","7,922.05","7,861.34","84.47K","0.61%"
"05/06/2019","7,862.30","7,972.86","7,974.36","7,851.16","125.47K","-1.33%"
"05/03/2019","7,967.98","8,004.27","8,077.51","7,967.98","174.13K","-0.42%"
"05/02/2019","8,001.57","7,952.52","8,040.78","7,946.79","135.02K","0.61%"
"04/30/2019","7,952.72","7,891.57","7,952.72","7,888.87","109.87K","0.71%"
"04/29/2019","7,897.02","7,861.22","7,897.02","7,846.33","","0.37%"
"04/26/2019","7,868.28","7,892.90","7,899.57","7,839.52","108.07K","-0.33%"
"04/25/2019","7,894.45","7,848.45","7,894.45","7,831.62","137.32K","0.60%"
"04/24/2019","7,846.99","7,799.06","7,846.99","7,799.06","171.81K","0.36%"
"04/23/2019","7,818.93","7,827.03","7,834.78","7,769.72","93.64K","-0.17%"
"04/22/2019","7,832.43","7,840.23","7,858.84","7,818.04","86.81K","-0.03%"
"04/17/2019","7,835.15","7,832.71","7,860.74","7,823.86","133.85K","0.11%"
"04/16/2019","7,826.46","7,800.06","7,859.72","7,799.13","168.56K","0.49%"
"04/15/2019","7,787.98","7,887.78","7,914.75","7,787.98","115.45K","-1.18%"
"04/12/2019","7,880.82","7,970.96","7,979.53","7,880.82","96.39K","-0.94%"
"04/11/2019","7,955.80","7,990.71","7,999.52","7,955.80","107.65K","-0.66%"
"04/10/2019","8,008.53","7,976.44","8,008.53","7,953.14","177.90K","1.17%"
"04/08/2019","7,915.63","7,879.47","7,955.27","7,879.47","136.68K","0.54%"
"04/05/2019","7,873.18","7,866.41","7,886.63","7,866.41","99.70K","0.24%"
"04/04/2019","7,854.13","7,892.62","7,897.61","7,835.74","132.57K","-0.52%"
"04/03/2019","7,895.06","7,880.48","7,895.06","7,860.51","76.71K","0.20%"
"04/02/2019","7,879.21","7,854.35","7,893.50","7,854.35","96.44K","0.50%"
"04/01/2019","7,840.31","7,923.16","7,923.83","7,809.61","93.68K","-1.02%"
"03/29/2019","7,920.93","7,891.09","7,920.93","7,887.47","133.11K","0.57%"
"03/28/2019","7,876.40","7,897.72","7,898.47","7,856.09","90.61K","0.20%"
"03/27/2019","7,861.05","7,915.91","7,915.91","7,840.64","86.10K","-0.58%"
"03/26/2019","7,907.03","7,875.30","7,910.69","7,869.43","78.58K","0.56%"
"03/25/2019","7,863.02","7,994.34","7,994.34","7,808.32","89.76K","-1.88%"
"03/22/2019","8,013.42","7,956.67","8,032.40","7,951.06","171.64K","0.74%"
"03/21/2019","7,954.72","7,875.78","7,954.72","7,869.31","138.21K","1.23%"
"03/20/2019","7,858.20","7,848.16","7,875.62","7,823.60","90.48K","0.19%"
"03/19/2019","7,843.41","7,863.70","7,878.80","7,843.41","101.67K","-0.38%"
"03/18/2019","7,873.02","7,794.58","7,873.02","7,760.51","86.08K","0.96%"
"03/15/2019","7,798.28","7,748.07","7,798.28","7,701.74","351.32K","0.62%"
"03/14/2019","7,750.42","7,741.78","7,763.97","7,718.77","113.34K","-0.20%"
"03/13/2019","7,766.15","7,725.62","7,766.15","7,724.79","88.02K","0.24%"
"03/12/2019","7,747.54","7,728.22","7,773.61","7,728.22","92.16K","0.50%"
"03/11/2019","7,708.72","7,815.28","7,823.80","7,708.72","131.47K","-1.13%"
"03/08/2019","7,797.11","7,868.50","7,884.46","7,797.11","79.71K","-1.07%"
"03/07/2019","7,881.79","7,806.50","7,881.79","7,795.21","147.49K","0.77%"
"03/06/2019","7,821.34","7,674.56","7,821.34","7,674.56","174.82K","1.96%"
"03/05/2019","7,670.62","7,700.38","7,734.71","7,667.14","112.94K","-0.06%"
"03/04/2019","7,675.47","7,631.90","7,698.44","7,595.92","93.14K","0.44%"
"03/01/2019","7,641.77","7,711.70","7,754.45","7,587.99","148.72K","-0.83%"
"02/28/2019","7,705.49","7,919.99","7,919.99","7,705.49","199.67K","-2.33%"
"02/27/2019","7,889.12","7,962.10","7,972.69","7,877.63","103.09K","-1.24%"
"02/26/2019","7,988.16","7,996.15","7,996.15","7,945.03","121.76K","0.33%"
"02/22/2019","7,962.13","7,940.29","7,962.13","7,894.56","75.85K","0.39%"
"02/21/2019","7,931.30","7,946.66","7,946.66","7,892.58","106.10K","-0.10%"
"02/20/2019","7,939.24","7,849.08","7,944.59","7,848.47","116.09K","1.35%"
"02/19/2019","7,833.75","7,923.36","7,938.79","7,830.63","143.59K","-0.97%"
"02/18/2019","7,910.58","7,924.60","7,964.05","7,910.58","95.64K","0.02%"
"02/15/2019","7,908.89","7,965.17","7,999.84","7,908.89","157.77K","-1.03%"
"02/14/2019","7,991.25","7,960.19","7,996.21","7,920.62","94.51K","0.90%"
"02/13/2019","7,920.24","8,040.34","8,040.43","7,889.46","99.56K","-1.12%"
"02/12/2019","8,009.92","8,076.60","8,083.53","7,984.42","102.27K","-0.64%"
"02/11/2019","8,061.54","8,088.34","8,105.58","8,061.54","98.24K","-0.12%"
"02/08/2019","8,070.89","8,091.70","8,096.47","8,035.84","111.94K","-0.36%"
"02/07/2019","8,100.30","8,093.17","8,127.08","8,087.73","86.74K","0.52%"
"02/06/2019","8,058.45","8,091.45","8,213.71","8,058.45","91.05K","-0.14%"
"02/04/2019","8,069.48","8,131.55","8,148.88","8,068.74","48.07K","-0.92%"
"02/01/2019","8,144.16","8,038.65","8,165.66","8,038.65","110.51K","1.71%"
"01/31/2019","8,007.48","7,999.41","8,099.23","7,999.41","139.25K","0.34%"
"01/30/2019","7,979.95","8,038.77","8,046.95","7,912.16","125.35K","-0.88%"
"01/29/2019","8,050.82","8,086.93","8,087.39","8,014.94","126.73K","-0.04%"
"01/28/2019","8,053.92","8,071.12","8,143.61","8,042.20","108.78K","0.01%"
"01/25/2019","8,053.20","8,075.66","8,116.23","8,038.94","78.77K","-0.15%"
"01/24/2019","8,064.90","8,000.65","8,068.48","8,000.65","107.88K","0.94%"
"01/23/2019","7,989.65","7,941.05","7,989.65","7,901.64","110.83K","-0.24%"
"01/22/2019","8,008.67","8,023.84","8,029.80","7,979.14","121.80K","0.02%"
"01/21/2019","8,007.46","8,055.48","8,067.08","7,964.06","109.11K","-0.49%"
"01/18/2019","8,047.12","7,932.11","8,057.57","7,919.50","174.37K","1.51%"
"01/17/2019","7,927.20","7,866.42","7,937.98","7,865.13","216.71K","0.79%"
"01/16/2019","7,864.70","7,983.46","7,990.65","7,848.70","130.16K","-1.86%"
"01/15/2019","8,013.42","8,009.08","8,027.92","7,976.43","143.93K","-0.13%"
"01/14/2019","8,024.14","7,886.40","8,024.14","7,818.95","135.68K","1.52%"
"01/11/2019","7,904.09","7,965.44","7,965.44","7,855.69","142.71K","-1.02%"
"01/10/2019","7,985.23","7,931.87","7,992.33","7,898.63","183.79K","0.83%"
"01/09/2019","7,919.67","7,775.21","7,919.67","7,765.91","172.18K","2.82%"
"01/08/2019","7,702.12","7,820.26","7,826.08","7,702.12","130.54K","-1.10%"
"01/07/2019","7,787.66","7,800.88","7,900.70","7,787.66","178.61K","0.34%"
"01/04/2019","7,761.11","7,657.18","7,801.50","7,657.18","165.43K","1.05%"
"01/03/2019","7,680.60","7,507.48","7,680.60","7,490.28","149.81K","2.56%"
"01/02/2019","7,489.20","7,496.57","7,540.26","7,465.76","52.92K","0.31%"
"12/28/2018","7,466.02","7,497.16","7,507.29","7,466.02","84.87K","-0.22%"
"12/27/2018","7,482.66","7,465.04","7,514.33","7,447.22","72.00K","0.44%"
"12/26/2018","7,450.01","7,436.73","7,453.22","7,378.88","49.09K","-0.40%"
"12/21/2018","7,479.71","7,536.87","7,548.13","7,452.24","127.30K","-1.11%"
"12/20/2018","7,563.41","7,514.07","7,584.44","7,498.19","99.26K","-0.21%"
"12/19/2018","7,579.62","7,412.28","7,579.62","7,406.53","100.88K","2.15%"
"12/18/2018","7,420.40","7,478.36","7,482.21","7,397.23","115.23K","-1.33%"
"12/17/2018","7,520.40","7,501.27","7,538.14","7,490.56","109.72K","-0.05%"
"12/14/2018","7,524.37","7,506.40","7,559.27","7,503.09","132.79K","0.02%"
"12/13/2018","7,522.92","7,514.35","7,556.24","7,513.56","115.61K","0.46%"
"12/12/2018","7,488.24","7,455.98","7,488.24","7,425.66","145.92K","0.50%"
"12/11/2018","7,451.08","7,386.11","7,451.08","7,379.05","85.73K","1.40%"
"12/10/2018","7,348.21","7,445.51","7,445.51","7,348.21","66.09K","-1.51%"
"12/07/2018","7,461.06","7,529.95","7,538.19","7,449.95","90.97K","-0.99%"
"12/06/2018","7,535.32","7,633.92","7,637.18","7,535.32","127.13K","-1.25%"
"12/05/2018","7,630.90","7,579.96","7,634.09","7,550.96","182.16K","-0.95%"
"12/04/2018","7,703.92","7,537.41","7,703.92","7,522.97","221.22K","2.27%"
"12/03/2018","7,532.90","7,468.62","7,539.67","7,468.62","230.77K","2.24%"
"11/29/2018","7,367.85","7,409.35","7,482.35","7,367.85","355.13K","-0.20%"
"11/28/2018","7,382.43","7,420.26","7,423.78","7,350.28","151.93K","-0.42%"
"11/27/2018","7,413.63","7,399.89","7,413.63","7,349.72","100.04K","0.21%"
"11/26/2018","7,397.87","7,352.29","7,428.29","7,332.43","100.66K","0.79%"
"11/23/2018","7,340.18","7,277.92","7,348.14","7,264.37","90.00K","0.99%"
"11/22/2018","7,268.38","7,260.81","7,278.88","7,228.35","74.86K","0.04%"
"11/21/2018","7,265.45","7,262.24","7,267.13","7,202.94","97.65K","-0.51%"
"11/20/2018","7,302.94","7,234.81","7,311.54","7,171.80","111.95K","0.45%"
"11/19/2018","7,270.26","7,105.81","7,270.26","7,099.68","169.19K","2.64%"
"11/16/2018","7,083.34","7,009.08","7,121.85","7,009.08","167.72K","1.88%"
"11/15/2018","6,952.59","6,912.19","6,971.63","6,898.55","85.20K","0.43%"
"11/14/2018","6,923.08","6,867.33","6,932.40","6,861.09","95.92K","1.16%"
"11/13/2018","6,843.83","6,912.14","6,913.51","6,820.22","156.95K","-1.19%"
"11/12/2018","6,926.20","6,967.65","6,967.65","6,917.54","120.85K","-0.61%"
"11/09/2018","6,968.82","7,039.39","7,039.39","6,941.99","87.36K","-0.95%"
"11/08/2018","7,035.71","7,025.08","7,036.50","6,946.83","111.66K","0.03%"
"11/07/2018","7,033.93","7,181.26","7,185.61","6,994.26","98.81K","-2.04%"
"11/06/2018","7,180.11","7,213.21","7,276.54","7,162.17","96.52K","-0.46%"
"11/05/2018","7,213.44","7,204.13","7,242.99","7,189.63","145.07K","1.02%"
"10/31/2018","7,140.29","7,032.63","7,140.29","7,032.63","155.34K","1.77%"
"10/30/2018","7,016.06","7,093.75","7,097.39","7,016.06","48.50K","-1.31%"
"10/29/2018","7,109.03","7,054.65","7,109.03","7,046.11","52.86K","0.63%"
"10/26/2018","7,064.33","6,987.80","7,065.38","6,979.07","61.14K","1.40%"
"10/25/2018","6,966.84","7,086.17","7,086.17","6,941.10","111.61K","-2.28%"
"10/24/2018","7,129.42","7,185.83","7,186.32","7,129.42","80.34K","-0.95%"
"10/23/2018","7,197.62","7,262.71","7,265.11","7,159.72","68.10K","-0.53%"
"10/22/2018","7,236.16","7,144.98","7,251.08","7,124.70","81.83K","1.18%"
"10/19/2018","7,151.52","7,122.50","7,162.68","7,086.57","90.84K","0.14%"
"10/18/2018","7,141.25","7,095.89","7,141.25","7,060.84","49.17K","0.59%"
"10/17/2018","7,099.68","7,015.55","7,140.08","7,015.55","102.67K","1.61%"
"10/16/2018","6,987.02","6,936.17","6,987.02","6,894.29","84.98K","0.87%"
"10/15/2018","6,926.51","7,035.97","7,063.38","6,926.51","74.53K","-1.12%"
"10/12/2018","7,004.77","6,872.89","7,004.77","6,847.86","89.66K","1.75%"
"10/11/2018","6,884.38","6,934.76","6,934.76","6,790.58","99.35K","-1.67%"
"10/10/2018","7,001.14","7,092.80","7,092.80","6,960.43","89.02K","-0.82%"
"10/09/2018","7,059.38","7,063.91","7,066.11","7,016.48","61.61K","0.12%"
"10/08/2018","7,050.82","7,079.88","7,123.29","7,050.82","57.95K","-0.39%"
"10/05/2018","7,078.20","7,093.92","7,102.33","7,072.28","61.39K","-0.21%"
"10/04/2018","7,093.34","7,190.83","7,194.06","7,093.34","62.01K","-1.63%"
"10/03/2018","7,210.87","7,129.40","7,210.87","7,095.26","58.03K","1.10%"
"10/02/2018","7,132.36","7,237.41","7,237.41","7,093.92","104.53K","-1.24%"
"10/01/2018","7,222.08","7,256.54","7,261.40","7,176.20","65.29K","-0.75%"
"09/28/2018","7,276.82","7,313.67","7,375.52","7,276.82","106.38K","-0.60%"
"09/27/2018","7,320.59","7,272.44","7,320.59","7,215.67","81.30K","0.72%"
"09/26/2018","7,268.21","7,342.61","7,342.61","7,205.04","140.45K","-0.87%"
"09/25/2018","7,332.17","7,426.66","7,426.66","7,331.75","58.96K","-1.36%"
"09/24/2018","7,433.61","7,361.58","7,433.61","7,361.58","69.75K","0.69%"
"09/21/2018","7,383.00","7,184.57","7,383.00","7,180.00","200.29K","3.48%"
"09/20/2018","7,134.73","7,256.53","7,259.76","7,134.73","93.25K","-1.20%"
"09/19/2018","7,221.23","7,285.57","7,337.68","7,203.36","103.64K","-0.89%"
"09/18/2018","7,286.34","7,411.77","7,418.54","7,273.98","99.72K","-1.72%"
"09/17/2018","7,413.56","7,424.88","7,433.69","7,399.19","55.31K","0.01%"
"09/14/2018","7,413.15","7,508.34","7,517.63","7,413.15","91.03K","-1.39%"
"09/13/2018","7,517.37","7,473.40","7,517.37","7,452.81","89.73K","0.92%"
"09/12/2018","7,449.20","7,505.20","7,534.23","7,449.20","91.63K","-0.92%"
"09/11/2018","7,518.01","7,582.81","7,582.81","7,492.40","79.84K","-1.03%"
"09/10/2018","7,596.15","7,591.51","7,605.57","7,466.27","115.00K","-0.03%"
"09/07/2018","7,598.64","7,597.42","7,620.88","7,526.73","115.47K","-0.52%"
"09/06/2018","7,638.71","7,715.14","7,715.14","7,552.24","124.87K","-1.46%"
"09/05/2018","7,752.27","7,859.76","7,861.40","7,699.02","123.86K","-1.64%"
"09/04/2018","7,881.82","7,842.68","7,881.82","7,828.38","92.54K","0.63%"
"09/03/2018","7,832.22","7,879.00","7,879.00","7,820.92","152.40K","-0.30%"
"08/31/2018","7,855.71","7,838.06","7,855.71","7,776.85","180.13K","0.03%"
"08/30/2018","7,853.16","7,818.27","7,875.16","7,818.27","155.65K","0.28%"
"08/29/2018","7,830.96","7,803.04","7,831.34","7,773.07","164.56K","-0.17%"
"08/28/2018","7,844.61","7,769.81","7,861.60","7,769.81","127.19K","1.01%"
"08/24/2018","7,766.47","7,775.52","7,783.29","7,718.17","135.06K","-0.48%"
"08/23/2018","7,804.03","7,623.77","7,804.03","7,623.77","125.26K","2.25%"
"08/22/2018","7,632.26","7,551.65","7,632.26","7,529.64","75.66K","1.76%"
"08/20/2018","7,500.53","7,592.17","7,606.81","7,500.53","44.87K","-1.09%"
"08/17/2018","7,583.52","7,529.96","7,617.49","7,529.96","97.38K","0.88%"
"08/16/2018","7,517.36","7,534.57","7,541.92","7,478.94","77.97K","-0.31%"
"08/15/2018","7,540.92","7,520.99","7,566.62","7,513.44","56.10K","0.17%"
"08/14/2018","7,527.78","7,623.11","7,623.11","7,508.83","79.68K","-1.41%"
"08/13/2018","7,635.27","7,782.11","7,782.11","7,634.60","80.86K","-2.17%"
"08/10/2018","7,804.98","7,804.02","7,840.63","7,781.82","101.34K","-0.20%"
"08/09/2018","7,820.71","7,856.70","7,879.27","7,751.42","148.34K","-0.39%"
"08/08/2018","7,851.46","7,737.49","7,851.46","7,737.49","130.49K","1.63%"
"08/07/2018","7,725.85","7,813.38","7,814.89","7,725.85","87.59K","-1.17%"
"08/06/2018","7,817.31","7,809.38","7,843.59","7,784.05","81.45K","-0.03%"
"08/03/2018","7,819.39","7,763.49","7,819.39","7,709.86","102.64K","0.77%"
"08/02/2018","7,759.55","7,824.52","7,824.52","7,746.09","95.53K","-1.00%"
"08/01/2018","7,838.22","7,664.99","7,838.22","7,655.30","141.75K","2.17%"
"07/31/2018","7,672.00","7,730.09","7,742.85","7,623.77","158.11K","-1.30%"
"07/30/2018","7,773.32","7,693.45","7,773.32","7,683.10","99.19K","0.93%"
"07/27/2018","7,701.38","7,661.66","7,701.38","7,586.34","137.03K","0.46%"
"07/26/2018","7,665.85","7,557.86","7,665.85","7,557.86","165.59K","2.02%"
"07/25/2018","7,514.00","7,438.85","7,620.39","7,438.85","153.69K","0.90%"
"07/24/2018","7,447.02","7,362.98","7,447.02","7,362.98","92.35K","0.95%"
"07/23/2018","7,376.80","7,388.50","7,408.16","7,368.52","87.35K","-0.31%"
"07/20/2018","7,399.61","7,390.57","7,411.45","7,327.35","90.14K","0.16%"
"07/19/2018","7,387.87","7,443.94","7,459.14","7,365.69","71.82K","-0.85%"
"07/18/2018","7,451.37","7,381.74","7,451.37","7,379.97","60.96K","0.94%"
"07/17/2018","7,381.68","7,375.10","7,385.95","7,346.78","52.91K","0.17%"
"07/16/2018","7,369.44","7,388.98","7,390.00","7,334.88","48.80K","-0.40%"
"07/13/2018","7,399.18","7,372.48","7,405.42","7,366.50","76.32K","0.66%"
"07/12/2018","7,350.58","7,328.04","7,370.46","7,307.60","93.82K","0.23%"
"07/11/2018","7,333.73","7,245.73","7,333.73","7,239.11","78.57K","1.39%"
"07/10/2018","7,233.29","7,218.25","7,233.29","7,192.58","77.74K","0.65%"
"07/09/2018","7,186.62","7,196.83","7,214.57","7,162.64","73.63K","0.00%"
"07/06/2018","7,186.71","7,225.95","7,225.95","7,143.57","71.11K","-0.65%"
"07/05/2018","7,233.57","7,306.01","7,306.01","7,225.07","97.30K","-1.56%"
"07/04/2018","7,348.42","7,272.03","7,348.42","7,227.29","102.22K","1.12%"
"07/03/2018","7,267.34","7,223.04","7,267.34","7,194.55","70.26K","0.54%"
"07/02/2018","7,227.96","7,184.62","7,261.29","7,160.83","104.02K","0.48%"
"06/29/2018","7,193.68","7,061.48","7,193.68","7,061.48","136.54K","1.80%"
"06/28/2018","7,066.57","7,128.51","7,128.51","7,055.63","93.00K","-1.53%"
"06/27/2018","7,176.43","6,997.99","7,176.43","6,984.14","123.29K","2.41%"
"06/26/2018","7,007.21","7,014.05","7,021.26","6,929.86","115.41K","0.29%"
"06/25/2018","6,986.88","7,240.06","7,240.06","6,986.88","121.76K","-1.08%"
"06/22/2018","7,063.20","7,092.04","7,132.71","6,923.67","175.30K","-0.49%"
"06/21/2018","7,098.15","7,262.73","7,271.21","7,092.16","147.42K","-2.25%"
"06/20/2018","7,261.62","7,316.29","7,349.74","7,261.01","116.21K","-0.70%"
"06/19/2018","7,312.61","7,347.44","7,348.23","7,253.12","124.24K","-1.37%"
"06/18/2018","7,414.11","7,403.93","7,414.11","7,328.30","137.55K","-1.53%"
"06/14/2018","7,529.54","7,553.80","7,561.44","7,479.57","280.51K","-0.97%"
"06/13/2018","7,602.98","7,722.43","7,723.85","7,553.74","124.82K","-2.17%"
"06/11/2018","7,771.30","7,738.28","7,779.26","7,699.67","60.73K","0.39%"
"06/08/2018","7,740.74","7,803.35","7,803.35","7,718.33","82.46K","-0.80%"
"06/07/2018","7,803.31","7,693.30","7,814.88","7,687.94","157.56K","1.48%"
"06/06/2018","7,689.14","7,666.77","7,702.33","7,654.13","105.62K","0.04%"
"06/05/2018","7,685.76","7,594.55","7,685.76","7,550.64","133.33K","1.40%"
"06/04/2018","7,579.61","7,619.38","7,620.13","7,551.89","77.62K","-0.66%"
"06/01/2018","7,630.26","7,499.90","7,630.26","7,487.37","113.34K","1.78%"
"05/31/2018","7,497.17","7,496.11","7,537.63","7,457.05","387.82K","0.36%"
"05/30/2018","7,470.14","7,575.38","7,575.38","7,461.73","115.66K","-1.74%"
"05/29/2018","7,602.36","7,662.37","7,662.37","7,585.16","94.26K","-0.53%"
"05/28/2018","7,642.90","7,669.96","7,669.96","7,598.13","76.89K","-0.06%"
"05/25/2018","7,647.51","7,673.82","7,674.29","7,605.98","80.10K","-0.07%"
"05/24/2018","7,652.53","7,573.67","7,652.53","7,555.45","72.44K","1.22%"
"05/23/2018","7,560.47","7,673.62","7,673.62","7,517.56","102.14K","-1.12%"
"05/22/2018","7,646.20","7,698.23","7,698.65","7,633.52","83.42K","-0.15%"
"05/21/2018","7,658.05","7,693.22","7,715.66","7,658.05","68.85K","-0.19%"
"05/18/2018","7,672.28","7,742.39","7,742.39","7,639.15","82.27K","-0.28%"
"05/17/2018","7,694.12","7,855.90","7,855.90","7,694.12","134.75K","-2.23%"
"05/16/2018","7,869.56","7,869.48","7,869.56","7,751.33","159.99K","-0.21%"
"05/15/2018","7,885.97","7,771.90","7,906.45","7,765.46","163.63K","1.73%"
"05/11/2018","7,752.11","7,625.10","7,760.26","7,625.10","118.70K","2.39%"
"05/10/2018","7,571.00","7,547.46","7,630.29","7,531.66","98.27K","0.21%"
"05/09/2018","7,555.27","7,587.68","7,590.80","7,535.93","108.03K","-0.29%"
"05/08/2018","7,577.57","7,544.10","7,615.22","7,543.35","108.82K","0.59%"
"05/07/2018","7,533.28","7,578.80","7,581.72","7,517.09","60.64K","-0.17%"
"05/04/2018","7,546.19","7,541.00","7,558.31","7,499.26","94.48K","0.15%"
"05/03/2018","7,535.10","7,792.41","7,792.41","7,535.10","144.84K","-2.60%"
"05/02/2018","7,736.07","7,791.63","7,856.50","7,736.07","101.85K","-1.06%"
"04/30/2018","7,819.25","7,726.96","7,822.84","7,726.27","135.55K","1.27%"
"04/27/2018","7,721.02","7,631.44","7,721.02","7,604.54","129.38K","1.36%"
"04/26/2018","7,617.42","7,544.02","7,617.42","7,529.13","81.79K","0.79%"
"04/25/2018","7,557.91","7,595.49","7,636.57","7,526.30","112.22K","-0.56%"
"04/24/2018","7,600.36","7,704.18","7,704.27","7,600.36","104.16K","-1.54%"
"04/23/2018","7,719.47","7,736.09","7,746.86","7,663.53","96.68K","-0.09%"
"04/20/2018","7,726.72","7,698.08","7,783.55","7,691.93","119.10K","0.58%"
"04/19/2018","7,682.24","7,689.35","7,756.40","7,537.42","303.92K","-1.42%"
"04/18/2018","7,793.13","7,743.14","7,828.85","7,743.14","125.31K","0.90%"
"04/17/2018","7,723.39","7,861.72","7,861.72","7,691.79","128.36K","-1.87%"
"04/16/2018","7,870.25","7,928.99","7,928.99","7,845.47","83.35K","-0.38%"
"04/13/2018","7,899.98","8,031.23","8,031.23","7,899.98","127.00K","-1.78%"
"04/12/2018","8,043.07","7,962.66","8,043.07","7,951.09","85.63K","1.25%"
"04/11/2018","7,943.93","7,958.33","7,990.98","7,930.66","92.67K","0.12%"
"04/10/2018","7,934.68","7,946.45","7,984.64","7,890.31","119.55K","-0.14%"
"04/06/2018","7,945.66","8,018.77","8,047.70","7,901.79","76.65K","-0.95%"
"04/05/2018","8,022.16","8,035.64","8,043.66","7,988.37","59.46K","0.31%"
"04/04/2018","7,997.67","8,084.93","8,084.93","7,991.60","86.14K","-0.63%"
"04/03/2018","8,048.72","7,976.33","8,071.68","7,976.33","121.02K","0.12%"
"04/02/2018","8,039.45","7,993.63","8,039.45","7,944.86","61.92K","0.75%"
"03/28/2018","7,979.83","8,016.35","8,056.22","7,967.28","121.79K","-0.84%"
"03/27/2018","8,047.03","7,947.21","8,047.03","7,947.21","97.59K","1.45%"
"03/26/2018","7,932.38","7,948.05","7,949.61","7,834.11","87.67K","-0.48%"
"03/23/2018","7,970.80","7,980.66","7,980.66","7,923.65","105.20K","-1.89%"
"03/22/2018","8,124.45","7,934.83","8,124.45","7,928.75","130.46K","2.72%"
"03/21/2018","7,909.07","8,097.59","8,097.59","7,909.07","157.64K","-1.87%"
"03/20/2018","8,059.60","8,180.25","8,180.25","8,015.49","134.72K","-2.14%"
"03/19/2018","8,235.54","8,236.54","8,240.13","8,169.00","152.70K","-0.03%"
"03/16/2018","8,238.15","8,200.14","8,258.09","8,156.19","289.47K","0.59%"
"03/15/2018","8,190.01","8,322.10","8,326.01","8,190.01","110.94K","-1.90%"
"03/14/2018","8,348.74","8,430.03","8,430.03","8,284.76","101.22K","-0.84%"
"03/13/2018","8,419.57","8,454.09","8,462.25","8,397.96","96.03K","-0.40%"
"03/12/2018","8,453.50","8,442.25","8,484.65","8,425.93","136.12K","0.97%"
"03/09/2018","8,372.51","8,401.33","8,409.75","8,367.63","100.78K","-0.11%"
"03/08/2018","8,381.85","8,388.08","8,389.74","8,350.53","95.44K","-0.27%"
"03/07/2018","8,404.69","8,373.62","8,404.69","8,333.11","109.85K","0.53%"
"03/06/2018","8,360.22","8,388.02","8,411.76","8,344.84","142.96K","-0.31%"
"03/05/2018","8,386.17","8,434.67","8,449.82","8,350.53","61.36K","-0.86%"
"03/02/2018","8,458.57","8,414.94","8,458.57","8,337.69","86.43K","-0.09%"
"03/01/2018","8,465.77","8,471.22","8,503.68","8,429.75","103.06K","-0.11%"
"02/28/2018","8,475.29","8,538.53","8,575.44","8,475.29","157.80K","-1.36%"
"02/27/2018","8,592.38","8,507.68","8,592.38","8,507.45","147.01K","1.09%"
"02/26/2018","8,499.98","8,450.15","8,499.98","8,373.68","113.78K","0.38%"
"02/23/2018","8,467.56","8,520.73","8,526.23","8,465.79","114.55K","-0.56%"
"02/22/2018","8,515.57","8,598.50","8,605.93","8,472.89","136.83K","-1.14%"
"02/21/2018","8,613.65","8,677.51","8,677.51","8,613.50","149.14K","-1.25%"
"02/20/2018","8,722.70","8,727.16","8,728.08","8,637.77","126.92K","0.14%"
"02/19/2018","8,710.22","8,593.87","8,757.83","8,538.20","110.78K","1.14%"
"02/15/2018","8,612.44","8,603.71","8,612.44","8,505.86","179.69K","0.17%"
"02/14/2018","8,598.11","8,563.57","8,598.11","8,498.57","169.61K","0.33%"
"02/13/2018","8,570.14","8,514.06","8,570.14","8,476.46","125.57K","0.97%"
"02/12/2018","8,487.91","8,533.80","8,554.51","8,460.56","85.89K","-0.19%"
"02/09/2018","8,503.69","8,545.88","8,546.02","8,421.74","114.16K","-1.64%"
"02/08/2018","8,645.08","8,679.37","8,679.37","8,601.53","95.00K","-0.26%"
"02/07/2018","8,667.56","8,648.00","8,700.56","8,603.18","115.34K","1.37%"
"02/06/2018","8,550.42","8,475.08","8,550.42","8,379.83","150.03K","-0.76%"
"02/05/2018","8,616.00","8,680.59","8,680.59","8,555.55","152.49K","-2.21%"
"02/02/2018","8,810.75","8,746.86","8,810.75","8,746.86","146.97K","0.82%"
"02/01/2018","8,738.72","8,748.38","8,818.10","8,738.72","99.36K","-0.29%"
"01/31/2018","8,764.01","8,831.83","8,831.83","8,721.85","150.76K","-1.64%"
"01/30/2018","8,910.48","9,025.29","9,025.29","8,838.69","166.24K","-1.64%"
"01/29/2018","9,058.62","9,051.75","9,078.37","9,008.41","119.56K","0.19%"
"01/26/2018","9,041.20","8,995.61","9,041.20","8,945.32","116.74K","0.47%"
"01/25/2018","8,999.17","8,907.45","8,999.17","8,907.24","148.08K","0.88%"
"01/24/2018","8,920.23","8,992.37","8,992.37","8,898.21","96.37K","-0.88%"
"01/23/2018","8,999.02","8,952.81","8,999.02","8,916.07","112.60K","0.54%"
"01/22/2018","8,950.62","8,893.14","8,975.12","8,883.00","98.60K","0.39%"
"01/19/2018","8,915.92","8,824.72","8,915.92","8,802.78","124.47K","1.08%"
"01/18/2018","8,820.74","8,790.05","8,822.40","8,772.45","173.13K","-0.32%"
"01/17/2018","8,848.99","8,879.67","8,902.27","8,821.41","162.53K","-0.18%"
"01/16/2018","8,865.13","8,890.74","8,969.18","8,865.13","141.74K","0.08%"
"01/15/2018","8,857.72","8,844.35","8,897.56","8,809.53","147.11K","0.49%"
"01/12/2018","8,814.62","8,836.29","8,868.56","8,803.62","125.85K","0.02%"
"01/11/2018","8,813.25","8,908.64","8,909.00","8,745.63","141.64K","-1.20%"
"01/10/2018","8,920.29","8,914.25","8,926.78","8,877.98","96.73K","-0.04%"
"01/09/2018","8,923.72","8,758.96","8,923.72","8,755.40","116.13K","2.04%"
"01/08/2018","8,745.12","8,818.90","8,820.53","8,713.86","99.60K","-0.28%"
"01/05/2018","8,770.00","8,743.41","8,858.07","8,739.74","158.23K","0.35%"
"01/04/2018","8,739.83","8,710.00","8,760.26","8,690.34","124.75K","0.18%"
"01/03/2018","8,724.13","8,584.46","8,724.13","8,580.50","129.60K","1.94%"
"01/02/2018","8,558.42","8,562.86","8,640.04","8,535.10","170.54K","0.00%"
"12/29/2017","8,558.42","8,562.86","8,640.04","8,535.10","170.54K","0.27%"
"12/28/2017","8,535.09","8,474.99","8,571.46","8,468.19","106.54K","0.52%"
"12/27/2017","8,490.91","8,427.05","8,490.91","8,412.89","47.95K","0.69%"
"12/22/2017","8,432.31","8,377.92","8,432.31","8,364.42","47.02K","0.64%"
"12/21/2017","8,378.28","8,371.91","8,378.28","8,323.01","88.10K","0.19%"
"12/20/2017","8,362.61","8,376.32","8,377.57","8,343.99","57.72K","-0.04%"
"12/19/2017","8,365.96","8,422.09","8,422.77","8,348.88","88.31K","-0.68%"
"12/18/2017","8,422.82","8,345.97","8,422.82","8,345.32","68.25K","1.03%"
"12/15/2017","8,337.04","8,425.66","8,425.66","8,337.04","226.81K","-1.47%"
"12/14/2017","8,461.06","8,366.60","8,461.06","8,344.02","111.08K","1.21%"
"12/13/2017","8,359.61","8,341.81","8,363.15","8,321.59","77.58K","0.31%"
"12/12/2017","8,334.06","8,346.27","8,362.28","8,311.68","118.57K","-0.29%"
"12/11/2017","8,358.57","8,296.23","8,358.57","8,277.26","82.52K","0.65%"
"12/08/2017","8,304.70","8,176.21","8,304.70","8,167.60","119.25K","1.59%"
"12/07/2017","8,174.93","8,128.06","8,174.93","8,109.57","96.88K","0.56%"
"12/06/2017","8,129.62","8,157.60","8,197.39","8,119.37","122.96K","-0.19%"
"12/05/2017","8,145.00","8,093.63","8,149.22","8,085.44","114.59K","0.75%"
"12/04/2017","8,084.45","8,108.21","8,126.97","8,051.86","117.39K","-0.73%"
"12/01/2017","8,144.02","8,236.15","8,236.15","8,122.32","157.68K","-1.33%"
"11/29/2017","8,254.03","8,272.07","8,304.38","8,213.65","212.70K","-0.46%"
"11/28/2017","8,291.88","8,341.77","8,341.77","8,254.25","94.28K","-0.83%"
"11/27/2017","8,361.69","8,358.35","8,361.69","8,261.28","68.09K","-0.04%"
"11/24/2017","8,365.11","8,330.09","8,365.11","8,261.15","126.83K","0.26%"
"11/23/2017","8,343.23","8,291.86","8,343.23","8,278.51","52.65K","0.94%"
"11/22/2017","8,265.68","8,306.72","8,346.92","8,265.68","96.31K","-0.28%"
"11/21/2017","8,289.19","8,339.81","8,340.63","8,289.19","93.62K","-0.39%"
"11/20/2017","8,321.98","8,332.71","8,371.95","8,321.98","67.87K","0.13%"
"11/17/2017","8,311.08","8,274.89","8,326.81","8,262.90","104.62K","1.28%"
"11/16/2017","8,206.44","8,211.03","8,332.94","8,206.44","135.59K","-0.81%"
"11/15/2017","8,273.44","8,335.87","8,348.52","8,260.61","142.92K","-1.27%"
"11/14/2017","8,379.64","8,349.61","8,379.64","8,280.43","112.46K","0.60%"
"11/13/2017","8,330.02","8,460.62","8,486.61","8,330.02","95.95K","-1.23%"
"11/10/2017","8,433.48","8,548.07","8,548.21","8,433.48","104.23K","-1.01%"
"11/09/2017","8,519.82","8,515.40","8,563.51","8,506.77","131.31K","0.13%"
"11/08/2017","8,508.49","8,525.04","8,532.45","8,486.52","138.30K","-0.16%"
"11/07/2017","8,521.81","8,519.66","8,543.41","8,462.22","92.53K","-0.01%"
"11/06/2017","8,523.07","8,393.05","8,523.07","8,393.05","109.62K","1.75%"
"11/03/2017","8,376.13","8,544.02","8,605.15","8,376.13","168.24K","-1.64%"
"11/02/2017","8,516.02","8,342.98","8,543.80","8,321.65","157.75K","1.80%"
"10/30/2017","8,365.26","8,332.33","8,365.26","8,305.65","68.01K","0.84%"
"10/27/2017","8,295.95","8,260.60","8,295.95","8,209.88","74.18K","0.34%"
"10/26/2017","8,267.92","8,301.17","8,313.48","8,225.95","80.55K","-0.43%"
"10/25/2017","8,303.35","8,299.68","8,327.76","8,244.11","109.44K","0.28%"
"10/24/2017","8,279.92","8,351.03","8,373.45","8,279.92","90.74K","-0.82%"
"10/23/2017","8,348.32","8,429.89","8,456.98","8,342.20","97.51K","-0.86%"
"10/20/2017","8,420.95","8,465.64","8,474.18","8,415.90","80.55K","-0.78%"
"10/19/2017","8,487.37","8,441.36","8,487.37","8,375.09","88.13K","0.66%"
"10/18/2017","8,431.73","8,537.66","8,548.58","8,332.30","133.22K","-0.78%"
"10/17/2017","8,497.74","8,484.94","8,586.73","8,484.94","179.54K","0.59%"
"10/13/2017","8,447.94","8,422.22","8,447.94","8,399.84","136.34K","0.54%"
"10/12/2017","8,402.81","8,367.09","8,406.36","8,361.44","114.76K","0.53%"
"10/11/2017","8,358.47","8,418.33","8,427.13","8,353.11","161.37K","-0.47%"
"10/10/2017","8,398.04","8,354.88","8,409.92","8,340.17","81.75K","0.37%"
"10/09/2017","8,367.38","8,333.70","8,367.38","8,326.78","60.96K","0.68%"
"10/06/2017","8,310.88","8,332.56","8,406.34","8,297.02","113.03K","0.20%"
"10/05/2017","8,294.01","8,353.23","8,355.63","8,294.01","88.75K","-0.60%"
"10/04/2017","8,344.05","8,328.74","8,377.79","8,328.74","99.19K","0.37%"
"10/03/2017","8,312.93","8,261.29","8,321.22","8,261.29","115.83K","0.69%"
"10/02/2017","8,256.28","8,210.76","8,257.83","8,197.89","113.51K","1.04%"
"09/29/2017","8,171.43","8,151.58","8,240.52","8,151.58","176.86K","0.19%"
"09/28/2017","8,156.04","8,223.69","8,223.69","8,151.86","182.21K","-0.80%"
"09/27/2017","8,221.92","8,159.18","8,221.92","8,113.30","459.31K","0.63%"
"09/26/2017","8,170.14","8,230.56","8,230.56","8,119.59","392.33K","-0.90%"
"09/25/2017","8,244.73","8,247.41","8,252.20","8,195.45","140.27K","-0.44%"
"09/22/2017","8,281.27","8,297.94","8,314.44","8,275.45","100.65K","-0.07%"
"09/21/2017","8,286.86","8,239.22","8,321.81","8,237.83","197.02K","0.82%"
"09/20/2017","8,219.32","8,201.69","8,250.00","8,201.69","127.58K","0.69%"
"09/19/2017","8,162.70","8,299.81","8,299.85","8,162.70","204.15K","-1.58%"
"09/18/2017","8,294.14","8,185.24","8,294.14","8,155.94","157.35K","1.38%"
"09/15/2017","8,180.85","8,141.39","8,180.85","8,104.95","227.89K","0.44%"
"09/14/2017","8,144.91","8,073.24","8,169.64","8,071.76","202.64K","1.13%"
"09/13/2017","8,053.88","8,097.27","8,103.68","8,047.04","173.59K","0.06%"
"09/11/2017","8,049.31","8,036.93","8,055.63","8,012.55","99.34K","0.33%"
"09/08/2017","8,022.75","8,044.60","8,048.51","8,018.91","152.59K","0.00%"
"09/07/2017","8,022.98","8,003.83","8,025.74","7,994.83","157.69K","0.49%"
"09/06/2017","7,983.97","8,025.24","8,027.22","7,972.62","160.63K","-0.81%"
"09/05/2017","8,049.35","8,038.28","8,049.35","7,995.13","157.44K","0.18%"
"09/04/2017","8,035.20","8,014.49","8,047.44","7,980.86","149.20K","0.96%"
"08/31/2017","7,958.57","7,975.51","7,976.30","7,943.21","202.01K","0.02%"
"08/30/2017","7,956.73","7,978.80","7,984.38","7,912.43","106.13K","0.10%"
"08/29/2017","7,948.39","8,036.04","8,036.04","7,931.78","116.52K","-0.83%"
"08/25/2017","8,015.14","8,018.20","8,031.50","8,009.72","91.65K","0.13%"
"08/24/2017","8,004.93","8,023.40","8,023.40","7,978.86","78.24K","0.08%"
"08/23/2017","7,998.75","8,027.97","8,028.90","7,998.75","90.48K","-0.21%"
"08/22/2017","8,015.93","8,018.14","8,026.31","7,969.74","114.86K","-0.01%"
"08/18/2017","8,016.73","8,079.00","8,079.00","8,015.68","80.51K","-0.69%"
"08/17/2017","8,072.75","8,084.41","8,105.01","8,049.61","120.94K","0.33%"
"08/16/2017","8,046.59","8,015.69","8,082.49","7,996.01","157.42K","0.46%"
"08/15/2017","8,009.41","8,003.08","8,009.41","7,964.33","143.61K","0.59%"
"08/14/2017","7,962.12","7,954.89","7,973.34","7,951.57","108.71K","0.42%"
"08/11/2017","7,928.43","7,953.89","7,953.89","7,873.31","112.19K","-0.47%"
"08/10/2017","7,966.25","8,005.39","8,008.01","7,934.82","103.68K","-0.25%"
"08/09/2017","7,985.83","8,007.25","8,011.59","7,940.97","153.47K","-0.01%"
"08/08/2017","7,986.51","8,030.07","8,039.05","7,986.51","161.85K","-0.07%"
"08/07/2017","7,992.27","7,955.37","7,992.27","7,955.10","112.11K","0.75%"
"08/04/2017","7,932.82","7,918.91","7,960.80","7,918.03","258.51K","0.71%"
"08/03/2017","7,876.66","7,897.84","7,946.31","7,862.11","117.57K","0.05%"
"08/02/2017","7,872.65","7,936.89","8,037.91","7,872.65","159.22K","-0.43%"
"08/01/2017","7,906.60","8,015.68","8,017.18","7,906.60","167.18K","-1.39%"
"07/31/2017","8,018.05","8,068.66","8,070.04","7,953.47","180.74K","-0.66%"
"07/28/2017","8,071.47","8,075.72","8,079.70","8,046.76","119.15K","0.32%"
"07/27/2017","8,045.78","8,072.21","8,106.74","8,045.78","177.60K","0.10%"
"07/26/2017","8,037.51","8,007.70","8,062.99","7,998.14","225.27K","0.83%"
"07/25/2017","7,971.72","7,985.42","7,999.00","7,958.95","138.23K","0.11%"
"07/24/2017","7,962.64","7,985.04","7,985.04","7,949.41","93.16K","-0.34%"
"07/21/2017","7,989.73","7,917.26","7,989.73","7,849.26","137.22K","1.08%"
"07/20/2017","7,904.34","7,988.14","8,001.59","7,904.34","168.02K","-0.86%"
"07/19/2017","7,972.90","7,974.45","8,005.31","7,967.70","189.77K","0.25%"
"07/18/2017","7,952.92","7,941.37","7,967.81","7,941.37","138.19K","0.23%"
"07/17/2017","7,934.50","7,915.43","7,955.01","7,914.44","92.13K","0.62%"
"07/14/2017","7,885.90","7,952.87","7,958.08","7,875.52","127.19K","-0.64%"
"07/13/2017","7,936.85","7,963.73","7,994.27","7,911.83","180.78K","-0.02%"
"07/12/2017","7,938.37","7,872.63","7,952.96","7,872.63","238.32K","1.02%"
"07/11/2017","7,858.14","7,846.84","7,863.66","7,844.63","133.92K","0.26%"
"07/10/2017","7,837.47","7,889.47","7,900.28","7,837.47","112.79K","-0.66%"
"07/07/2017","7,889.33","7,887.69","7,894.61","7,880.13","144.05K","0.01%"
"07/06/2017","7,888.31","7,850.50","7,892.71","7,849.08","172.74K","0.50%"
"07/05/2017","7,848.84","7,848.03","7,848.84","7,821.37","104.65K","0.19%"
"07/04/2017","7,833.96","7,854.98","7,858.90","7,830.33","83.93K","-0.41%"
"07/03/2017","7,866.52","7,840.23","7,866.52","7,797.83","96.89K","0.30%"
"06/30/2017","7,843.16","7,774.91","7,843.16","7,734.52","215.74K","0.71%"
"06/29/2017","7,788.06","7,877.35","7,877.69","7,774.49","161.65K","-0.88%"
"06/28/2017","7,857.18","7,889.80","7,894.33","7,854.78","112.17K","-0.24%"
"06/27/2017","7,876.37","7,851.93","7,890.63","7,837.23","92.26K","0.80%"
"06/23/2017","7,814.17","7,872.59","7,872.59","7,799.89","94.45K","-0.56%"
"06/22/2017","7,858.34","7,886.59","7,886.59","7,831.82","167.49K","-0.36%"
"06/21/2017","7,886.37","7,921.88","7,921.88","7,851.97","111.13K","-0.40%"
"06/20/2017","7,917.86","7,944.84","7,950.57","7,917.86","103.26K","-0.33%"
"06/19/2017","7,943.75","7,900.72","7,951.08","7,900.72","100.04K","0.78%"
"06/16/2017","7,882.22","7,961.94","7,961.94","7,882.22","427.53K","-1.03%"
"06/15/2017","7,964.49","7,975.43","8,028.22","7,964.49","149.40K","-0.02%"
"06/14/2017","7,966.01","7,933.75","7,966.01","7,901.84","156.20K","0.61%"
"06/13/2017","7,917.89","7,995.98","7,998.76","7,900.11","208.58K","-0.91%"
"06/09/2017","7,990.24","7,961.46","8,026.33","7,956.71","153.61K","0.40%"
"06/08/2017","7,958.63","8,007.04","8,046.63","7,947.71","178.54K","-0.55%"
"06/07/2017","8,002.32","7,964.02","8,018.25","7,964.02","190.67K","0.62%"
"06/06/2017","7,953.12","8,019.20","8,020.10","7,953.12","147.04K","-0.60%"
"06/05/2017","8,001.38","7,954.62","8,040.34","7,954.62","144.05K","1.19%"
"06/02/2017","7,907.66","7,921.40","8,002.32","7,907.66","222.70K","-0.25%"
"06/01/2017","7,927.49","7,835.27","7,936.03","7,835.27","210.14K","1.15%"
"05/31/2017","7,837.12","7,855.98","7,858.20","7,816.61","469.15K","-0.30%"
"05/30/2017","7,860.77","7,891.75","7,897.77","7,850.47","153.43K","-0.32%"
"05/29/2017","7,886.03","7,866.48","7,925.90","7,866.40","173.00K","0.24%"
"05/26/2017","7,867.49","7,870.03","7,885.42","7,858.77","180.99K","-0.05%"
"05/25/2017","7,871.65","7,845.81","7,873.86","7,828.94","135.11K","0.43%"
"05/24/2017","7,837.82","7,788.11","7,837.82","7,761.61","126.35K","0.33%"
"05/23/2017","7,812.14","7,823.03","7,848.14","7,812.14","243.92K","0.07%"
"05/22/2017","7,806.57","7,795.29","7,821.28","7,795.29","192.69K","0.50%"
"05/19/2017","7,767.62","7,755.35","7,767.62","7,738.75","121.00K","0.13%"
"05/18/2017","7,757.69","7,797.52","7,797.52","7,718.96","145.67K","-0.88%"
"05/17/2017","7,826.53","7,805.57","7,842.21","7,803.09","164.85K","0.46%"
"05/16/2017","7,791.07","7,805.53","7,840.68","7,789.13","206.24K","0.23%"
"05/15/2017","7,772.93","7,818.02","7,860.31","7,772.93","151.80K","-0.55%"
"05/12/2017","7,815.53","7,797.84","7,815.53","7,724.37","174.64K","-0.01%"
"05/11/2017","7,816.40","7,798.81","7,863.97","7,773.17","211.07K","0.29%"
"05/10/2017","7,794.17","7,915.06","7,943.72","7,794.17","216.38K","-1.63%"
"05/09/2017","7,923.50","7,980.36","8,018.39","7,913.14","187.60K","-0.49%"
"05/08/2017","7,962.33","7,849.89","7,962.33","7,849.89","242.06K","1.53%"
"05/05/2017","7,841.99","7,753.06","7,908.97","7,742.51","205.44K","1.11%"
"05/04/2017","7,755.75","7,696.22","7,767.91","7,689.20","153.12K","0.96%"
"05/03/2017","7,682.26","7,713.86","7,731.98","7,682.26","129.37K","-0.27%"
"05/02/2017","7,703.10","7,687.29","7,720.33","7,685.54","144.87K","0.55%"
"04/27/2017","7,661.01","7,721.16","7,721.16","7,661.01","124.15K","-0.85%"
"04/26/2017","7,726.45","7,708.85","7,733.78","7,683.47","117.49K","0.34%"
"04/25/2017","7,700.46","7,599.90","7,719.67","7,596.39","176.71K","1.47%"
"04/24/2017","7,588.88","7,585.36","7,599.05","7,565.02","114.20K","0.14%"
"04/21/2017","7,578.16","7,585.04","7,609.65","7,575.34","135.40K","0.19%"
"04/20/2017","7,563.45","7,502.29","7,563.45","7,493.96","190.70K","0.54%"
"04/19/2017","7,522.98","7,586.44","7,591.81","7,502.93","107.12K","-0.87%"
"04/18/2017","7,588.98","7,594.92","7,607.83","7,573.71","108.26K","0.01%"
"04/17/2017","7,588.53","7,615.44","7,621.50","7,584.34","96.78K","-0.54%"
"04/12/2017","7,629.64","7,600.78","7,631.80","7,594.72","163.04K","0.37%"
"04/11/2017","7,601.40","7,615.95","7,645.10","7,588.82","156.04K","-0.22%"
"04/10/2017","7,617.91","7,598.24","7,624.20","7,580.36","173.64K","0.45%"
"04/07/2017","7,583.75","7,559.65","7,667.33","7,553.52","292.33K","0.24%"
"04/06/2017","7,565.32","7,580.24","7,603.90","7,529.47","320.72K","-0.25%"
"04/05/2017","7,584.21","7,478.50","7,584.86","7,476.57","253.00K","1.85%"
"04/04/2017","7,446.49","7,363.88","7,456.26","7,354.57","171.30K","1.43%"
"04/03/2017","7,341.65","7,323.74","7,346.00","7,317.74","157.20K","0.41%"
"03/31/2017","7,311.72","7,336.61","7,340.64","7,301.69","158.07K","-0.28%"
"03/30/2017","7,332.59","7,327.38","7,360.39","7,327.38","172.84K","0.12%"
"03/29/2017","7,324.00","7,320.09","7,354.46","7,310.02","236.89K","-0.10%"
"03/28/2017","7,331.46","7,276.26","7,331.46","7,274.60","161.16K","1.18%"
"03/27/2017","7,245.97","7,268.64","7,276.00","7,222.15","192.00K","-0.33%"
"03/24/2017","7,269.62","7,308.65","7,317.25","7,269.62","208.95K","-0.43%"
"03/23/2017","7,301.03","7,299.89","7,315.89","7,281.85","176.37K","0.64%"
"03/22/2017","7,254.93","7,300.46","7,300.46","7,230.17","218.01K","-0.93%"
"03/21/2017","7,323.31","7,319.92","7,361.44","7,318.19","197.68K","0.09%"
"03/20/2017","7,316.57","7,374.45","7,380.57","7,297.32","156.14K","-0.39%"
"03/17/2017","7,345.02","7,307.01","7,417.76","7,274.68","438.50K","0.91%"
"03/16/2017","7,278.60","7,279.86","7,320.50","7,268.18","117.43K","0.34%"
"03/15/2017","7,253.79","7,268.35","7,275.98","7,214.96","191.31K","-0.11%"
"03/14/2017","7,261.75","7,253.13","7,281.57","7,244.00","148.10K","0.40%"
"03/13/2017","7,233.09","7,213.74","7,238.60","7,202.17","134.06K","1.21%"
"03/10/2017","7,146.27","7,298.18","7,298.74","7,146.27","171.46K","-2.04%"
"03/09/2017","7,295.45","7,298.10","7,326.83","7,295.45","112.03K","0.01%"
"03/08/2017","7,294.56","7,314.42","7,341.58","7,294.56","96.69K","0.00%"
"03/07/2017","7,294.52","7,310.65","7,326.07","7,285.25","143.14K","-0.26%"
"03/06/2017","7,313.87","7,228.92","7,316.57","7,216.12","150.28K","0.92%"
"03/03/2017","7,247.12","7,232.47","7,247.12","7,197.16","100.91K","0.17%"
"03/02/2017","7,234.94","7,183.45","7,244.05","7,183.45","122.34K","0.90%"
"03/01/2017","7,170.70","7,167.89","7,186.48","7,150.61","205.74K","-0.57%"
"02/28/2017","7,212.09","7,239.64","7,245.60","7,152.45","161.33K","-0.28%"
"02/27/2017","7,232.47","7,266.78","7,296.00","7,232.47","94.53K","-0.37%"
"02/24/2017","7,258.99","7,328.95","7,331.72","7,258.99","148.81K","-1.04%"
"02/23/2017","7,335.56","7,312.42","7,339.90","7,290.21","173.83K","0.43%"
"02/22/2017","7,304.45","7,275.51","7,304.45","7,263.20","177.96K","0.30%"
"02/21/2017","7,282.68","7,284.93","7,284.93","7,258.31","99.43K","0.02%"
"02/20/2017","7,281.19","7,252.54","7,281.19","7,252.54","99.73K","0.50%"
"02/17/2017","7,244.79","7,289.63","7,292.62","7,236.91","182.55K","-0.53%"
"02/16/2017","7,283.25","7,176.64","7,293.16","7,176.64","132.94K","1.52%"
"02/15/2017","7,174.30","7,217.24","7,234.40","7,174.30","184.96K","-0.45%"
"02/14/2017","7,206.84","7,279.85","7,282.46","7,206.84","110.85K","-1.20%"
"02/13/2017","7,294.67","7,241.80","7,294.67","7,237.23","86.08K","0.82%"
"02/10/2017","7,235.21","7,257.72","7,265.52","7,196.75","138.53K","-0.24%"
"02/09/2017","7,252.66","7,238.45","7,252.66","7,227.85","109.53K","0.25%"
"02/08/2017","7,234.82","7,277.89","7,286.44","7,221.44","137.07K","-0.38%"
"02/07/2017","7,262.64","7,283.85","7,283.85","7,241.62","118.77K","-0.44%"
"02/06/2017","7,294.40","7,244.31","7,294.40","7,243.65","165.35K","0.94%"
"02/03/2017","7,226.70","7,223.34","7,227.10","7,186.44","140.19K","0.01%"
"02/02/2017","7,225.91","7,228.85","7,282.04","7,208.14","120.51K","-0.02%"
"02/01/2017","7,227.45","7,297.72","7,300.21","7,209.73","89.82K","-0.03%"
"01/31/2017","7,229.66","7,327.90","7,343.93","7,229.66","111.95K","-1.46%"
"01/30/2017","7,336.71","7,350.89","7,376.93","7,336.71","79.50K","0.04%"
"01/27/2017","7,333.67","7,338.22","7,366.04","7,333.67","149.98K","0.01%"
"01/26/2017","7,332.64","7,320.64","7,361.78","7,320.64","148.21K","0.13%"
"01/25/2017","7,323.36","7,383.68","7,398.29","7,323.36","153.15K","-0.64%"
"01/24/2017","7,370.65","7,373.89","7,384.58","7,340.54","180.74K","-0.05%"
"01/23/2017","7,374.35","7,242.62","7,374.35","7,237.33","132.79K","1.96%"
"01/20/2017","7,232.66","7,252.44","7,255.17","7,204.27","128.57K","-0.19%"
"01/19/2017","7,246.08","7,183.99","7,246.08","7,172.19","128.19K","1.25%"
"01/18/2017","7,156.36","7,136.15","7,165.15","7,129.89","91.91K","0.46%"
"01/17/2017","7,123.33","7,244.03","7,244.03","7,123.33","223.34K","-1.59%"
"01/16/2017","7,238.45","7,243.55","7,279.48","7,225.43","104.98K","0.00%"
"01/13/2017","7,238.52","7,256.72","7,270.85","7,227.16","109.44K","-0.36%"
"01/12/2017","7,264.55","7,335.66","7,347.82","7,260.71","127.41K","-0.78%"
"01/11/2017","7,321.82","7,362.24","7,402.54","7,316.78","161.97K","-0.58%"
"01/10/2017","7,364.34","7,278.57","7,371.84","7,276.72","256.70K","1.21%"
"01/09/2017","7,276.34","7,255.18","7,276.34","7,210.80","110.25K","0.39%"
"01/06/2017","7,248.20","7,184.46","7,289.51","7,181.69","205.91K","0.54%"
"01/05/2017","7,209.44","7,051.86","7,279.92","7,049.34","223.92K","2.54%"
"01/04/2017","7,030.95","6,874.68","7,041.06","6,874.68","203.96K","2.47%"
"01/03/2017","6,861.31","6,840.06","6,861.31","6,746.80","56.06K","0.30%"
"12/29/2016","6,840.64","6,846.55","6,855.37","6,797.66","150.75K","-0.08%"
"12/28/2016","6,846.44","6,688.94","6,846.44","6,677.06","102.21K","2.83%"
"12/27/2016","6,658.20","6,579.21","6,658.20","6,575.85","85.57K","1.44%"
"12/23/2016","6,563.67","6,545.53","6,563.67","6,499.00","115.42K","-0.36%"
"12/22/2016","6,587.17","6,664.55","6,676.60","6,564.15","192.99K","-1.48%"
"12/21/2016","6,686.36","6,687.09","6,732.20","6,681.02","155.10K","0.42%"
"12/20/2016","6,658.66","6,707.99","6,710.16","6,589.69","190.67K","-0.83%"
"12/19/2016","6,714.13","6,843.25","6,848.37","6,683.35","133.26K","-1.99%"
"12/16/2016","6,850.71","6,855.24","6,881.21","6,825.32","191.42K","-0.07%"
"12/15/2016","6,855.31","6,891.66","6,891.66","6,837.36","119.53K","-1.05%"
"12/14/2016","6,928.34","6,888.61","6,928.34","6,888.61","119.25K","0.69%"
"12/13/2016","6,880.91","6,874.16","6,880.91","6,799.22","151.51K","0.17%"
"12/12/2016","6,868.89","7,048.74","7,048.74","6,844.84","160.33K","-2.47%"
"12/09/2016","7,043.16","7,044.41","7,045.83","7,018.99","130.40K","0.30%"
"12/08/2016","7,022.38","6,917.88","7,022.38","6,903.91","199.99K","2.27%"
"12/07/2016","6,866.81","6,810.24","6,866.81","6,789.94","92.24K","0.89%"
"12/06/2016","6,806.14","6,808.51","6,835.49","6,751.93","128.25K","0.44%"
"12/05/2016","6,776.41","6,902.51","6,902.51","6,776.41","178.46K","-1.60%"
"12/02/2016","6,886.74","6,880.67","6,902.35","6,834.65","156.90K","0.32%"
"12/01/2016","6,864.87","6,902.14","6,943.20","6,864.87","202.89K","1.23%"
"11/29/2016","6,781.20","6,823.60","6,825.54","6,769.11","241.74K","-0.65%"
"11/28/2016","6,825.40","6,902.09","6,907.09","6,786.26","122.50K","-0.93%"
"11/25/2016","6,889.78","6,884.29","6,904.93","6,845.72","68.63K","0.24%"
"11/24/2016","6,873.31","6,847.07","6,873.31","6,808.17","115.43K","0.54%"
"11/23/2016","6,836.64","6,822.07","6,836.64","6,722.31","132.14K","0.50%"
"11/22/2016","6,802.73","6,973.75","6,973.75","6,802.73","144.83K","-2.53%"
"11/21/2016","6,979.06","7,073.12","7,084.72","6,947.61","67.63K","-1.25%"
"11/18/2016","7,067.73","7,071.24","7,082.60","7,037.58","69.30K","0.25%"
"11/17/2016","7,050.12","6,999.38","7,115.76","6,993.66","112.90K","1.20%"
"11/16/2016","6,966.28","6,900.90","7,001.36","6,900.90","92.97K","1.59%"
"11/15/2016","6,857.15","6,883.11","6,948.61","6,857.15","142.13K","-0.21%"
"11/14/2016","6,871.48","6,939.31","6,945.26","6,865.94","157.42K","-1.49%"
"11/11/2016","6,975.09","7,146.09","7,153.50","6,971.58","183.33K","-2.88%"
"11/10/2016","7,181.87","7,232.50","7,254.27","7,172.65","113.93K","0.88%"
"11/09/2016","7,119.04","7,325.41","7,329.24","7,038.19","146.96K","-2.58%"
"11/08/2016","7,307.80","7,279.03","7,307.80","7,231.57","105.28K","1.54%"
"11/07/2016","7,197.19","7,201.90","7,232.18","7,164.90","106.60K","-0.42%"
"11/04/2016","7,227.37","7,174.40","7,227.37","7,160.61","134.77K","0.93%"
"11/03/2016","7,160.91","7,230.37","7,252.55","7,129.10","188.77K","-1.26%"
"11/02/2016","7,252.40","7,371.68","7,374.57","7,237.34","154.13K","-2.06%"
"10/28/2016","7,404.80","7,442.92","7,447.61","7,317.72","106.18K","-0.54%"
"10/27/2016","7,445.14","7,496.05","7,497.12","7,424.63","121.35K","-0.66%"
"10/26/2016","7,494.41","7,542.36","7,546.87","7,478.55","117.92K","-1.13%"
"10/25/2016","7,580.22","7,599.53","7,624.77","7,580.22","89.85K","-0.38%"
"10/24/2016","7,609.31","7,593.36","7,614.58","7,571.44","94.09K","-0.53%"
"10/21/2016","7,650.22","7,714.18","7,714.18","7,645.40","72.06K","-0.82%"
"10/20/2016","7,713.32","7,705.46","7,720.03","7,656.99","110.54K","-0.11%"
"10/19/2016","7,721.57","7,578.96","7,721.57","7,576.35","183.85K","1.99%"
"10/18/2016","7,571.15","7,361.94","7,571.15","7,357.15","142.86K","2.89%"
"10/17/2016","7,358.21","7,378.76","7,426.56","7,358.21","115.07K","-0.42%"
"10/14/2016","7,389.30","7,321.71","7,403.81","7,321.71","152.61K","1.05%"
"10/13/2016","7,312.18","7,381.58","7,393.86","7,312.18","205.10K","-1.58%"
"10/12/2016","7,429.82","7,494.65","7,495.49","7,393.51","139.76K","-1.21%"
"10/11/2016","7,520.82","7,529.18","7,566.01","7,510.25","106.92K","-0.18%"
"10/10/2016","7,534.71","7,584.46","7,586.36","7,523.97","52.64K","-0.58%"
"10/07/2016","7,578.29","7,621.57","7,628.85","7,550.89","152.14K","-0.55%"
"10/06/2016","7,620.16","7,635.75","7,642.71","7,609.01","88.74K","-0.26%"
"10/05/2016","7,639.79","7,706.66","7,706.66","7,607.08","82.55K","-1.03%"
"10/04/2016","7,719.24","7,670.22","7,719.24","7,666.40","100.28K","0.54%"
"10/03/2016","7,677.73","7,643.34","7,677.73","7,643.34","80.56K","0.63%"
"09/30/2016","7,629.73","7,709.77","7,709.77","7,629.73","105.39K","-1.10%"
"09/29/2016","7,714.86","7,611.04","7,714.86","7,605.42","192.37K","1.69%"
"09/28/2016","7,586.96","7,559.30","7,603.81","7,554.94","86.37K","0.39%"
"09/27/2016","7,557.34","7,627.00","7,627.00","7,538.00","125.92K","-0.98%"
"09/26/2016","7,632.46","7,715.32","7,715.32","7,615.45","93.86K","-1.18%"
"09/23/2016","7,723.60","7,768.31","7,781.93","7,692.99","119.53K","-0.50%"
"09/22/2016","7,762.35","7,714.05","7,770.37","7,712.29","137.71K","1.13%"
"09/21/2016","7,675.42","7,686.26","7,686.26","7,632.25","126.89K","0.05%"
"09/20/2016","7,671.72","7,590.19","7,671.72","7,590.19","112.37K","1.27%"
"09/19/2016","7,575.84","7,570.64","7,576.84","7,519.81","89.01K","0.29%"
"09/16/2016","7,553.76","7,683.67","7,683.67","7,549.32","181.65K","-2.01%"
"09/15/2016","7,708.42","7,537.14","7,708.42","7,510.62","117.56K","2.15%"
"09/14/2016","7,546.01","7,526.30","7,546.01","7,493.64","175.12K","-0.06%"
"09/13/2016","7,550.27","7,569.99","7,571.01","7,527.76","142.74K","-0.42%"
"09/09/2016","7,581.79","7,678.75","7,678.90","7,581.79","117.15K","-1.11%"
"09/08/2016","7,667.07","7,588.78","7,667.62","7,536.07","203.06K","0.63%"
"09/07/2016","7,619.10","7,723.14","7,723.14","7,597.32","304.27K","-1.30%"
"09/06/2016","7,719.18","7,769.69","7,771.75","7,697.41","131.89K","-0.58%"
"09/05/2016","7,764.05","7,780.14","7,807.93","7,747.06","96.91K","-0.56%"
"09/02/2016","7,807.42","7,769.92","7,829.70","7,769.92","126.42K","0.44%"
"09/01/2016","7,773.31","7,775.78","7,780.39","7,646.30","231.92K","-0.18%"
"08/31/2016","7,787.37","7,770.79","7,802.81","7,707.38","230.50K","-0.10%"
"08/30/2016","7,794.93","7,863.15","7,863.15","7,719.14","243.56K","-0.64%"
"08/26/2016","7,845.49","7,849.61","7,849.61","7,804.28","201.76K","-0.12%"
"08/25/2016","7,854.54","7,870.43","7,870.43","7,839.60","145.52K","-0.15%"
"08/24/2016","7,866.13","7,938.70","7,938.70","7,830.41","167.74K","-0.87%"
"08/23/2016","7,935.18","7,963.10","7,966.33","7,912.95","120.92K","-0.58%"
"08/22/2016","7,981.21","7,938.61","7,981.21","7,934.98","111.00K","0.64%"
"08/19/2016","7,930.75","7,959.50","7,964.86","7,916.67","172.21K","-0.28%"
"08/18/2016","7,952.81","7,948.30","7,993.96","7,936.30","128.65K","0.08%"
"08/17/2016","7,946.19","7,999.81","8,002.28","7,930.39","193.90K","-0.47%"
"08/16/2016","7,983.38","7,969.23","7,983.38","7,944.39","170.97K","0.29%"
"08/15/2016","7,960.17","7,949.64","7,960.17","7,894.56","160.50K","0.05%"
"08/12/2016","7,955.86","8,020.84","8,030.94","7,932.88","186.51K","-0.32%"
"08/11/2016","7,981.35","8,058.88","8,058.88","7,970.97","215.94K","-0.87%"
"08/10/2016","8,051.40","8,053.42","8,059.03","8,019.64","164.31K","-0.05%"
"08/09/2016","8,055.06","8,012.76","8,064.02","8,006.94","193.32K","0.77%"
"08/08/2016","7,993.58","7,990.15","7,993.58","7,957.04","129.43K","0.29%"
"08/05/2016","7,970.35","7,986.32","7,987.17","7,955.67","80.07K","-0.10%"
"08/04/2016","7,978.57","7,909.11","7,978.57","7,907.44","110.31K","1.14%"
"08/03/2016","7,888.44","8,027.27","8,027.27","7,848.73","145.60K","-1.86%"
"08/02/2016","8,037.78","8,075.13","8,075.13","8,010.63","140.06K","-0.40%"
"08/01/2016","8,069.81","8,006.72","8,078.98","8,006.72","98.48K","1.34%"
"07/29/2016","7,963.11","8,021.22","8,064.01","7,963.11","131.58K","-0.77%"
"07/28/2016","8,024.98","8,107.23","8,107.23","7,977.29","141.70K","-0.93%"
"07/27/2016","8,100.48","8,046.07","8,100.48","8,044.92","177.46K","0.95%"
"07/26/2016","8,024.54","8,061.96","8,092.96","8,024.54","172.32K","-0.31%"
"07/25/2016","8,049.13","8,065.54","8,114.34","8,038.11","152.70K","0.30%"
"07/22/2016","8,025.35","8,103.45","8,118.44","8,025.35","140.41K","-0.95%"
"07/21/2016","8,102.30","8,050.26","8,102.30","8,023.31","170.22K","0.63%"
"07/20/2016","8,051.97","8,034.76","8,051.97","8,023.28","113.44K","0.20%"
"07/19/2016","8,036.01","8,001.12","8,036.01","7,999.07","144.74K","0.62%"
"07/18/2016","7,986.25","8,024.48","8,024.48","7,969.35","86.07K","-0.55%"
"07/15/2016","8,030.06","7,968.63","8,037.41","7,968.63","185.62K","0.93%"
"07/14/2016","7,956.14","7,953.39","7,964.07","7,905.88","146.08K","0.15%"
"07/13/2016","7,944.02","7,951.05","8,005.73","7,944.02","314.86K","0.08%"
"07/12/2016","7,937.95","7,881.54","7,937.95","7,880.31","239.19K","0.92%"
"07/11/2016","7,865.27","7,830.50","7,890.56","7,827.51","200.35K","1.21%"
"07/08/2016","7,771.52","7,752.62","7,774.39","7,752.02","183.31K","0.23%"
"07/07/2016","7,753.46","7,816.26","7,818.67","7,748.87","138.20K","-0.70%"
"07/05/2016","7,808.13","7,872.96","7,910.88","7,797.94","200.05K","-0.49%"
"07/04/2016","7,846.54","7,856.67","7,879.66","7,832.13","122.41K","0.21%"
"07/01/2016","7,830.35","7,811.20","7,878.52","7,811.20","141.74K","0.44%"
"06/30/2016","7,796.25","7,819.14","7,980.75","7,768.44","307.91K","-0.03%"
"06/29/2016","7,798.53","7,715.40","7,798.53","7,714.18","144.24K","1.72%"
"06/28/2016","7,666.69","7,711.88","7,711.88","7,651.34","96.76K","-0.64%"
"06/27/2016","7,715.90","7,571.33","7,715.90","7,488.51","157.60K","1.13%"
"06/24/2016","7,629.72","7,771.75","7,813.58","7,538.18","223.29K","-1.29%"
"06/23/2016","7,729.78","7,761.38","7,763.05","7,711.56","143.66K","-0.34%"
"06/22/2016","7,756.37","7,767.44","7,777.60","7,756.37","166.99K","-0.14%"
"06/21/2016","7,767.23","7,701.90","7,781.17","7,700.69","214.87K","1.33%"
"06/20/2016","7,665.33","7,632.10","7,678.08","7,624.08","152.21K","0.57%"
"06/17/2016","7,622.07","7,607.95","7,656.33","7,607.95","127.34K","0.76%"
"06/16/2016","7,564.47","7,516.08","7,576.82","7,513.42","120.33K","0.84%"
"06/15/2016","7,501.65","7,455.11","7,521.60","7,451.56","121.28K","0.56%"
"06/14/2016","7,460.12","7,516.68","7,516.68","7,414.37","109.17K","-1.25%"
"06/13/2016","7,554.40","7,510.31","7,554.40","7,407.22","165.98K","0.59%"
"06/10/2016","7,509.94","7,567.74","7,616.94","7,509.94","155.46K","-0.35%"
"06/09/2016","7,536.65","7,725.55","7,725.55","7,536.65","109.12K","-2.41%"
"06/08/2016","7,722.79","7,724.26","7,792.34","7,722.79","195.88K","0.16%"
"06/07/2016","7,710.54","7,645.35","7,744.54","7,634.38","272.59K","1.48%"
"06/06/2016","7,598.22","7,549.87","7,606.85","7,535.51","142.87K","1.12%"
"06/03/2016","7,514.22","7,511.71","7,533.48","7,497.53","133.08K","0.66%"
"06/02/2016","7,464.59","7,506.78","7,553.60","7,464.59","143.18K","-0.48%"
"06/01/2016","7,500.79","7,447.27","7,507.47","7,434.55","130.15K","1.34%"
"05/31/2016","7,401.60","7,478.89","7,519.17","7,401.60","212.77K","-0.84%"
"05/30/2016","7,464.34","7,409.01","7,465.23","7,409.01","119.97K","0.71%"
"05/27/2016","7,411.68","7,393.87","7,430.93","7,373.96","157.30K","0.48%"
"05/26/2016","7,376.38","7,438.89","7,454.51","7,354.17","116.64K","-1.17%"
"05/25/2016","7,463.95","7,396.00","7,466.72","7,396.00","172.62K","1.46%"
"05/24/2016","7,356.72","7,309.03","7,363.96","7,304.56","125.05K","0.68%"
"05/23/2016","7,306.69","7,320.65","7,351.07","7,306.69","97.15K","0.10%"
"05/20/2016","7,299.03","7,390.91","7,395.60","7,295.28","114.06K","-1.73%"
"05/19/2016","7,427.33","7,539.25","7,539.25","7,427.33","126.31K","-1.42%"
"05/18/2016","7,534.30","7,531.58","7,542.83","7,487.68","199.18K","0.13%"
"05/17/2016","7,524.84","7,525.61","7,568.82","7,513.40","218.75K","0.17%"
"05/16/2016","7,511.74","7,382.43","7,527.11","7,382.43","184.35K","1.01%"
"05/13/2016","7,436.79","7,368.93","7,517.95","7,352.03","278.44K","1.53%"
"05/12/2016","7,325.04","7,399.79","7,399.79","7,310.10","161.40K","-0.97%"
"05/11/2016","7,396.52","7,227.55","7,423.52","7,227.55","299.83K","3.09%"
"05/10/2016","7,174.88","6,966.35","7,174.88","6,941.42","235.05K","2.62%"
"05/06/2016","6,991.87","6,976.36","7,003.03","6,961.65","137.12K","-0.11%"
"05/05/2016","6,999.75","7,007.63","7,011.28","6,986.86","108.42K","-1.16%"
"05/04/2016","7,081.86","7,049.64","7,081.86","6,982.32","83.91K","0.50%"
"05/03/2016","7,046.57","7,064.46","7,098.48","7,046.57","122.30K","-0.10%"
"05/02/2016","7,053.88","7,106.35","7,124.26","6,980.18","129.67K","-1.47%"
"04/29/2016","7,159.29","7,162.49","7,162.49","7,122.76","106.33K","-0.05%"
"04/28/2016","7,162.56","7,199.98","7,220.66","7,158.63","111.45K","-0.25%"
"04/27/2016","7,180.53","7,192.07","7,201.00","7,137.78","129.11K","-0.44%"
"04/26/2016","7,211.92","7,245.63","7,249.86","7,202.00","103.60K","-0.53%"
"04/25/2016","7,250.13","7,260.04","7,267.44","7,227.25","90.23K","-0.07%"
"04/22/2016","7,255.39","7,253.30","7,272.42","7,235.03","111.19K","-0.03%"
"04/21/2016","7,257.85","7,212.66","7,257.85","7,194.08","121.82K","0.78%"
"04/20/2016","7,201.37","7,212.41","7,229.70","7,189.53","108.34K","-0.19%"
"04/19/2016","7,215.09","7,244.69","7,264.49","7,183.28","111.10K","-0.39%"
"04/18/2016","7,243.40","7,313.58","7,313.58","7,235.79","80.44K","-1.06%"
"04/15/2016","7,321.30","7,360.83","7,363.04","7,303.29","78.24K","-0.49%"
"04/14/2016","7,357.28","7,340.53","7,374.96","7,338.41","182.35K","0.22%"
"04/13/2016","7,341.00","7,324.02","7,343.29","7,318.37","186.01K","0.47%"
"04/12/2016","7,306.56","7,295.12","7,306.56","7,276.52","103.94K","0.21%"
"04/11/2016","7,291.43","7,252.01","7,291.43","7,252.01","75.10K","0.61%"
"04/08/2016","7,247.20","7,217.38","7,247.20","7,189.09","107.51K","0.20%"
"04/07/2016","7,232.97","7,204.36","7,239.22","7,199.96","93.80K","0.73%"
"04/06/2016","7,180.55","7,223.08","7,223.08","7,171.13","127.33K","-0.54%"
"04/05/2016","7,219.23","7,269.50","7,269.83","7,215.94","94.20K","-0.49%"
"04/04/2016","7,254.53","7,245.70","7,302.62","7,235.90","76.58K","0.13%"
"04/01/2016","7,245.13","7,273.88","7,285.63","7,205.62","84.46K","-0.24%"
"03/31/2016","7,262.30","7,329.63","7,357.96","7,229.00","144.59K","-0.51%"
"03/30/2016","7,299.23","7,299.44","7,362.60","7,293.63","198.83K","0.34%"
"03/29/2016","7,274.40","7,323.93","7,339.08","7,264.69","110.96K","-0.82%"
"03/28/2016","7,334.52","7,355.59","7,359.23","7,303.73","80.78K","-0.35%"
"03/23/2016","7,360.05","7,307.48","7,360.05","7,262.69","108.72K","0.25%"
"03/22/2016","7,342.03","7,372.66","7,383.30","7,295.67","161.42K","-0.47%"
"03/21/2016","7,376.41","7,346.76","7,412.33","7,346.76","166.10K","0.95%"
"03/18/2016","7,306.74","7,229.73","7,318.49","7,227.14","188.06K","1.33%"
"03/17/2016","7,210.90","7,114.31","7,210.90","7,110.27","122.71K","2.06%"
"03/16/2016","7,065.39","7,146.76","7,156.28","7,065.39","131.22K","-1.16%"
"03/15/2016","7,148.26","7,140.65","7,207.93","7,140.23","145.03K","0.50%"
"03/14/2016","7,112.89","7,161.09","7,204.61","7,112.89","137.57K","0.20%"
"03/11/2016","7,098.64","7,002.06","7,119.86","7,002.06","173.36K","0.72%"
"03/10/2016","7,048.08","6,938.11","7,052.25","6,936.54","142.97K","1.44%"
"03/09/2016","6,948.18","6,914.33","6,951.04","6,889.63","174.86K","0.47%"
"03/08/2016","6,915.51","6,897.25","6,915.51","6,840.05","96.37K","0.33%"
"03/07/2016","6,892.69","6,949.20","6,955.91","6,871.83","117.55K","-0.09%"
"03/04/2016","6,899.07","6,973.90","6,987.22","6,899.07","130.22K","-0.92%"
"03/03/2016","6,963.44","6,886.28","6,988.68","6,883.94","314.81K","1.18%"
"03/02/2016","6,882.45","6,781.43","6,882.45","6,781.43","244.77K","2.27%"
"03/01/2016","6,729.53","6,670.75","6,731.33","6,661.68","115.25K","0.88%"
"02/29/2016","6,671.04","6,777.05","6,818.04","6,671.04","131.97K","-1.48%"
"02/26/2016","6,771.30","6,731.40","6,773.03","6,728.65","119.62K","0.03%"
"02/24/2016","6,769.26","6,812.41","6,812.41","6,713.81","102.79K","-0.73%"
"02/23/2016","6,819.34","6,795.73","6,829.12","6,795.73","130.14K","0.53%"
"02/22/2016","6,783.08","6,792.54","6,799.32","6,773.83","104.91K","-0.13%"
"02/19/2016","6,792.06","6,844.96","6,844.96","6,789.10","184.28K","-0.83%"
"02/18/2016","6,848.87","6,781.47","6,848.87","6,778.93","196.79K","1.36%"
"02/17/2016","6,756.82","6,776.63","6,779.30","6,727.93","127.79K","0.19%"
"02/16/2016","6,743.95","6,718.05","6,777.43","6,718.05","240.58K","0.77%"
"02/15/2016","6,692.58","6,684.54","6,711.74","6,680.62","158.35K","0.57%"
"02/12/2016","6,654.45","6,623.96","6,677.48","6,607.46","147.75K","-0.13%"
"02/11/2016","6,663.43","6,633.28","6,674.70","6,610.89","111.77K","0.39%"
"02/10/2016","6,637.48","6,609.79","6,637.48","6,550.12","83.88K","0.00%"
"02/09/2016","6,637.43","6,723.20","6,723.20","6,637.43","111.61K","-1.89%"
"02/05/2016","6,765.13","6,664.18","6,769.08","6,664.18","218.65K","1.69%"
"02/04/2016","6,652.83","6,553.63","6,652.83","6,553.63","182.01K","2.01%"
"02/03/2016","6,521.48","6,604.29","6,604.29","6,521.20","150.47K","-1.82%"
"02/02/2016","6,642.45","6,619.68","6,653.12","6,619.68","141.97K","-0.88%"
"02/01/2016","6,701.36","6,705.52","6,736.87","6,650.97","185.65K","0.21%"
"01/29/2016","6,687.62","6,590.07","6,687.62","6,589.29","247.45K","1.89%"
"01/28/2016","6,563.38","6,495.57","6,564.66","6,447.61","250.42K","0.86%"
"01/27/2016","6,507.22","6,344.06","6,507.22","6,344.06","215.47K","3.10%"
"01/26/2016","6,311.60","6,317.24","6,362.67","6,258.88","158.16K","-1.90%"
"01/25/2016","6,434.08","6,299.60","6,434.08","6,287.25","209.65K","3.64%"
"01/22/2016","6,208.05","6,116.32","6,208.05","6,116.15","291.97K","2.03%"
"01/21/2016","6,084.28","6,212.41","6,213.88","6,084.28","234.02K","-2.80%"
"01/20/2016","6,259.61","6,348.62","6,374.50","6,253.88","218.44K","-1.53%"
"01/19/2016","6,357.05","6,348.03","6,376.25","6,311.66","112.46K","0.35%"
"01/18/2016","6,335.09","6,327.70","6,348.37","6,276.10","183.62K","-1.77%"
"01/15/2016","6,449.50","6,462.07","6,510.40","6,449.50","109.58K","0.64%"
"01/14/2016","6,408.76","6,395.87","6,433.70","6,346.00","134.47K","-1.31%"
"01/13/2016","6,494.13","6,371.94","6,506.91","6,371.94","195.31K","2.58%"
"01/12/2016","6,330.55","6,322.87","6,433.75","6,322.87","119.01K","0.67%"
"01/11/2016","6,288.26","6,523.28","6,523.28","6,288.26","193.64K","-4.37%"
"01/08/2016","6,575.43","6,588.08","6,651.00","6,555.45","137.45K","-0.66%"
"01/07/2016","6,618.88","6,823.37","6,823.37","6,618.88","136.63K","-2.86%"
"01/06/2016","6,813.90","6,846.99","6,870.56","6,813.90","94.12K","-0.31%"
"01/05/2016","6,835.13","6,823.92","6,863.75","6,785.72","86.20K","0.03%"
"01/04/2016","6,833.42","6,954.27","6,957.24","6,833.42","51.49K","-1.71%"